RegionID,city_state,latitude,longitude
23482,"Anchorage, AK",61.216312,-149.89485
38465,"Fairbanks, AK",64.837845,-147.71667
48346,"Wasilla, AK",61.58242,-149.44257
36906,"Palmer, AK",61.59957,-149.11108
38268,"Eagle River, AK",61.270027,-149.3864
5365,"Juneau, AK",58.30196,-134.41968
29910,"North Pole, AK",64.751,-147.34932
32296,"Ketchikan, AK",55.34307,-131.64668
56812,"Soldotna, AK",60.484722,-151.06535
52742,"Kenai, AK",60.554443,-151.25833
102387,"Meadow Lakes, AK",61.62472,-149.6011
39281,"Kodiak, AK",57.790165,-152.40671
13863,"Sitka, AK",57.408607,-135.45963
44592,"Chugiak, AK",61.373676,-149.4949
21909,"Homer, AK",59.645405,-151.54457
54367,"Seward, AK",60.101395,-149.44043
15712,"Petersburg, AK",56.768795,-132.8801
102210,"Fox River, AK",59.860657,-150.98181
44902,"Delta Junction, AK",64.037346,-145.73216
102155,"Diamond Ridge, AK",59.70314,-151.55504
11775,"Haines, AK",59.083122,-135.34306
9330,"Talkeetna, AK",62.267643,-150.02953
14660,"Willow, AK",61.805046,-149.73679
27644,"Valdez, AK",61.12994,-146.34937
31042,"Cordova, AK",60.54434,-145.7595
29803,"Sterling, AK",60.536236,-150.85648
34919,"Wrangell, AK",56.470604,-132.38295
7336,"Sutton, AK",61.711388,-148.89417
54366,"Seldovia, AK",59.439205,-151.71391
28124,"Anchor Point, AK",59.76833,-151.67702
18620,"Hope, AK",60.896473,-149.62202
6035,"Moose Pass, AK",60.49174,-149.41402
40023,"Ninilchik, AK",60.08176,-151.36821
28849,"Kasilof, AK",60.330143,-151.23663
102559,"Saxman, AK",55.318333,-131.59584
50871,"Barrow, AK",71.290535,-156.78844
36537,"Salcha, AK",64.5388,-146.92656
31026,"Cooper Landing, AK",60.495445,-149.84778
10832,"Clam Gulch, AK",60.20799,-151.39017
102287,"Kachemak City, AK",59.674664,-151.4321
32900,"Mobile, AL",30.691347,-88.043755
10417,"Birmingham, AL",33.520683,-86.80243
12014,"Huntsville, AL",34.729847,-86.5859
32931,"Montgomery, AL",32.37742,-86.309166
14208,"Tuscaloosa, AL",33.20956,-87.56753
25179,"Hoover, AL",33.350292,-86.85112
24414,"Dothan, AL",31.223728,-85.39344
25704,"Madison, AL",34.77368,-86.56751
16838,"Auburn, AL",32.609856,-85.48078
4317,"Decatur, AL",34.60602,-86.98382
6487,"Phenix City, AL",32.470978,-85.00076
11455,"Florence, AL",34.79981,-87.67725
23533,"Athens, AL",34.80455,-86.97117
54001,"Prattville, AL",32.460014,-86.47532
26215,"Northport, AL",33.229298,-87.577126
46904,"Opelika, AL",32.645412,-85.37828
16997,"Bessemer, AL",33.401775,-86.95444
18225,"Gadsden, AL",34.012833,-86.00303
51616,"Cullman, AL",34.133533,-86.87793
38406,"Enterprise, AL",31.31517,-85.85522
24739,"Foley, AL",30.406588,-87.68359
4660,"Fairhope, AL",30.523165,-87.90285
14382,"Vestavia Hills, AL",33.4488,-86.78795
8332,"Albertville, AL",34.267593,-86.20887
12105,"Jasper, AL",33.83122,-87.277504
23492,"Anniston, AL",33.662483,-85.82832
48463,"Wetumpka, AL",32.53787,-86.204544
43839,"Alabaster, AL",33.24428,-86.816376
14948,"Daphne, AL",30.603525,-87.9036
16172,"Trussville, AL",33.619625,-86.60844
56933,"Harvest, AL",34.855873,-86.74912
7365,"Talladega, AL",33.39671,-86.15971
53849,"Pell City, AL",33.586216,-86.28609
45794,"Homewood, AL",33.47371,-86.80845
35744,"Hartselle, AL",34.443428,-86.93529
34212,"Sylacauga, AL",33.170483,-86.25141
35381,"Helena, AL",33.296223,-86.8436
26027,"Mountain Brook, AL",33.501945,-86.755684
3732,"Boaz, AL",34.19833,-86.16494
41216,"Theodore, AL",30.546368,-88.20239
20417,"Semmes, AL",30.778688,-88.25884
18164,"Fort Payne, AL",34.444256,-85.71969
52663,"Jacksonville, AL",33.813793,-85.761284
56159,"Ozark, AL",31.458477,-85.64059
6983,"Scottsboro, AL",34.673134,-86.033875
34362,"Tuscumbia, AL",34.7312,-87.70253
26624,"Prichard, AL",30.7388,-88.07889
3562,"Bay Minette, AL",30.882963,-87.77305
50672,"Alexander City, AL",32.94401,-85.95385
30906,"Clanton, AL",32.839203,-86.63092
30290,"Atmore, AL",31.023792,-87.49387
42732,"Pelham, AL",33.285667,-86.80999
57253,"Guntersville, AL",34.358147,-86.2947
23257,"Oxford, AL",33.61492,-85.83394
35035,"Deatsville, AL",32.60819,-86.395805
26049,"Muscle Shoals, AL",34.74368,-87.65326
19437,"Montevallo, AL",33.100674,-86.86416
44402,"Calera, AL",33.103504,-86.75057
26348,"Owens Cross Roads, AL",34.588146,-86.45888
9273,"Valley, AL",32.81874,-85.17938
44519,"Center Point, AL",33.645657,-86.6836
18411,"Gulf Shores, AL",30.271122,-87.689384
13630,"Russellville, AL",34.504265,-87.733284
35038,"Arab, AL",34.31815,-86.49582
50142,"Spanish Fort, AL",30.67545,-87.90403
53328,"Millbrook, AL",32.47986,-86.361916
37845,"Chelsea, AL",33.34011,-86.630264
11667,"Grand Bay, AL",30.472216,-88.34655
26484,"Piedmont, AL",44.834953,8.74503
27777,"Warrior, AL",33.81427,-86.80944
35557,"Eufaula, AL",31.891272,-85.145485
35388,"Killen, AL",34.862865,-87.53753
41289,"Troy, AL",31.808767,-85.96995
6798,"Robertsdale, AL",30.555296,-87.71095
14079,"Tallassee, AL",32.53486,-85.892296
13286,"Pike Road, AL",32.28431,-86.10302
11847,"Hazel Green, AL",34.926434,-86.56676
27029,"Selma, AL",32.407864,-87.020744
35809,"Moulton, AL",34.48178,-87.29195
26971,"Saraland, AL",30.820742,-88.07056
22177,"Moody, AL",33.590935,-86.490814
31697,"Gardendale, AL",33.660103,-86.81277
11724,"Greenville, AL",31.829597,-86.61775
39533,"Loxley, AL",30.618248,-87.753044
52592,"Hueytown, AL",33.45122,-86.99666
106858,"Smiths Station, AL",32.54014,-85.09855
56013,"Hanceville, AL",34.06233,-86.7627
42304,"Leeds, AL",33.543922,-86.542755
23540,"Attalla, AL",34.021763,-86.088585
12066,"Irvington, AL",34.639812,-86.92918
55892,"Lanett, AL",32.86874,-85.1905
6167,"New Market, AL",34.895763,-86.41504
13972,"Springville, AL",33.7751,-86.47165
45129,"Elkmont, AL",34.928974,-86.97389
21318,"Wilmer, AL",30.823242,-88.3614
36819,"Cottondale, AL",33.199806,-87.45302
40131,"Odenville, AL",33.677322,-86.396645
43702,"Haleyville, AL",34.226486,-87.621414
18509,"Hayden, AL",33.8926,-86.757774
44702,"Columbiana, AL",33.178173,-86.60721
33694,"Roanoke, AL",33.15224,-85.37482
25283,"Jackson, AL",34.769245,-85.98679
11414,"Fayette, AL",33.73035,-87.741905
53384,"Monroeville, AL",31.527822,-87.32463
26926,"Salem, AL",32.5968,-85.238556
35579,"Fairfield, AL",33.491684,-86.91503
11785,"Hamilton, AL",34.142086,-87.98902
54046,"Rainbow City, AL",33.954914,-86.04141
36927,"Pleasant Grove, AL",33.49094,-86.97027
24557,"Elba, AL",31.41461,-86.067726
13571,"Rogersville, AL",34.82562,-87.29453
47656,"Sheffield, AL",34.765087,-87.69864
32219,"Jemison, AL",32.95964,-86.74521
44533,"Centre, AL",34.152042,-85.678856
50229,"Lincoln, AL",33.61316,-86.11831
48822,"Citronelle, AL",31.093784,-88.23428
42454,"Gurley, AL",34.701756,-86.37582
43800,"Elberta, AL",30.414413,-87.59815
106626,"Saks, AL",33.711918,-85.84783
36638,"Irondale, AL",33.53816,-86.70721
38480,"Falkville, AL",34.36843,-86.908615
21783,"Headland, AL",31.351284,-85.342155
43344,"Fultondale, AL",33.60546,-86.80245
44838,"Dadeville, AL",32.831238,-85.76357
12850,"Moundville, AL",32.997623,-87.630005
23002,"Heflin, AL",33.648994,-85.587456
51688,"Demopolis, AL",32.51783,-87.83682
11495,"Fort Mitchell, AL",32.341537,-85.0216
34074,"Southside, AL",33.92454,-86.02247
4263,"Crossville, AL",34.287594,-85.99414
10191,"Ashville, AL",33.83692,-86.25498
53274,"Meridianville, AL",34.870323,-86.57136
31965,"Hartford, AL",31.101967,-85.69776
5646,"Lineville, AL",33.31067,-85.7544
38561,"Forestdale, AL",33.574097,-86.889915
33401,"Phil Campbell, AL",34.351643,-87.70538
56909,"Greensboro, AL",32.704575,-87.59584
44535,"Centreville, AL",32.94457,-87.1386
27471,"Trinity, AL",34.60676,-87.08835
105065,"Lake Purdy, AL",33.43469,-86.683075
44695,"Collinsville, AL",34.26483,-85.86086
6096,"Munford, AL",33.529827,-85.9508
40137,"Ohatchee, AL",33.783432,-86.00247
54794,"Union Springs, AL",32.14475,-85.716095
57092,"Clay, AL",33.24234,-85.81965
43878,"Altoona, AL",34.025608,-86.32588
56112,"Orange Beach, AL",30.294369,-87.57359
30870,"Chickasaw, AL",30.7638,-88.07472
54661,"Tarrant, AL",33.58344,-86.772766
10031,"Abbeville, AL",31.57021,-85.25033
36079,"Pinson, AL",33.68899,-86.68332
17929,"Eight Mile, AL",30.763521,-88.126945
42350,"Evergreen, AL",31.4335,-86.95692
15976,"Satsuma, AL",30.853241,-88.056114
20707,"Summerdale, AL",30.487696,-87.69971
29546,"Weaver, AL",33.752045,-85.811356
47702,"Silverhill, AL",30.545471,-87.751656
24909,"Gordo, AL",33.320118,-87.902794
57005,"Laceys Spring, AL",34.53426,-86.60416
10040,"Adamsville, AL",33.60094,-86.95611
48065,"Tuskegee, AL",32.424053,-85.69087
6330,"Opp, AL",31.282122,-86.25584
5475,"Lafayette, AL",32.89985,-85.40106
31276,"Duncanville, AL",33.061787,-87.44222
53438,"Mount Olive, AL",33.684635,-86.87547
39777,"Midfield, AL",33.461582,-86.90861
105611,"Moores Mill, AL",34.854126,-86.52115
37137,"Andalusia, AL",31.308062,-86.48242
7827,"West Blocton, AL",33.118176,-87.12499
31043,"Cordova, AL",33.75967,-87.18317
34534,"Vance, AL",33.174286,-87.23361
12979,"Newton, AL",31.339327,-85.60505
8211,"Chunchula, AL",30.924269,-88.2073
16664,"Eclectic, AL",32.63541,-86.03441
38374,"Elmore, AL",32.580124,-86.1252
43223,"Town Creek, AL",34.681202,-87.406136
11623,"Glencoe, AL",33.957043,-85.93247
38132,"Danville, AL",34.41454,-87.08751
21328,"Wilsonville, AL",33.23428,-86.48359
11588,"Geneva, AL",31.086294,-85.80302
6122,"Nauvoo, AL",33.98955,-87.48891
3938,"Camden, AL",31.990982,-87.29054
11692,"Grayson Valley, AL",33.648563,-86.6394
28648,"Grant, AL",34.527134,-86.252975
57107,"Ardmore, AL",34.984856,-86.838326
38680,"Georgiana, AL",31.637102,-86.74192
44672,"Coker, AL",33.245953,-87.68779
45715,"Henagar, AL",34.635082,-85.7672
54556,"Stevenson, AL",34.868694,-85.83942
8258,"Clayton, AL",31.878216,-85.44966
14682,"Winfield, AL",33.92819,-87.8163
25619,"Livingston, AL",32.58416,-88.18729
38219,"Double Springs, AL",34.146492,-87.40224
34384,"Union Grove, AL",34.40176,-86.44915
49898,"Sulligent, AL",33.900566,-88.13354
21764,"Berry, AL",33.659832,-87.600006
39633,"Marion, AL",34.112812,-87.8544
12360,"Leighton, AL",34.700924,-87.528915
24306,"Daleville, AL",31.310171,-85.71299
28203,"Ashland, AL",33.273727,-85.836075
39978,"New Hope, AL",34.537033,-86.39443
6675,"Rainsville, AL",34.494255,-85.84775
6518,"Pisgah, AL",34.680916,-85.847755
44300,"Brewton, AL",31.103924,-87.072266
3798,"Brent, AL",32.937347,-87.16472
49277,"Grove Hill, AL",31.708769,-87.77722
25365,"Kellyton, AL",32.979843,-86.03358
19472,"Morris, AL",33.747723,-86.809135
14372,"Verbena, AL",32.74985,-86.51137
31578,"Florala, AL",31.00518,-86.328
37171,"Arley, AL",34.080044,-87.21257
12745,"Millry, AL",31.63405,-88.31335
3352,"Alexandria, AL",44.913044,8.615487
3842,"Brookwood, AL",33.255672,-87.32083
10001,"Blountsville, AL",34.081486,-86.5911
32605,"Luverne, AL",31.716545,-86.26385
23948,"Carbon Hill, AL",33.888824,-87.52948
45787,"Holly Pond, AL",34.174263,-86.61638
56171,"Red Bay, AL",34.440945,-88.14322
3947,"Camp Hill, AL",32.800407,-85.653564
11935,"Hokes Bluff, AL",33.998154,-85.866356
14705,"Woodland, AL",33.374283,-85.39967
51558,"Cottonwood, AL",31.052063,-85.302765
21034,"Valley Grande, AL",32.50902,-86.98749
36802,"Millport, AL",33.563446,-88.08141
6426,"Parrish, AL",33.73341,-87.28133
35072,"Ariton, AL",31.600166,-85.71883
21064,"Vernon, AL",33.757053,-88.10892
35412,"Kinston, AL",31.216005,-86.17106
29638,"Lexington, AL",34.96925,-87.37113
45281,"Flat Rock, AL",33.282078,-85.63977
43683,"Fosters, AL",33.094845,-87.685844
55073,"Wedowee, AL",33.309006,-85.48467
20091,"Ragland, AL",33.743465,-86.15631
8315,"Butler, AL",31.734072,-86.675476
11361,"Eutaw, AL",32.840683,-87.88751
15563,"Mount Vernon, AL",31.085178,-88.013336
54983,"Vincent, AL",33.38593,-86.410934
42276,"Hope Hull, AL",32.269863,-86.35719
42463,"Dozier, AL",31.49211,-86.36496
52960,"Lillian, AL",30.40985,-87.439606
26090,"New Brockton, AL",31.385723,-85.92938
53309,"Midland City, AL",31.318789,-85.4939
10594,"Bryant, AL",34.94369,-85.63219
41789,"Woodstock, AL",33.206783,-87.149994
45409,"Gaylesville, AL",34.268425,-85.55691
48766,"Cherokee, AL",34.114254,-85.60045
37551,"Brantley, AL",31.582384,-86.25718
9653,"Jacksons Gap, AL",32.88624,-85.81163
43116,"Section, AL",34.578976,-85.98664
6992,"Seale, AL",32.29737,-85.16882
51132,"Bridgeport, AL",34.947582,-85.71442
26941,"Samson, AL",31.110893,-86.04763
18023,"Eva, AL",34.332317,-86.75889
22316,"Marion Junction, AL",32.43736,-87.238884
49682,"Letohatchee, AL",32.12959,-86.48581
51125,"Bremen, AL",33.994545,-86.97
21823,"Kimberly, AL",33.773434,-86.81388
46900,"Oneonta, AL",33.948154,-86.47276
21413,"York, AL",32.486248,-88.29642
38778,"Graysville, AL",33.620663,-86.97138
38739,"Goodwater, AL",33.06377,-86.05387
36124,"Midway, AL",32.0771,-85.52216
23313,"Steele, AL",33.93982,-86.201645
32147,"Indian Springs Village, AL",33.35539,-86.75443
27065,"Shelby, AL",33.250336,-86.66397
14151,"Titus, AL",32.712353,-86.318306
35888,"Maplesville, AL",32.78846,-86.87166
396601,"West End-Cobb Town, AL",33.65388,-85.86485
7377,"Taylor, AL",31.1649,-85.46827
5803,"Marbury, AL",32.67444,-86.46098
6718,"Reform, AL",33.378452,-88.015305
3741,"Boligee, AL",32.755966,-88.02891
6273,"Oakman, AL",33.713444,-87.38862
37574,"Brighton, AL",33.434277,-86.94721
36131,"Notasulga, AL",32.56069,-85.672455
41048,"Stapleton, AL",30.739368,-87.78595
17223,"Buhl, AL",33.25706,-87.75279
56986,"Thorsby, AL",32.91568,-86.71582
28929,"Ramer, AL",32.050037,-86.21995
49109,"Hollywood, AL",34.72425,-85.97248
103474,"Chalkville, AL",33.653103,-86.647514
31292,"Dutton, AL",34.61092,-85.91692
28641,"Grady, AL",31.994871,-86.20107
48841,"Brundidge, AL",31.720161,-85.816055
13434,"Ranburne, AL",33.52289,-85.34467
44795,"Crane Hill, AL",34.09399,-87.063065
8354,"Columbia, AL",31.292812,-85.11154
14502,"Waverly, AL",32.73541,-85.57912
7807,"Webb, AL",31.260454,-85.27326
8110,"Castleberry, AL",31.29906,-87.02247
41511,"Vina, AL",34.377224,-88.05709
18123,"Flomaton, AL",31.000181,-87.26081
56324,"Riverside, AL",33.602753,-86.20697
10989,"Creola, AL",30.891851,-88.03972
23564,"Axis, AL",30.930977,-88.01823
53269,"Mentone, AL",34.57953,-85.59052
39521,"Louisville, AL",31.783875,-85.55519
17430,"Childersburg, AL",33.278168,-86.35498
9754,"Stockton, AL",30.990587,-87.86062
32318,"Kinsey, AL",31.299063,-85.344376
24145,"Coden, AL",30.382977,-88.238335
17505,"Coffee Springs, AL",31.169012,-85.911
48351,"Waterloo, AL",34.918144,-88.0642
28658,"Ider, AL",34.71425,-85.6808
38837,"Hackleburg, AL",34.27761,-87.82842
43396,"Anderson, AL",34.92477,-87.26871
12177,"Kennedy, AL",33.587067,-87.98445
51002,"Billingsley, AL",32.659576,-86.71776
32247,"Joppa, AL",34.29959,-86.55127
49202,"Hurtsboro, AL",32.241814,-85.416336
20492,"Silas, AL",31.765434,-88.329185
51456,"Clio, AL",31.708775,-85.6105
44780,"Courtland, AL",34.66898,-87.30946
44007,"Baileyton, AL",34.262318,-86.61277
47142,"Pittsview, AL",32.188206,-85.16327
18338,"Goshen, AL",31.722935,-86.118286
24356,"Delta, AL",33.441444,-85.675125
3489,"Autaugaville, AL",32.434025,-86.6547
43024,"Uriah, AL",31.307434,-87.499214
5677,"Logan, AL",34.138157,-87.00639
4043,"Chancellor, AL",31.181564,-85.87716
54049,"Ralph, AL",33.04207,-87.7689
106333,"Priceville, AL",34.525093,-86.89473
104163,"Fairview, AL",34.255375,-86.68805
32430,"Lapine, AL",31.965706,-86.28441
50321,"Red Level, AL",31.40711,-86.61218
18636,"Houston, AL",31.135561,-85.26546
396610,"Colony, AL",33.945656,-86.901665
41159,"Sylvania, AL",34.56231,-85.81247
29096,"Newville, AL",31.421549,-85.33731
37572,"Brierfield, AL",33.03901,-86.90888
9189,"Spruce Pine, AL",34.391956,-87.731865
28933,"Randolph, AL",33.265175,-85.4694
55578,"Addison, AL",34.202324,-87.181404
11655,"Gordon, AL",31.141293,-85.096596
38100,"Cuba, AL",32.427517,-88.376076
104456,"Good Hope, AL",34.115932,-86.86361
18112,"Five Points, AL",33.018177,-85.35023
11812,"Harpersville, AL",33.343998,-86.438034
35642,"Groveoak, AL",33.786667,-118.38391
7308,"Sumiton, AL",33.75542,-87.050415
105205,"Lipscomb, AL",33.425663,-86.92666
37014,"Dawson, AL",34.30398,-85.92609
19525,"Muscadine, AL",33.73455,-85.38606
33984,"Shorter, AL",32.394863,-85.9169
33631,"Repton, AL",31.409056,-87.23915
20365,"Sardis City, AL",34.174263,-86.12276
55959,"Jack, AL",31.57405,-86.00023
38573,"Fort Deposit, AL",31.984592,-86.57858
396302,"Plantersville, AL",33.36983,-86.23581
28170,"Cowarts, AL",31.200333,-85.30475
396301,"Sardis, AL",31.67988,-86.50664
19167,"Malvern, AL",31.139343,-85.519104
13128,"Orrville, AL",32.30625,-87.24555
22147,"Jones, AL",32.584023,-86.89749
39035,"Honoraville, AL",31.8506,-86.40606
6720,"Rehobeth, AL",31.123072,-85.454414
24409,"Dora, AL",33.728695,-87.090416
52200,"Geraldine, AL",34.35148,-86.00081
28315,"Cusseta, AL",32.78485,-85.30578
36007,"McKenzie, AL",31.542383,-86.71497
54686,"Thomasville, AL",31.913486,-87.73584
396600,"Selmont-West Selmont, AL",32.38094,-87.01216
10284,"Bayou La Batre, AL",30.403051,-88.24869
24205,"Coosada, AL",32.497913,-86.33136
17858,"East Brewton, AL",31.093233,-87.062744
105660,"Mount Hope, AL",34.458427,-87.48169
24560,"Eldridge, AL",33.922882,-87.61724
15192,"Hillsboro, AL",34.63926,-87.19168
39412,"Lester, AL",34.99064,-87.15334
105850,"North Courtland, AL",34.679302,-87.30825
39414,"Level Plains, AL",31.299616,-85.77799
8788,"Lower Peach Tree, AL",31.840708,-87.54527
17997,"Equality, AL",32.767742,-86.11016
45277,"Fitzpatrick, AL",32.209473,-85.88133
3460,"Ashford, AL",31.183832,-85.23585
40895,"Shorterville, AL",31.57017,-85.10132
52157,"Gallant, AL",34.00126,-86.232864
12767,"Minter, AL",32.077923,-86.9936
32052,"Hodges, AL",34.327255,-87.92687
5674,"Locust Fork, AL",33.9076,-86.615265
11833,"Hatchechubbee, AL",32.270702,-85.27577
40237,"Pansey, AL",31.154068,-85.17548
41997,"Detroit, AL",34.02816,-88.17004
24987,"Guin, AL",33.967545,-87.913895
32449,"Lawley, AL",33.501217,-86.44748
47063,"Perdido, AL",31.007507,-87.640594
5151,"Higdon, AL",34.845634,-85.616356
17507,"Coffeeville, AL",31.757935,-88.08973
37993,"Concord, AL",33.46891,-87.03798
34015,"Slocomb, AL",31.107027,-85.59364
106314,"Powell, AL",34.533974,-85.88859
8084,"Black, AL",31.009346,-85.74438
24114,"Cleveland, AL",33.990932,-86.57749
36512,"Safford, AL",32.287918,-87.37138
106511,"Rock Creek, AL",33.47671,-87.08041
33937,"Seminole, AL",30.515196,-87.47387
105229,"Littleville, AL",34.59065,-87.67697
28516,"Langston, AL",34.538975,-86.074425
52921,"Leesburg, AL",34.179817,-85.76135
105442,"McDonald Chapel, AL",33.51971,-86.93877
51655,"Dauphin Island, AL",30.254202,-88.11248
14837,"Cedar Bluff, AL",34.220093,-85.60774
104022,"Edgewater, AL",33.527874,-86.95685
42488,"Forkland, AL",32.648354,-87.883385
48539,"Wing, AL",31.02768,-86.61051
7112,"Snead, AL",34.11954,-86.39554
43097,"Sylvan Springs, AL",33.515663,-87.01499
11560,"Fyffe, AL",34.44702,-85.90396
396613,"Susan Moore, AL",34.083706,-86.42832
15892,"Whatley, AL",31.646463,-87.70894
41045,"Stanton, AL",32.735683,-86.89971
102854,"Avon, AL",31.189344,-85.28604
106893,"South Vinemont, AL",34.238987,-86.86445
26495,"Pinckard, AL",31.311285,-85.548965
31924,"Hammondville, AL",34.58175,-85.62663
55149,"Westover, AL",33.349556,-86.53581
46454,"Maytown, AL",33.53594,-86.997215
45575,"Grimes, AL",31.304617,-85.44799
103895,"Dodge City, AL",34.040657,-86.88583
54734,"Trafford, AL",33.818157,-86.742775
19139,"Lynn, AL",34.047047,-87.54974
13581,"Rosa, AL",33.98599,-86.50574
22246,"Mulga, AL",33.551773,-86.97449
4138,"Clopton, AL",31.6085,-85.42994
105559,"Minor, AL",33.53765,-86.94004
107464,"West Point, AL",34.23871,-86.959175
40107,"Oak Grove, AL",33.191784,-86.29942
105750,"Nectar, AL",33.95982,-86.639435
34523,"Valley Head, AL",34.568974,-85.61497
35828,"Madrid, AL",31.035738,-85.393265
51439,"Clayhatchee, AL",31.23573,-85.72271
52520,"Highland Lake, AL",33.885098,-86.41971
107460,"West Jefferson, AL",33.649273,-87.06861
43854,"Aliceville, AL",33.129353,-88.15172
23448,"Allgood, AL",33.912045,-86.50943
52998,"Little Rock, AR",34.746506,-92.28963
31543,"Fayetteville, AR",36.062584,-94.15743
38583,"Fort Smith, AR",35.388035,-94.4265
18765,"Jonesboro, AR",35.83481,-90.70453
7217,"Springdale, AR",36.186745,-94.128815
38004,"Conway, AR",35.08919,-92.43984
26820,"Rogers, AR",36.334858,-94.119385
52580,"Hot Springs, AR",34.503838,-93.055244
40057,"North Little Rock, AR",34.769535,-92.2671
16989,"Bentonville, AR",36.37286,-94.208786
50967,"Benton, AR",36.34562,-94.267044
19944,"Pine Bluff, AR",34.22289,-92.00433
13631,"Russellville, AR",35.278416,-93.13379
12087,"Jacksonville, AR",34.8662,-92.110146
54675,"Texarkana, AR",33.425426,-94.04309
9826,"Cabot, AR",34.974533,-92.01653
13750,"Searcy, AR",35.901897,-92.70988
20468,"Sherwood, AR",34.81509,-92.22431
7668,"Van Buren, AR",35.57591,-92.491615
19837,"Paragould, AR",36.058403,-90.49733
18477,"Harrison, AR",36.229794,-93.10767
50946,"Bella Vista, AR",36.467804,-94.266975
24553,"El Dorado, AR",33.21151,-92.665016
32997,"Mountain Home, AR",36.33614,-92.38012
23610,"Batesville, AR",35.770813,-91.653114
14564,"West Memphis, AR",35.14648,-90.18454
39577,"Malvern, AR",34.362583,-92.80927
53198,"Maumelle, AR",34.856613,-92.405685
7074,"Siloam Springs, AR",36.18663,-94.54137
30504,"Blytheville, AR",35.928814,-89.9048
14613,"White Hall, AR",34.275276,-92.0917
3862,"Bryant, AR",34.595905,-92.48835
45553,"Greenbrier, AR",35.23393,-92.38779
39048,"Hot Springs Village, AR",34.66534,-93.00125
39569,"Magnolia, AR",33.26707,-93.239334
37080,"Alexander, AR",34.629536,-92.44127
37707,"Camden, AR",33.584557,-92.83433
49424,"Lowell, AR",36.255356,-94.13076
30254,"Arkadelphia, AR",34.12093,-93.05379
32933,"Monticello, AR",33.62934,-91.79123
31870,"Greenwood, AR",35.216736,-94.25603
12678,"Mena, AR",34.583733,-94.23766
8255,"Clarksville, AR",35.47131,-93.466484
15828,"Pocahontas, AR",36.261215,-90.9711
17358,"Centerton, AR",36.36527,-94.28869
5692,"Lonoke, AR",34.74144,-91.86279
50342,"Sheridan, AR",34.310097,-92.40135
23649,"Beebe, AR",35.073574,-91.88635
11858,"Heber Springs, AR",35.497696,-92.032486
15106,"Alma, AR",35.477867,-94.22188
55466,"Crossett, AR",33.12639,-91.96297
53996,"Prairie Grove, AR",35.977432,-94.313736
20697,"Stuttgart, AR",34.500374,-91.55263
56108,"Morrilton, AR",35.154026,-92.74293
12015,"Huntsville, AR",36.088425,-93.737526
49557,"Marion, AR",36.237854,-92.69996
8900,"Nashville, AR",33.94567,-93.84713
9857,"De Queen, AR",34.03789,-94.34132
16270,"Trumann, AR",35.675278,-90.51737
48970,"Berryville, AR",36.370472,-93.56956
52479,"Helena - West Helena, AR",34.539413,-90.61559
24750,"Forrest City, AR",35.00815,-90.78983
37227,"Austin, AR",34.99842,-91.98376
11360,"Eureka Springs, AR",36.400078,-93.73924
48276,"Vilonia, AR",35.083977,-92.20793
15392,"Dover, AR",35.40044,-93.114296
19511,"Mountain View, AR",35.86841,-92.11765
9412,"Ward, AR",35.030365,-91.950424
30272,"Ashdown, AR",33.67344,-94.12996
4693,"Farmington, AR",36.042027,-94.247154
53772,"Ozark, AR",35.488804,-93.83151
45972,"Judsonia, AR",35.270084,-91.639854
16465,"Yellville, AR",36.22618,-92.68489
23537,"Atkins, AR",35.24502,-92.937614
21158,"Warren, AR",33.61261,-92.06458
38776,"Gravette, AR",36.420807,-94.45265
37304,"Bauxite, AR",34.55731,-92.523796
29855,"Walnut Ridge, AR",36.068024,-90.9561
34737,"West Fork, AR",35.924248,-94.18854
41977,"Dardanelle, AR",35.22314,-93.15795
47036,"Pea Ridge, AR",36.451504,-94.11621
55355,"Cave Springs, AR",36.263412,-94.23187
18475,"Harrisburg, AR",35.563637,-90.72141
42669,"Paris, AR",35.292473,-93.72945
4555,"Elkins, AR",36.00147,-94.008255
37253,"Bald Knob, AR",35.309807,-91.56791
7744,"Waldron, AR",34.898434,-94.09077
17481,"Clinton, AR",35.592888,-92.45734
24944,"Green Forest, AR",36.335346,-93.43602
41990,"Brookland, AR",35.900074,-90.582054
30042,"Wynne, AR",35.224533,-90.78678
5040,"Hamburg, AR",33.228176,-91.79763
5777,"Manila, AR",35.880074,-90.16704
109470,"Little Flock, AR",36.37866,-94.1352
37829,"Charleston, AR",35.297184,-94.036736
38962,"Hensley, AR",34.504406,-92.20846
48719,"Bono, AR",35.90896,-90.79873
19200,"Marianna, AR",34.77371,-90.757614
10715,"Carlisle, AR",34.783146,-91.74652
18621,"Hope, AR",33.66706,-93.59157
36038,"Rison, AR",33.95851,-92.190155
6853,"Royal, AR",34.51148,-93.24102
12624,"Mayflower, AR",34.95703,-92.427376
31702,"Garfield, AR",36.448406,-93.97409
16889,"Barling, AR",35.330162,-94.305954
5639,"Lincoln, AR",33.935966,-91.771324
30793,"Cave City, AR",35.946976,-91.55114
46120,"Lake Village, AR",33.32948,-91.28506
40481,"Quitman, AR",35.38264,-92.21504
15430,"Fordyce, AR",33.813717,-92.41293
24722,"Flippin, AR",36.276997,-92.59542
13284,"Piggott, AR",36.38284,-90.19065
43616,"De Witt, AR",34.292877,-91.3379
25492,"Lamar, AR",35.44064,-93.38796
30472,"Bismarck, AR",34.316204,-93.17073
12884,"Mulberry, AR",35.50064,-94.05159
9215,"Star City, AR",33.942013,-91.84563
11583,"Gassville, AR",36.283123,-92.49405
31273,"Dumas, AR",33.887466,-91.48984
396587,"Salem, AR",36.37111,-91.827095
396587,"Salem, AR",36.37111,-91.827095
4072,"Cherokee Village, AR",36.29586,-91.541985
32779,"McGehee, AR",33.629417,-91.39928
19614,"Newport, AR",35.606174,-91.28332
29987,"Pottsville, AR",35.24814,-93.049065
9292,"Winslow, AR",35.800102,-94.13258
52846,"Lake City, AR",35.817833,-90.43525
396060,"Parkers-Iron Springs, AR",34.609333,-92.32583
12578,"Marmaduke, AR",36.188328,-90.38547
8724,"Johnson, AR",35.56007,-93.45501
37692,"Calico Rock, AR",36.119514,-92.13599
16609,"Lexa, AR",34.59716,-90.750374
5898,"Melbourne, AR",36.059513,-91.908485
30010,"Omaha, AR",36.451435,-93.189316
15281,"Glenwood, AR",34.32618,-93.54708
39578,"Mammoth Spring, AR",36.494602,-91.54282
7061,"Shirley, AR",35.657436,-92.317345
24998,"Hackett, AR",35.187515,-94.41191
28913,"Mount Ida, AR",34.55441,-93.63279
21567,"Bradford, AR",35.423138,-91.45596
33365,"Pearcy, AR",34.428703,-93.28991
41727,"Wilmar, AR",33.626827,-91.9298
4789,"Fouke, AR",33.261147,-93.88541
47476,"Rudy, AR",35.527866,-94.27077
4353,"Dermott, AR",33.52539,-91.43595
3560,"Bay, AR",35.742886,-90.562515
6477,"Perryville, AR",35.00481,-92.802666
38435,"Eudora, AR",33.108936,-91.26212
40235,"Pangburn, AR",35.42631,-91.8388
5173,"Hindsville, AR",36.144146,-93.8626
26710,"Redfield, AR",34.445045,-92.184296
9458,"Smackover, AR",33.364845,-92.724884
56989,"Traskwood, AR",34.449245,-92.65496
36850,"Earle, AR",35.270725,-90.46562
18632,"Horseshoe Bend, AR",36.22007,-91.747444
3746,"Bonnerdale, AR",34.384815,-93.38185
50466,"Grubbs, AR",35.6507,-91.07501
39601,"Mansfield, AR",35.059727,-94.248856
53456,"Mountainburg, AR",35.63564,-94.16743
22803,"Rose Bud, AR",35.332012,-92.08128
11992,"Hoxie, AR",36.050434,-90.975075
54550,"Stephens, AR",33.411232,-93.06961
10121,"Amity, AR",34.26482,-93.46101
6527,"Plainview, AR",34.9891,-93.2982
57213,"Jessieville, AR",34.701202,-93.06157
31412,"Elm Springs, AR",36.206184,-94.23437
46295,"London, AR",35.32897,-93.25295
48894,"Bearden, AR",33.724552,-92.615715
23648,"Bee Branch, AR",35.450912,-92.3946
46659,"Murfreesboro, AR",34.062332,-93.6899
5829,"Marvell, AR",34.556164,-90.9115
55357,"Decatur, AR",36.33591,-94.46077
24426,"Drasco, AR",35.631466,-91.94709
32708,"Marked Tree, AR",35.53039,-90.41747
109654,"McRae, AR",35.11371,-91.8217
5614,"Lepanto, AR",35.609974,-90.33312
22161,"Hartman, AR",35.432587,-93.61547
47441,"Romance, AR",35.240917,-92.051254
28718,"Dierks, AR",34.119278,-94.01658
40849,"Shannon Hills, AR",34.620094,-92.39543
16298,"Augusta, AR",35.283867,-91.363365
32487,"Lewisville, AR",33.35846,-93.577675
13983,"Stamps, AR",33.365402,-93.49518
47006,"Paron, AR",34.77287,-92.7585
22238,"Magazine, AR",35.150925,-93.80686
52875,"Lakeview, AR",36.37443,-92.53912
10495,"Booneville, AR",35.140347,-93.921936
12969,"Newark, AR",35.70089,-91.44503
57039,"Sulphur Springs, AR",36.48102,-94.45991
36172,"Mineral Springs, AR",33.876728,-93.91643
28529,"Gentry, AR",36.26758,-94.48466
19249,"Maynard, AR",36.420235,-90.89846
20857,"Tuckerman, AR",35.731003,-91.199455
12106,"Jasper, AR",36.008133,-93.18657
6085,"Mount Vernon, AR",35.22609,-92.124054
35297,"Colt, AR",35.131477,-90.811226
41874,"Casa, AR",35.02356,-93.04723
56464,"Lonsdale, AR",34.544357,-92.80942
22196,"Moro, AR",34.795017,-90.99096
33305,"Palestine, AR",34.97199,-90.90356
55685,"Hector, AR",35.468315,-92.975006
35741,"Hartford, AR",35.022877,-94.381325
38472,"Fairfield Bay, AR",35.605263,-92.26773
50193,"Goshen, AR",36.10119,-93.99131
48764,"Bradley, AR",33.449413,-92.16876
10095,"Alpena, AR",36.2936,-93.29332
9533,"Salem, AR",36.37111,-91.827095
9533,"Salem, AR",36.37111,-91.827095
52622,"Imboden, AR",36.202568,-91.174576
9921,"Plumerville, AR",35.160305,-92.641235
50991,"Bethel Heights, AR",36.218113,-94.126114
38336,"El Paso, AR",-31.636246,-60.765186
45079,"Edgemont, AR",35.6023,-92.196266
54343,"Scott, AR",34.84694,-94.043175
39830,"Monette, AR",35.890026,-90.345184
46230,"Leslie, AR",35.830387,-92.55785
46650,"Mountain Pine, AR",34.572033,-93.17324
14800,"Cotter, AR",36.27118,-92.53544
34079,"Sparkman, AR",33.91782,-92.846886
45495,"Grady, AR",34.078476,-91.699356
30649,"Bull Shoals, AR",36.383957,-92.58155
46042,"Kingsland, AR",33.86007,-92.29467
34240,"Taylor, AR",33.10041,-93.461006
21113,"Viola, AR",36.396732,-91.98265
41151,"Swifton, AR",35.821743,-91.128456
23234,"Huntington, AR",35.082153,-94.263275
12996,"Norfork, AR",36.209515,-92.284325
34851,"Williford, AR",36.25268,-91.35735
33297,"Ozone, AR",35.641193,-93.44324
29681,"Hagarville, AR",35.515636,-93.3249
48749,"Delaware, AR",35.283695,-93.29879
49799,"Springfield, AR",35.267582,-92.55766
4547,"Elizabeth, AR",36.331455,-92.095985
17605,"Cove, AR",34.43544,-94.41141
20703,"Sulphur Rock, AR",35.751186,-91.500694
36105,"Pleasant Plains, AR",35.553066,-91.62687
16376,"Leola, AR",34.170654,-92.59057
23344,"Wesley, AR",36.027363,-93.91996
32312,"Kingston, AR",36.050632,-93.51852
42953,"Wheatley, AR",34.9137,-91.109505
45110,"Elaine, AR",34.308933,-90.85467
25060,"Haskell, AR",34.50148,-92.63655
44931,"Diamond City, AR",36.46451,-92.92017
45816,"Horseshoe Lake, AR",34.91345,-90.30788
46172,"Lavaca, AR",35.336143,-94.17823
35547,"Lafe, AR",36.205635,-90.51203
20016,"Poplar Grove, AR",34.54788,-90.85317
19908,"Perry, AR",34.961647,-92.87575
14898,"Dennard, AR",35.756744,-92.524605
42225,"Knoxville, AR",35.38168,-93.36399
55137,"Western Grove, AR",36.100906,-92.95378
13071,"Oakland, AR",36.4609,-92.571
18240,"Gamaliel, AR",36.45673,-92.233215
51245,"Cammack Village, AR",34.7796,-92.34474
55690,"Henderson, AR",-36.301952,-61.71392
46711,"New Edinburg, AR",33.757328,-92.23848
32114,"Humphrey, AR",34.42204,-91.706245
17987,"Enola, AR",35.195362,-92.20321
36524,"Umpire, AR",34.279,-94.05075
24006,"Cedarville, AR",35.56981,-94.36688
38021,"Corning, AR",36.408398,-90.58597
109683,"Midway, AR",34.254807,-92.96658
51716,"Diaz, AR",35.645325,-91.2648
7489,"Tumbling Shoals, AR",35.542023,-91.96737
29052,"Peel, AR",27.759201,93.48128
26135,"Newhope, AR",34.230385,-93.88019
45654,"Hardy, AR",36.3159,-91.482635
35232,"Buckner, AR",33.35846,-93.436005
13719,"Saratoga, AR",33.751747,-93.902794
51293,"Carthage, AR",34.07377,-92.555756
109963,"Oak Grove Heights, AR",36.121056,-90.51118
33601,"Rector, AR",36.263058,-90.2926
15357,"Greers Ferry, AR",35.577023,-92.177376
37193,"Ash Flat, AR",36.229877,-91.60612
108135,"Campbell Station, AR",35.66838,-91.25108
19215,"Marshall, AR",35.908966,-92.63127
17981,"England, AR",34.544262,-91.969025
40326,"Phoenix, AZ",33.448437,-112.07414
7481,"Tucson, AZ",32.222878,-110.974846
19331,"Mesa, AZ",33.4151,-111.83145
17384,"Chandler, AZ",33.306202,-111.84119
4888,"Gilbert, AZ",33.352764,-111.78904
18298,"Glendale, AZ",33.538685,-112.186
54346,"Scottsdale, AZ",33.49422,-111.92602
40298,"Peoria, AZ",33.580612,-112.2373
47958,"Tempe, AZ",33.42551,-111.94002
7330,"Surprise, AZ",33.629246,-112.36814
28065,"Yuma, AZ",32.723267,-114.618
31567,"Flagstaff, AZ",35.198753,-111.651825
18329,"Goodyear, AZ",33.46747,-112.384224
737787,"San Tan Valley, AZ",33.17981,-111.58492
3869,"Buckeye, AZ",33.37032,-112.58378
10226,"Avondale, AZ",33.435596,-112.3496
8814,"Queen Creek, AZ",33.248386,-111.634155
32697,"Maricopa, AZ",33.34883,-112.49123
10727,"Casa Grande, AZ",32.877285,-111.753685
26620,"Prescott, AZ",34.539986,-112.46881
46105,"Lake Havasu City, AZ",34.47753,-114.338
30233,"Apache Junction, AZ",33.415047,-111.549576
46039,"Kingman, AZ",35.18959,-114.0533
54002,"Prescott Valley, AZ",34.595078,-112.33386
192040,"Sierra Vista, AZ",31.554598,-110.299774
41130,"Sun City, AZ",33.62901,-112.28194
36428,"Tolleson, AZ",33.45005,-112.25931
26329,"Oro Valley, AZ",32.40005,-110.955315
30651,"Bullhead City, AZ",35.147778,-114.5683
56207,"Marana, AZ",32.44837,-111.21147
47502,"Sahuarita, AZ",31.957531,-110.955666
11278,"El Mirage, AZ",33.613033,-112.324486
32525,"Litchfield Park, AZ",33.493378,-112.35812
38541,"Florence, AZ",33.031452,-111.387344
43267,"Somerton, AZ",32.59644,-114.70968
54619,"Sun City West, AZ",33.665752,-112.35505
10965,"Cottonwood, AZ",34.73949,-112.009796
38590,"Fountain Hills, AZ",33.61171,-111.71736
3418,"Anthem, AZ",33.85389,-112.11329
40026,"Nogales, AZ",31.340214,-110.93608
38791,"Green Valley, AZ",31.848455,-111.026596
33844,"San Luis, AZ",32.49026,-114.78213
53836,"Payson, AZ",34.240646,-111.32303
44966,"Douglas, AZ",31.344717,-109.554504
47689,"Show Low, AZ",34.254208,-110.02983
11312,"Eloy, AZ",32.75517,-111.55349
6771,"Rio Rico, AZ",31.471483,-110.97648
7005,"Sedona, AZ",34.868862,-111.76144
24198,"Coolidge, AZ",32.97784,-111.517624
20291,"Safford, AZ",32.833225,-109.71318
10816,"Chino Valley, AZ",34.757523,-112.45378
26113,"New River, AZ",33.887665,-112.087
21021,"Vail, AZ",32.01007,-110.697525
18309,"Globe, AZ",33.395912,-110.78718
41753,"Winslow, AZ",35.01692,-110.72575
30794,"Cave Creek, AZ",33.833332,-111.950836
29973,"Paradise Valley, AZ",33.53243,-111.950516
7729,"Waddell, AZ",33.564304,-112.44476
44421,"Camp Verde, AZ",34.563637,-111.85432
112014,"Gold Canyon, AZ",33.37107,-111.426186
4928,"Golden Valley, AZ",35.221676,-114.21755
34845,"Willcox, AZ",32.252914,-109.83157
40218,"Page, AZ",36.91483,-111.45729
32907,"Mohave Valley, AZ",34.89992,-114.597374
22301,"Parker, AZ",34.14984,-114.28896
47736,"Snowflake, AZ",34.51147,-110.079605
50965,"Benson, AZ",31.967861,-110.29452
38967,"Hereford, AZ",31.438433,-110.097855
27435,"Tonopah, AZ",33.51469,-112.907364
39333,"Lakeside, AZ",34.154488,-109.97344
12620,"Mayer, AZ",34.426388,-112.236725
23716,"Bisbee, AZ",31.441717,-109.91599
34833,"Wickenburg, AZ",33.968098,-112.73013
7942,"Williams, AZ",35.2507,-112.18842
113101,"Tortolita, AZ",32.380844,-111.01314
14121,"Thatcher, AZ",32.84923,-109.75925
8568,"Huachuca City, AZ",31.62787,-110.33397
33354,"Paulden, AZ",34.89552,-112.466576
45587,"Guadalupe, AZ",33.363125,-111.96253
53900,"Pinetop, AZ",34.125877,-109.93761
14747,"Youngtown, AZ",33.59373,-112.30333
45774,"Holbrook, AZ",34.90371,-110.159325
16295,"Miami, AZ",33.39946,-110.87088
54273,"Saint Johns, AZ",33.30786,-112.19759
13111,"Oracle, AZ",32.60997,-110.76518
34068,"South Tucson, AZ",32.199493,-110.968346
4007,"Catalina, AZ",32.499615,-110.92615
56913,"Rimrock, AZ",34.64504,-111.78484
31051,"Cornville, AZ",34.739517,-111.90583
17846,"Eagar, AZ",34.111156,-109.29147
41615,"Wellton, AZ",32.672832,-114.14689
29116,"Pima, AZ",32.111263,-111.65462
33845,"San Manuel, AZ",32.599792,-110.63093
38944,"Heber, AZ",34.431206,-110.593925
113075,"Three Points, AZ",32.046337,-111.28519
37066,"Ajo, AZ",32.402344,-112.8858
38688,"Gila Bend, AZ",32.947826,-112.71682
23952,"Carefree, AZ",33.82224,-111.91817
30475,"Black Canyon City, AZ",34.072968,-112.126564
21624,"Clarkdale, AZ",34.771133,-112.05794
45349,"Fredonia, AZ",36.949932,-112.525345
40575,"Rio Verde, AZ",33.725,-111.66883
17531,"Colorado City, AZ",36.98991,-112.97654
33347,"Patagonia, AZ",31.540201,-110.75393
50433,"Congress, AZ",34.153847,-112.85492
54520,"Springerville, AZ",34.13406,-109.28601
56350,"Pine, AZ",34.401443,-111.507065
27333,"Superior, AZ",33.293945,-111.09623
396566,"Dewey-Humboldt, AZ",34.503223,-112.24251
33569,"Quartzsite, AZ",33.666992,-114.21681
49046,"Gadsden, AZ",32.556126,-114.78072
7011,"Seligman, AZ",35.325436,-112.85082
17794,"Dolan Springs, AZ",35.598156,-114.27556
33283,"Overgaard, AZ",34.390873,-110.55318
41188,"Taylor, AZ",34.464733,-110.09165
13233,"Pearce, AZ",31.905087,-109.820625
31610,"Fort McDowell, AZ",33.63671,-111.67458
16202,"Saint David, AZ",31.904251,-110.21424
55723,"Kirkland, AZ",34.417526,-112.71212
42768,"Mc Neal, AZ",35.36775,-114.216415
26235,"Nutrioso, AZ",33.953106,-109.20925
788230,"Scenic, AZ",36.779816,-113.99621
45120,"Elgin, AZ",31.650702,-110.49014
17942,"Elfrida, AZ",31.685371,-109.68701
8371,"Concho, AZ",34.47531,-109.60594
30036,"Salome, AZ",33.77966,-113.60678
41817,"Young, AZ",34.106747,-110.94024
27433,"Tombstone, AZ",31.71423,-110.0652
5381,"Kearny, AZ",33.057007,-110.91067
22303,"Parks, AZ",35.260616,-111.94855
5888,"Meadview, AZ",36.00221,-114.06829
36601,"Happy Jack, AZ",34.74285,-111.4093
23021,"Ash Fork, AZ",35.21633,-112.49139
8149,"Arlington, AZ",33.335567,-112.77438
47439,"Roll, AZ",32.751713,-113.9891
16692,"Aguila, AZ",33.93829,-113.16752
11272,"Ehrenberg, AZ",33.616226,-114.47892
14196,"Tubac, AZ",31.61259,-111.04592
47553,"San Simon, AZ",32.26651,-109.22706
29566,"Sonoita, AZ",31.679514,-110.65553
17503,"Cochise, AZ",31.851454,-109.818184
51098,"Bouse, AZ",33.93252,-114.005775
34971,"Amado, AZ",31.68528,-111.062126
8875,"Munds Park, AZ",34.945576,-111.64015
48236,"Vernon, AZ",34.257538,-109.69289
34349,"Tumacacori, AZ",31.568703,-111.052315
112945,"Star Valley, AZ",34.254032,-111.26135
16130,"Tonto Basin, AZ",33.840996,-111.30032
112707,"Red Rock, AZ",36.604446,-109.06065
50600,"Yarnell, AZ",34.231476,-112.74998
37518,"Bowie, AZ",32.32626,-109.487015
42561,"Mormon Lake, AZ",34.94419,-111.45545
24964,"Greer, AZ",34.010048,-109.4587
35704,"Forest Lakes, AZ",34.341263,-110.80238
30178,"Alpine, AZ",33.844997,-109.145004
9392,"Yucca, AZ",34.872665,-114.14986
788228,"Beaver Dam, AZ",36.8998,-113.935936
51607,"Crown King, AZ",34.205585,-112.3385
37359,"Bellemont, AZ",35.237343,-111.820625
112003,"Gisela, AZ",34.101704,-111.279854
12447,"Los Angeles, CA",34.05369,-118.24277
54296,"San Diego, CA",32.71742,-117.16277
33839,"San Jose, CA",37.336166,-121.890594
20330,"San Francisco, CA",37.77926,-122.41933
20288,"Sacramento, CA",38.581062,-121.4939
18203,"Fresno, CA",36.73944,-119.78483
46298,"Long Beach, CA",33.769016,-118.191605
3506,"Bakersfield, CA",35.37387,-119.01946
13072,"Oakland, CA",37.804455,-122.271355
47401,"Riverside, CA",33.982494,-117.37424
16764,"Anaheim, CA",33.83475,-117.911736
7266,"Stockton, CA",37.957703,-121.29078
47568,"Santa Ana, CA",33.749496,-117.87322
52650,"Irvine, CA",33.685696,-117.82598
25934,"Modesto, CA",37.639343,-120.99689
51405,"Chula Vista, CA",32.640053,-117.0842
20328,"San Bernardino, CA",34.825302,-116.08331
54311,"Santa Clarita, CA",34.412796,-118.55381
11540,"Fremont, CA",37.54827,-121.98857
24741,"Fontana, CA",34.092297,-117.43433
13150,"Oxnard, CA",34.19763,-119.18038
26967,"Santa Rosa, CA",38.44049,-122.7141
24225,"Corona, CA",33.875294,-117.566444
6285,"Oceanside, CA",33.19587,-117.379486
25981,"Moreno Valley, CA",33.93752,-117.230576
54288,"Salinas, CA",36.67441,-121.65504
45457,"Glendale, CA",34.146942,-118.24785
5534,"Lancaster, CA",34.698105,-118.13661
25218,"Huntington Beach, CA",33.678333,-118.000015
18518,"Hayward, CA",37.66882,-122.080795
14634,"Whittier, CA",33.974915,-118.03387
40227,"Palmdale, CA",34.57931,-118.11711
17950,"Elk Grove, CA",38.4088,-121.37162
13108,"Ontario, CA",50.00068,-86.00098
24832,"Garden Grove, CA",33.774628,-117.94637
11337,"Escondido, CA",33.121674,-117.08148
38333,"El Cajon, CA",32.794773,-116.962524
40492,"Rancho Cucamonga, CA",34.10332,-117.57517
21114,"Visalia, CA",36.330227,-119.29206
54626,"Sunnyvale, CA",37.36883,-122.03635
20008,"Pomona, CA",34.05538,-117.75175
13594,"Roseville, CA",38.752125,-121.28801
47019,"Pasadena, CA",34.14765,-118.14416
47570,"Santa Maria, CA",34.95313,-120.43586
54722,"Torrance, CA",33.83714,-118.34136
27683,"Victorville, CA",34.536106,-117.29115
24812,"Fullerton, CA",33.870823,-117.92941
33252,"Orange, CA",33.75063,-117.87223
24174,"Compton, CA",33.894928,-118.22662
11865,"Hemet, CA",33.74752,-116.97197
6103,"Murrieta, CA",33.560833,-117.210655
45888,"Inglewood, CA",33.9562,-118.353134
44655,"Clovis, CA",36.825226,-119.70292
51518,"Concord, CA",37.976852,-122.03356
7453,"Tracy, CA",37.738552,-121.420135
27110,"Simi Valley, CA",34.267742,-118.75381
13713,"Santa Clara, CA",37.354115,-121.95518
34520,"Vallejo, CA",38.104088,-122.25664
7386,"Temecula, CA",33.494637,-117.14737
34278,"Thousand Oaks, CA",34.170563,-118.83759
26751,"Richmond, CA",49.16317,-123.13741
37863,"Chico, CA",39.728493,-121.83748
16992,"Berkeley, CA",37.87084,-122.272865
17882,"East Los Angeles, CA",34.023903,-118.17201
3975,"Carlsbad, CA",33.158092,-117.35059
13256,"Perris, CA",33.78187,-117.22985
41517,"Vista, CA",33.20213,-117.24248
18053,"Fairfield, CA",38.24936,-122.03996
38032,"Costa Mesa, CA",33.663338,-117.90332
13712,"Santa Barbara, CA",34.42213,-119.70267
4406,"Downey, CA",33.940445,-118.12929
34543,"Ventura, CA",34.278336,-119.293175
16780,"Antioch, CA",38.00933,-121.81069
47322,"Redding, CA",40.586357,-122.39168
51861,"El Monte, CA",34.075157,-118.03685
14542,"West Covina, CA",34.068623,-117.93895
13698,"San Leandro, CA",37.72493,-122.156075
41446,"Vacaville, CA",38.35658,-121.98775
46500,"Menifee, CA",33.686443,-117.17704
45732,"Hesperia, CA",34.426388,-117.30088
13699,"San Mateo, CA",37.496902,-122.33305
32629,"Madera, CA",37.171627,-119.773796
396054,"Burbank, CA",34.18121,-118.3072
25855,"Merced, CA",37.164154,-120.76786
31163,"Daly City, CA",37.690483,-122.47267
781837,"Jurupa Valley, CA",33.979847,-117.45158
53636,"Norwalk, CA",33.90928,-118.084915
33645,"Rialto, CA",34.1064,-117.37032
20128,"Redwood City, CA",37.486324,-122.23252
32540,"Livermore, CA",37.682056,-121.76805
13715,"Santa Cruz, CA",37.050095,-121.99059
40737,"San Marcos, CA",33.13444,-117.17498
6112,"Napa, CA",38.48987,-122.32184
40355,"Pittsburg, CA",38.018173,-121.89012
44583,"Chino, CA",34.013355,-117.69008
12773,"Mission Viejo, CA",33.59657,-117.65941
42150,"Hawthorne, CA",33.912827,-118.34261
45878,"Indio, CA",33.71928,-116.2188
47762,"South Gate, CA",33.946346,-118.20098
26964,"Santa Monica, CA",34.01947,-118.49123
53148,"Manteca, CA",37.79862,-121.211716
34780,"Westminster, CA",33.757874,-117.98591
34637,"Walnut Creek, CA",37.902073,-122.06187
20337,"San Ramon, CA",37.7648,-121.95444
51414,"Citrus Heights, CA",38.707123,-121.28106
26679,"Rancho Cordova, CA",38.589073,-121.30273
53571,"Newport Beach, CA",33.61701,-117.92944
50742,"Apple Valley, CA",34.50083,-117.185875
10608,"Buena Park, CA",33.870415,-117.996216
24245,"Covina, CA",34.08779,-117.889114
7784,"Watsonville, CA",36.90928,-121.75291
51239,"Camarillo, CA",34.217636,-119.03835
32999,"Mountain View, CA",37.38939,-122.08321
50677,"Alhambra, CA",34.09304,-118.12706
27512,"Upland, CA",34.09751,-117.648384
10723,"Carson, CA",33.832203,-118.251755
12292,"Lakewood, CA",33.850346,-118.11719
54759,"Turlock, CA",37.494656,-120.846596
27491,"Tustin, CA",33.74585,-117.826164
39798,"Milpitas, CA",37.433228,-121.898926
34940,"Yuba City, CA",39.14045,-121.61691
39483,"Lodi, CA",38.13428,-121.273605
32380,"Lake Forest, CA",33.646927,-117.68592
40414,"Porterville, CA",36.06523,-119.01677
52852,"Lake Elsinore, CA",33.668076,-117.32726
11462,"Folsom, CA",38.67796,-121.176056
44116,"Bellflower, CA",33.882572,-118.11677
7484,"Tulare, CA",36.251648,-118.852585
40524,"Redlands, CA",34.055035,-117.18275
41025,"Spring Valley, CA",32.729572,-116.96689
46089,"La Mesa, CA",32.76783,-117.02309
47164,"Pleasanton, CA",37.66243,-121.87468
17155,"Brentwood, CA",37.931778,-121.69603
10815,"Chino Hills, CA",33.99268,-117.760056
26469,"Petaluma, CA",38.232582,-122.63647
51659,"Davis, CA",38.543552,-121.739006
10241,"Baldwin Park, CA",34.085472,-117.961174
54301,"San Rafael, CA",37.97478,-122.53167
21412,"Yorba Linda, CA",33.89011,-117.824974
18453,"Hanford, CA",36.327797,-119.64616
39076,"Huntington Park, CA",33.98057,-118.225204
33612,"Redondo Beach, CA",33.83983,-118.3846
26374,"Palo Alto, CA",37.44433,-122.15984
16697,"Alameda, CA",37.609028,-121.89914
41333,"Union City, CA",37.587257,-122.021576
48569,"Woodland, CA",38.67861,-121.77333
50749,"Arcadia, CA",34.136208,-118.04015
32616,"Lynwood, CA",33.92483,-118.202415
11604,"Gilroy, CA",37.006508,-121.56317
6809,"Rocklin, CA",38.790733,-121.23579
737790,"Eastvale, CA",33.97471,-117.56654
396053,"Florence-Graham, CA",33.967426,-118.24331
13929,"South San Francisco, CA",37.65354,-122.41687
6923,"San Luis Obispo, CA",35.35402,-120.37572
25459,"Laguna Niguel, CA",33.522526,-117.70755
51751,"Dublin, CA",37.702152,-121.93579
33837,"San Gabriel, CA",34.0991,-118.10856
17310,"Carmichael, CA",38.627098,-121.32224
25953,"Montebello, CA",34.01594,-118.11198
18874,"La Habra, CA",33.931606,-117.94549
26483,"Pico Rivera, CA",33.98307,-118.09673
53643,"Novato, CA",38.106197,-122.56812
45164,"Encinitas, CA",33.036987,-117.291985
13693,"San Clemente, CA",33.42703,-117.61242
45398,"Gardena, CA",33.88156,-118.29359
37015,"Azusa, CA",34.133877,-117.9056
6021,"Monterey Park, CA",34.05152,-118.12981
54212,"Rosemead, CA",34.067616,-118.087975
19078,"Lompoc, CA",34.63915,-120.4579
38134,"Danville, CA",37.82259,-122.000824
4281,"Cupertino, CA",37.322895,-122.03229
53487,"National City, CA",32.67811,-117.0992
30785,"Castro Valley, CA",37.713608,-122.07156
6943,"Santee, CA",32.838383,-116.973915
37971,"Colton, CA",34.073902,-117.31365
8384,"Fountain Valley, CA",33.703815,-117.96274
52547,"Hollister, CA",36.852455,-121.4016
39306,"La Puente, CA",34.02806,-117.953094
11274,"El Centro, CA",32.792,-115.56305
29143,"Lincoln, CA",38.891575,-121.29318
33306,"Palm Desert, CA",33.728817,-116.38257
23635,"Beaumont, CA",53.35255,-113.415146
24349,"Delano, CA",35.76884,-119.247055
11626,"Glendora, CA",34.13612,-117.86534
6919,"San Jacinto, CA",33.783966,-116.95891
45602,"Hacienda Heights, CA",33.99307,-117.96867
41665,"West Sacramento, CA",38.58046,-121.530235
21417,"Yucaipa, CA",34.033627,-117.04308
6395,"Paramount, CA",33.89892,-118.171005
13127,"Oroville, CA",39.513775,-121.55636
26531,"Placentia, CA",33.871483,-117.86173
11400,"Fallbrook, CA",33.36631,-117.223305
28485,"Highland, CA",34.11213,-117.18079
6043,"Morgan Hill, CA",37.13041,-121.654495
44833,"Cypress, CA",33.824825,-118.03994
24384,"Diamond Bar, CA",34.02862,-117.81033
37086,"Aliso Viejo, CA",33.576138,-117.725815
17150,"Brea, CA",33.917046,-117.888855
20044,"Poway, CA",32.962822,-117.035866
30788,"Cathedral City, CA",33.781002,-116.46407
10774,"Cerritos, CA",33.86443,-118.05393
5465,"La Mirada, CA",33.906097,-118.01071
51701,"Desert Hot Springs, CA",33.961124,-116.50168
12592,"Martinez, CA",38.013893,-122.133865
11685,"Grass Valley, CA",39.21906,-121.06292
49611,"Newark, CA",37.52966,-122.04024
45191,"Eureka, CA",40.801876,-124.17075
46965,"Palm Springs, CA",33.824627,-116.540306
46316,"Los Banos, CA",37.059227,-120.85053
50800,"Auburn, CA",38.894592,-121.07399
21991,"Lakeside, CA",32.85032,-116.89601
10772,"Ceres, CA",37.594933,-120.95771
17931,"El Dorado Hills, CA",38.65612,-121.074326
15554,"Rancho Santa Margarita, CA",33.640884,-117.602936
22827,"Rowland Heights, CA",33.973404,-117.89413
4650,"Fair Oaks, CA",38.6429,-121.24625
47021,"Paso Robles, CA",35.626263,-120.69013
9255,"San Pablo, CA",37.962147,-122.34553
32923,"Monrovia, CA",34.14835,-118.00145
17272,"Campbell, CA",37.287064,-121.94488
19100,"Los Gatos, CA",37.226612,-121.97468
13691,"San Bruno, CA",37.624855,-122.4146
39748,"Menlo Park, CA",37.451965,-122.17799
50616,"Coachella, CA",33.679497,-116.17628
19728,"Oakley, CA",37.99742,-121.712456
57317,"Winchester, CA",33.70683,-117.08439
51617,"Culver City, CA",34.021122,-118.39647
16961,"Bell Gardens, CA",33.969456,-118.1504
6819,"Rohnert Park, CA",38.339638,-122.701096
54053,"Rancho Palos Verdes, CA",33.748333,-118.370766
50797,"Atwater, CA",45.489788,-73.58634
25974,"Moorpark, CA",34.285557,-118.88204
18883,"La Quinta, CA",33.677475,-116.295876
19811,"Pacifica, CA",37.598038,-122.49953
43354,"Ramona, CA",33.04728,-116.8776
19230,"Marysville, CA",39.145725,-121.591354
30908,"Claremont, CA",34.096676,-117.71978
32927,"Montclair, CA",34.07751,-117.68978
10662,"Calexico, CA",32.666813,-115.496376
33840,"San Juan Capistrano, CA",33.501694,-117.66255
47144,"Placerville, CA",38.729626,-120.798546
26965,"Santa Paula, CA",34.354164,-119.05927
40754,"Sanger, CA",36.708008,-119.55596
16684,"Adelanto, CA",34.58381,-117.40825
118914,"Westmont, CA",33.941402,-118.3023
47746,"Sonoma, CA",38.51108,-122.847336
30187,"Altadena, CA",34.192818,-118.13747
46218,"Lemoore, CA",36.300648,-119.782715
48424,"West Hollywood, CA",34.0923,-118.36929
57132,"Wildomar, CA",33.593937,-117.2415
53925,"Pleasant Hill, CA",37.94798,-122.0608
7304,"Barstow, CA",34.89862,-117.02443
14111,"Temple City, CA",34.1083,-118.057755
39511,"Los Altos, CA",37.379063,-122.11658
50849,"Banning, CA",33.925568,-116.87529
19177,"Manhattan Beach, CA",33.88978,-118.393524
19716,"Oakdale, CA",37.766594,-120.84715
24831,"Galt, CA",38.25464,-121.29995
30399,"Bell, CA",33.97478,-118.18664
31623,"Foster City, CA",37.56003,-122.26885
33836,"San Dimas, CA",34.10654,-117.80694
7518,"Ukiah, CA",39.150166,-123.20779
39308,"La Verne, CA",34.10084,-117.76784
17686,"Dana Point, CA",33.466972,-117.698105
20172,"Ridgecrest, CA",35.620693,-117.6721
10389,"Beverly Hills, CA",34.06965,-118.39631
49259,"Dinuba, CA",36.543285,-119.38706
57277,"Reedley, CA",36.59639,-119.45119
26310,"Orangevale, CA",38.678513,-121.225784
25458,"Laguna Hills, CA",33.594875,-117.68821
27011,"Seaside, CA",36.62593,-121.816925
33874,"Saratoga, CA",37.263832,-122.02302
17235,"Burlingame, CA",37.5781,-122.34731
46178,"Lawndale, CA",33.895123,-118.35263
23523,"Arroyo Grande, CA",35.12354,-120.57858
115107,"Florin, CA",38.489777,-121.40575
46887,"Olivehurst, CA",39.07978,-121.54418
37206,"Atascadero, CA",35.489418,-120.67072
47677,"Shingle Springs, CA",38.671387,-120.940544
6916,"San Carlos, CA",37.504936,-122.261826
40516,"Red Bluff, CA",40.17843,-122.23592
47550,"San Lorenzo, CA",37.68104,-122.12441
4931,"Goleta, CA",34.43583,-119.82764
54666,"Tehachapi, CA",35.132187,-118.448975
19434,"Monterey, CA",36.223106,-121.38774
28136,"Bloomington, CA",34.070114,-117.395584
117041,"Oildale, CA",35.428566,-119.023994
33935,"Selma, CA",36.570786,-119.612076
40979,"South Lake Tahoe, CA",38.945663,-119.96871
19379,"Mill Valley, CA",37.906036,-122.544975
33910,"Sebastopol, CA",38.402103,-122.82422
25455,"Lafayette, CA",37.885757,-122.11802
35927,"Patterson, CA",37.471622,-121.12969
34636,"Walnut, CA",34.020325,-117.865944
36412,"Wasco, CA",35.594124,-119.34094
47889,"Suisun City, CA",38.238247,-122.040245
10343,"Belmont, CA",37.51649,-122.29419
20550,"Sonora, CA",37.985306,-120.38354
40081,"North Tustin, CA",33.763348,-117.79739
36288,"Windsor, CA",42.285854,-82.97807
29737,"Norco, CA",33.93233,-117.55089
25547,"Lemon Grove, CA",32.74255,-117.03142
11228,"East Palo Alto, CA",37.468826,-122.141075
42967,"Stanton, CA",33.7941,-117.9951
27183,"South Pasadena, CA",34.113308,-118.14783
15381,"Isla Vista, CA",34.411514,-119.85622
6485,"Phelan, CA",34.426296,-117.5725
10128,"Anderson, CA",40.447933,-122.298256
51858,"El Cerrito, CA",37.915405,-122.301414
40955,"Soledad, CA",36.42692,-121.32719
35591,"Lathrop, CA",37.822704,-121.27661
5265,"Imperial Beach, CA",32.56292,-117.11687
32753,"Maywood, CA",33.98668,-118.18535
28063,"Yucca Valley, CA",34.12362,-116.41399
44131,"Benicia, CA",38.049366,-122.15858
117769,"Rosemont, CA",45.531498,-73.597336
54352,"Seal Beach, CA",33.742397,-118.10559
23504,"Aptos, CA",36.99413,-121.890335
24216,"Corcoran, CA",36.098106,-119.56037
37688,"Calabasas, CA",34.144665,-118.6441
47547,"San Fernando, CA",34.28497,-118.43765
38965,"Hercules, CA",38.017143,-122.28858
30025,"Marina, CA",36.684402,-121.80217
53327,"Millbrae, CA",37.598957,-122.40094
52835,"Ladera Ranch, CA",33.55208,-117.63846
9840,"Agoura Hills, CA",34.14817,-118.76555
47198,"Port Hueneme, CA",34.147755,-119.19515
12423,"Loma Linda, CA",34.0538,-117.26109
31134,"Cudahy, CA",33.96206,-118.18354
41317,"Twentynine Palms, CA",34.135693,-116.05435
40633,"Rosamond, CA",34.864143,-118.16341
46314,"Los Alamitos, CA",33.803886,-118.07724
17788,"Dixon, CA",38.445465,-121.823296
7026,"Shafter, CA",35.50146,-119.27368
17442,"Chowchilla, CA",37.123,-120.26018
11677,"Granite Bay, CA",38.762173,-121.185005
50774,"Arvin, CA",35.20913,-118.82843
7662,"Valley Center, CA",33.22724,-117.02919
16760,"American Canyon, CA",38.178524,-122.25518
10734,"Castaic, CA",34.48269,-118.63071
118878,"West Carson, CA",33.824383,-118.29291
41951,"Brawley, CA",32.978657,-115.530266
24435,"Duarte, CA",34.13945,-117.97729
30105,"Kerman, CA",36.723553,-120.05991
13091,"Ojai, CA",34.448048,-119.24289
3719,"Blythe, CA",33.613476,-114.59375
7332,"Susanville, CA",40.416283,-120.65301
10157,"Arcata, CA",40.866516,-124.08284
9020,"Nipomo, CA",35.03582,-120.49642
10991,"Crescent City, CA",41.75224,-124.19785
118694,"Valinda, CA",34.03848,-117.933556
54158,"Riverbank, CA",37.73604,-120.935486
53027,"Lomita, CA",33.803654,-118.3195
36502,"South El Monte, CA",34.051956,-118.04674
46080,"La Canada Flintridge, CA",34.19983,-118.20052
31854,"Greenfield, CA",36.3208,-121.24381
396551,"La Crescenta-Montrose, CA",34.219166,-118.2317
118895,"West Puente Valley, CA",34.04986,-117.96463
37073,"Albany, CA",37.88716,-122.29835
4148,"Coalinga, CA",36.13968,-120.36015
48047,"Truckee, CA",39.327946,-120.18358
118994,"Willowbrook, CA",33.92042,-118.24185
13716,"Santa Fe Springs, CA",33.94808,-118.06915
42569,"Orinda, CA",37.877148,-122.17969
46697,"Nevada City, CA",39.2626,-121.01873
18098,"Fillmore, CA",34.39856,-118.912506
17587,"Coronado, CA",32.69152,-117.1767
52842,"Laguna Beach, CA",33.542698,-117.78536
43867,"Alpine, CA",38.589394,-119.8345
36958,"Pinole, CA",38.004368,-122.29886
29712,"Hermosa Beach, CA",33.86378,-118.399216
36036,"Ripon, CA",37.739468,-121.124695
12035,"Imperial, CA",33.03055,-115.359566
25078,"Healdsburg, CA",38.61068,-122.87014
43102,"Taft, CA",35.142467,-119.456505
46098,"Laguna Woods, CA",33.610607,-117.724976
12654,"McKinleyville, CA",40.966003,-124.10279
40493,"Rancho Mirage, CA",33.7583,-116.43473
19033,"Lindsay, CA",36.203007,-119.08816
55753,"El Segundo, CA",33.917027,-118.415634
6343,"Orland, CA",39.747112,-122.19113
5427,"King City, CA",43.92949,-79.52523
41673,"Westlake Village, CA",34.146023,-118.80618
19059,"Livingston, CA",37.386883,-120.72353
5693,"Loomis, CA",38.82129,-121.193
30526,"Bonita, CA",32.664913,-117.01704
25411,"Kingsburg, CA",36.51384,-119.553894
12520,"Malibu, CA",34.03559,-118.68942
26767,"Rio Linda, CA",38.687397,-121.45938
30267,"Artesia, CA",33.865356,-118.08062
3980,"Carpinteria, CA",34.398884,-119.518456
28774,"Half Moon Bay, CA",37.46355,-122.42859
32942,"Moraga, CA",37.834896,-122.12883
27244,"Stanford, CA",37.42654,-122.1703
10850,"Clearlake, CA",38.95823,-122.62637
10951,"Corning, CA",39.927658,-122.17915
39704,"Mc Farland, CA",33.962288,-117.40429
47544,"San Anselmo, CA",37.974434,-122.5615
9355,"Winton, CA",37.382336,-120.61854
8935,"Parlier, CA",36.61017,-119.53892
15237,"La Palma, CA",33.846405,-118.04673
41854,"Carmel-by-the-Sea, CA",36.555267,-121.92328
4632,"Exeter, CA",36.29617,-119.1421
52061,"Fort Bragg, CA",39.443657,-123.80576
14803,"Cottonwood, CA",40.39144,-122.2833
27960,"Willits, CA",39.409603,-123.35556
22081,"Firebaugh, CA",36.858837,-120.45601
30145,"Alamo, CA",37.855137,-122.00669
33300,"Pacific Grove, CA",36.621117,-121.91779
54345,"Scotts Valley, CA",37.05106,-122.01469
7666,"Valley Springs, CA",38.184727,-120.807106
18173,"Fortuna, CA",40.59741,-124.15604
21778,"Hawaiian Gardens, CA",33.82848,-118.07431
53162,"Marina del Rey, CA",33.977684,-118.44865
23717,"Bishop, CA",37.363678,-118.39524
25652,"Los Osos, CA",35.310722,-120.83235
53646,"Nuevo, CA",33.805634,-117.13956
17597,"Coto de Caza, CA",33.60134,-117.585625
53568,"Newman, CA",37.31395,-121.020424
53655,"Oak Park, CA",34.179203,-118.76197
10848,"Clayton, CA",37.941166,-121.93579
8572,"Hughson, CA",37.59696,-120.866005
24969,"Gridley, CA",39.363777,-121.69358
49205,"Lamont, CA",35.25968,-118.91427
272578,"Commerce, CA",34.00322,-118.1542
47583,"Sausalito, CA",37.859028,-122.485466
11745,"Grover Beach, CA",35.120945,-120.62183
55438,"Delhi, CA",37.43395,-120.77689
54299,"San Marino, CA",34.121593,-118.105736
15294,"Escalon, CA",37.79743,-120.996605
3493,"Avenal, CA",36.004124,-120.12903
4582,"Emeryville, CA",37.83141,-122.28653
45510,"Grand Terrace, CA",34.03391,-117.313835
113576,"Avocado Heights, CA",34.040676,-117.997246
29189,"Littlerock, CA",34.521366,-117.9874
10665,"Calimesa, CA",34.003906,-117.06198
52871,"Lakeport, CA",39.04316,-122.914085
3963,"Canyon Lake, CA",33.683655,-117.26261
33311,"Palos Verdes Estates, CA",33.78724,-118.40181
44661,"Coarsegold, CA",37.26217,-119.70098
51863,"El Sobrante, CA",37.974464,-122.30573
30459,"Big Bear City, CA",34.250546,-116.79144
12410,"Live Oak, CA",39.275723,-121.65997
6495,"Piedmont, CA",37.82437,-122.231636
50453,"Orosi, CA",36.54495,-119.28734
44406,"California City, CA",35.125927,-117.95987
28431,"Kelseyville, CA",38.977955,-122.83944
27103,"Signal Hill, CA",33.804825,-118.16826
36363,"Thermal, CA",33.62758,-116.125046
396550,"View Park-Windsor Hills, CA",33.99547,-118.351006
35618,"Ione, CA",38.35269,-120.93272
55743,"Hillsborough, CA",37.55725,-122.362526
20544,"Solana Beach, CA",32.991913,-117.267815
47695,"Sierra Madre, CA",34.161674,-118.05284
116032,"La Riviera, CA",38.568974,-121.351814
45919,"Jamul, CA",32.715508,-116.8668
28324,"Cloverdale, CA",38.80646,-123.017876
41200,"Templeton, CA",35.56053,-120.70076
10961,"Corte Madera, CA",37.92548,-122.52747
396561,"Muscoy, CA",34.15486,-117.34757
13436,"Rancho Santa Fe, CA",33.02423,-117.197975
39879,"Morro Bay, CA",35.365807,-120.8499
118875,"West Athens, CA",33.924007,-118.30028
31233,"Discovery Bay, CA",37.904285,-121.60225
9208,"Salida, CA",37.715137,-121.08668
115235,"Garden Acres, CA",37.965187,-121.22809
34285,"Tiburon, CA",37.877533,-122.46081
40576,"Rio Vista, CA",38.15575,-121.691345
27057,"Shasta Lake, CA",40.679962,-122.36265
7777,"Waterford, CA",37.64132,-120.76048
35659,"Gustine, CA",37.257717,-120.99882
36355,"Woodlake, CA",36.413483,-119.09863
44769,"Cotati, CA",38.32668,-122.70684
25710,"Magalia, CA",39.82199,-121.61066
19207,"Mariposa, CA",37.57015,-119.903656
18609,"Holtville, CA",32.813923,-115.378105
772012,"Rancho Mission Viejo, CA",33.51779,-117.57795
33727,"Rolling Hills Estates, CA",33.787796,-118.35813
40964,"Soquel, CA",36.99257,-121.94286
6814,"Rodeo, CA",38.028275,-122.23731
34907,"Woodside, CA",37.428062,-122.25074
10902,"Colfax, CA",39.100792,-120.95329
18319,"Gonzales, CA",36.508076,-121.4447
49384,"Earlimart, CA",35.88412,-119.27233
7981,"Winters, CA",38.524906,-121.9708
5315,"Jamestown, CA",37.958855,-120.404434
55294,"Yreka, CA",41.732616,-122.637764
51733,"Dos Palos, CA",36.986057,-120.62657
35723,"Joshua Tree, CA",34.12338,-116.31288
9553,"Mendota, CA",36.753548,-120.38155
17128,"Boulder Creek, CA",37.13786,-122.12183
5482,"Lake Arrowhead, CA",34.25718,-117.1909
28512,"Hilmar, CA",37.408546,-120.850204
9058,"Mentone, CA",34.07001,-117.13448
30748,"Capitola, CA",36.97629,-121.954056
24660,"Fairfax, CA",37.987293,-122.58797
13114,"Orange Cove, CA",36.624393,-119.31373
38070,"Crestline, CA",34.24755,-117.28603
29059,"Penn Valley, CA",39.194817,-121.19265
23986,"Castroville, CA",36.76579,-121.758
40242,"Paradise, CA",47.525593,-52.872414
113561,"August, CA",37.97992,-121.26215
57218,"Felton, CA",37.05134,-122.07329
34030,"Solvang, CA",34.596077,-120.138115
13355,"Pollock Pines, CA",38.749702,-120.57766
17542,"Colusa, CA",39.146557,-122.220955
22622,"Willows, CA",39.523327,-122.19353
11535,"Freedom, CA",36.938164,-121.802055
28219,"Denair, CA",37.525734,-120.797325
33679,"Riverdale, CA",43.67056,-79.35085
32578,"Los Altos Hills, CA",37.37966,-122.13747
4793,"Fowler, CA",36.630505,-119.67847
47510,"Saint Helena, CA",38.50523,-122.47004
31888,"Guadalupe, CA",34.971645,-120.57184
38491,"Farmersville, CA",36.29773,-119.20678
9403,"Thousand Palms, CA",33.807735,-116.350815
16677,"Acton, CA",34.480743,-118.18684
35858,"Mammoth Lakes, CA",37.643253,-118.96685
5721,"Lucerne Valley, CA",34.45128,-116.88895
30280,"Atherton, CA",37.453773,-122.205826
8996,"Newcastle, CA",38.874065,-121.13328
3929,"Calistoga, CA",38.578796,-122.579704
52752,"Kentfield, CA",37.945824,-122.55984
39132,"Jackson, CA",38.3488,-120.7741
26260,"Oceano, CA",35.10531,-120.61689
31994,"Heber, CA",32.733482,-115.53
43820,"Acampo, CA",38.17464,-121.27856
113412,"Alondra Park, CA",33.890133,-118.33514
7809,"Weed, CA",41.42265,-122.38612
32910,"Mojave, CA",35.05247,-118.173965
29900,"Cutler, CA",36.523285,-119.28678
29842,"Mecca, CA",33.57726,-116.06915
29536,"Sloughhouse, CA",38.495743,-121.19383
13070,"Oakhurst, CA",37.33318,-119.65724
39843,"Montecito, CA",34.43666,-119.63207
25246,"Indian Wells, CA",33.721798,-116.3383
30696,"Calipatria, CA",33.125576,-115.51403
116042,"Ladera Heights, CA",33.98795,-118.3698
25512,"Larkspur, CA",37.93409,-122.535255
56780,"Topanga, CA",34.067585,-118.59567
52124,"French Camp, CA",37.87629,-121.27174
49139,"Elverta, CA",38.71379,-121.46273
24797,"Frazier Park, CA",34.822754,-118.944824
26659,"Quincy, CA",39.93681,-120.94712
26968,"Santa Ynez, CA",34.616116,-120.093376
4757,"Forestville, CA",48.739437,-69.08821
33846,"San Martin, CA",37.089657,-121.594505
21307,"Williams, CA",39.154686,-122.14982
11960,"Homeland, CA",33.74562,-117.10775
33847,"San Miguel, CA",35.75496,-120.69323
18875,"La Habra Heights, CA",33.960453,-117.950424
39082,"Huron, CA",44.650307,-82.28185
32988,"Mount Shasta, CA",41.4092,-122.19486
54970,"Villa Park, CA",33.814754,-117.820625
30642,"Buellton, CA",34.613472,-120.19367
52481,"Helendale, CA",34.743874,-117.32449
16583,"Portola Valley, CA",37.37363,-122.21905
29320,"Strathmore, CA",51.04355,-113.39985
30417,"Ben Lomond, CA",37.089115,-122.08635
43361,"Redwood Valley, CA",39.265446,-123.20445
35623,"Diamond Springs, CA",38.694126,-120.816315
38563,"Foresthill, CA",39.001995,-120.8254
18914,"Lake Isabella, CA",35.638332,-118.48449
40110,"Oak View, CA",34.398052,-119.299
10725,"Caruthers, CA",36.539913,-119.84502
51274,"Carmel Valley, CA",36.479683,-121.732445
13318,"Pixley, CA",35.968666,-119.291954
36078,"Pinon Hills, CA",34.44187,-117.64594
26526,"Pismo Beach, CA",35.142742,-120.64129
50732,"Angels Camp, CA",38.069572,-120.540504
49694,"Pioneer, CA",38.431854,-120.57187
16791,"Arbuckle, CA",39.016876,-122.06246
39222,"Kensington, CA",46.43605,-63.637875
55226,"Wilton, CA",38.42031,-121.20637
17114,"Bonsall, CA",33.276257,-117.19964
5147,"Hidden Valley Lake, CA",38.802567,-122.53395
32510,"Linden, CA",51.59104,-113.48912
395646,"Pine Grove, CA",39.34934,-123.81418
16389,"Silverado, CA",50.884365,-114.07803
50350,"Camino, CA",38.738235,-120.67493
28730,"Guerneville, CA",38.51166,-122.98713
44161,"Big Bear Lake, CA",34.24406,-116.91018
19115,"Lower Lake, CA",38.897583,-122.6189
17264,"Cambria, CA",49.143963,-103.40438
40731,"San Andreas, CA",38.18756,-120.675385
46477,"Meadow Vista, CA",39.001648,-121.035675
39870,"Morongo Valley, CA",34.073902,-116.56293
56896,"Rescue, CA",38.711666,-120.951385
41987,"Brisbane, CA",37.687164,-122.402794
23931,"Campo, CA",32.652607,-116.47165
15893,"Wheatland, CA",39.009895,-121.42301
12710,"Middletown, CA",38.752403,-122.61498
10939,"Cool, CA",38.88705,-121.0158
24608,"Esparto, CA",38.69459,-122.02137
6922,"San Juan Bautista, CA",36.845516,-121.53799
34295,"Tipton, CA",36.060135,-119.31035
34252,"Terra Bella, CA",35.96062,-119.03585
43944,"Aromas, CA",36.8764,-121.643005
33040,"Needles, CA",34.838326,-114.603874
13695,"San Joaquin, CA",37.93729,-121.277374
38646,"Garden Valley, CA",53.523422,-113.99223
26560,"Plymouth, CA",38.481186,-120.847694
9940,"Palo Cedro, CA",40.563763,-122.23889
18968,"Le Grand, CA",37.217808,-120.25726
19430,"Montague, CA",46.170887,-62.653828
35808,"Moss Landing, CA",36.803593,-121.78628
24373,"Descanso, CA",32.864563,-116.63012
395645,"Mather, CA",49.09743,-99.19237
53467,"Murphys, CA",38.14834,-120.45055
24214,"Copperopolis, CA",37.941765,-120.636795
10150,"Anza, CA",33.576393,-116.697876
33510,"Portola, CA",39.810497,-120.46951
50501,"Groveland, CA",37.83826,-120.23269
37116,"Alturas, CA",41.48712,-120.54233
7504,"Twain Harte, CA",38.033733,-120.238495
54756,"Tuolumne, CA",38.056946,-119.991936
30663,"Burney, CA",40.888416,-121.67278
52658,"Ivanhoe, CA",36.385033,-119.22027
55547,"Clearlake Oaks, CA",39.017433,-122.65152
38643,"Garberville, CA",40.10057,-123.79614
11180,"Durham, CA",45.12554,-73.99228
56272,"Penngrove, CA",38.299637,-122.66666
27816,"Weaverville, CA",40.756493,-122.936646
16363,"Shingletown, CA",40.492546,-121.88901
25468,"Lake Hughes, CA",34.677456,-118.44871
4525,"Edwards, CA",45.322853,-75.46613
21395,"Wrightwood, CA",34.3608,-117.63405
114956,"Emerald Lake Hills, CA",37.46466,-122.26802
25621,"Llano, CA",34.50583,-117.81784
43627,"El Dorado, CA",38.757412,-120.52761
16691,"Agua Dulce, CA",34.49638,-118.32564
12418,"Lockeford, CA",38.16353,-121.14995
114651,"Del Monte Forest, CA",36.58635,-121.94746
34037,"Somis, CA",34.257225,-118.996216
31729,"Gerber, CA",40.056267,-122.15027
115913,"Kennedy, CA",43.73243,-79.263756
8185,"Del Mar, CA",32.959488,-117.26531
16769,"Angwin, CA",38.578354,-122.448654
34197,"Sutter Creek, CA",38.392967,-120.80244
5130,"Herald, CA",38.295746,-121.24439
20546,"Somerset, CA",73.07478,-93.58445
19462,"Morada, CA",38.04214,-121.24876
5319,"Janesville, CA",40.298134,-120.52677
55293,"Yountville, CA",38.402203,-122.359505
49269,"Ferndale, CA",40.577854,-124.262115
55765,"Georgetown, CA",46.184406,-62.531544
3491,"Avalon, CA",33.34221,-118.32726
55434,"Del Rey, CA",36.65599,-119.59894
49649,"Rio Dell, CA",40.499302,-124.10644
116208,"Lincoln Village, CA",38.0052,-121.32828
22833,"Running Springs, CA",34.21244,-117.12488
43832,"Aguanga, CA",33.455597,-116.85944
47812,"Springville, CA",36.130226,-118.818146
39371,"Laton, CA",36.43392,-119.6899
25341,"Julian, CA",33.073963,-116.587845
39840,"Monte Sereno, CA",37.236332,-121.992455
42819,"North Fork, CA",37.22957,-119.50961
18156,"Fort Jones, CA",41.60716,-122.84116
4905,"Glen Ellen, CA",38.355534,-122.53907
28458,"Keyes, CA",37.560463,-120.907234
5433,"Kings Beach, CA",39.23628,-120.02336
51000,"Biggs, CA",39.412388,-121.71275
13977,"Squaw Valley, CA",36.70593,-119.20012
22745,"Shandon, CA",35.65338,-120.38176
23775,"Boron, CA",35.01763,-117.66802
38044,"Covelo, CA",39.802414,-123.247795
48103,"Upper Lake, CA",39.148014,-122.90317
25499,"Landers, CA",34.266113,-116.393074
15874,"Mokelumne Hill, CA",38.300472,-120.70632
6840,"Ross, CA",37.962425,-122.55498
43338,"Westwood, CA",34.066895,-118.43994
18513,"Hayfork, CA",40.55431,-123.18308
53424,"Moss Beach, CA",37.52012,-122.50967
37680,"Buttonwillow, CA",35.418304,-119.43018
32596,"Lucerne, CA",39.0743,-122.801994
3333,"Ahwahnee, CA",37.367706,-119.72541
20742,"Tahoe City, CA",39.168938,-120.14348
10348,"Belvedere, CA",37.866394,-122.4627
44393,"Byron, CA",37.87406,-121.63466
29158,"Planada, CA",37.290775,-120.31852
35151,"Crockett, CA",38.036667,-122.205315
24680,"Farmington, CA",37.926643,-120.98536
11595,"Geyserville, CA",38.707687,-122.9025
26126,"Newberry Springs, CA",34.872192,-116.65335
35059,"Coulterville, CA",37.710487,-120.19797
6464,"Penryn, CA",38.852123,-121.169395
49278,"Gualala, CA",38.767445,-123.52983
22548,"Lost Hills, CA",35.632385,-119.677704
21425,"Bethel Island, CA",38.029034,-121.64001
29124,"Mendocino, CA",39.31765,-123.41264
28279,"Clarksburg, CA",44.54873,-80.465775
16066,"Volcano, CA",38.44279,-120.63097
15441,"Dulzura, CA",32.644226,-116.78141
4170,"Colma, CA",37.67668,-122.4596
36294,"Sutter, CA",38.950966,-121.69709
28224,"Auberry, CA",37.088535,-119.498024
14185,"Trinidad, CA",41.05929,-124.14313
17124,"Borrego Springs, CA",33.254856,-116.35695
34757,"West Point, CA",38.406155,-120.53792
9805,"White Water, CA",33.925014,-116.63835
19202,"Maricopa, CA",35.058857,-119.40095
20127,"Redway, CA",40.12179,-123.82271
49483,"Mountain Center, CA",33.714962,-116.72505
30035,"Nice, CA",39.12127,-122.83563
11477,"Forest Ranch, CA",39.882107,-121.67275
118880,"West Compton, CA",33.893906,-118.27063
21894,"La Grange, CA",37.663544,-120.46353
28143,"Cayucos, CA",35.442753,-120.89213
48710,"Arnold, CA",38.242043,-120.35516
7323,"Sunol, CA",37.583153,-121.89342
55078,"Weldon, CA",53.009132,-105.14801
9261,"Stratford, CA",43.37009,-80.981804
38481,"Fall River Mills, CA",41.004555,-121.44118
51769,"Dunsmuir, CA",41.20821,-122.27195
56684,"Wofford Heights, CA",35.710506,-118.47372
11975,"Hopland, CA",38.972954,-123.116394
44347,"Browns Valley, CA",39.242115,-121.40913
11787,"Hamilton City, CA",39.74266,-122.01359
50550,"Stevinson, CA",37.327744,-120.851616
34638,"Walnut Grove, CA",38.25031,-121.504776
10480,"Bodfish, CA",35.56889,-118.481186
16876,"Ballico, CA",37.45223,-120.70184
30364,"Bayside, CA",40.84235,-124.063675
53452,"Mountain Ranch, CA",38.235226,-120.506805
13232,"Pearblossom, CA",34.506382,-117.90979
11111,"Diablo, CA",37.834927,-121.958015
36187,"Prather, CA",37.03745,-119.51402
33516,"Potter Valley, CA",39.32211,-123.11306
23250,"Friant, CA",36.983856,-119.71346
24620,"Etna, CA",41.456768,-122.89509
10402,"Big Sur, CA",36.143703,-121.56459
54223,"Rough and Ready, CA",39.2296,-121.13868
43246,"Smartsville, CA",39.207394,-121.29857
44163,"Big Pine, CA",37.164913,-118.296326
36395,"Three Rivers, CA",36.438835,-118.90454
38169,"Del Rey Oaks, CA",36.593292,-121.83495
5577,"Laytonville, CA",39.672783,-123.494064
116192,"Lexington Hills, CA",37.16246,-121.98539
51609,"Crows Landing, CA",37.393826,-121.071594
13082,"Occidental, CA",38.401085,-122.93127
25271,"Irwindale, CA",34.10699,-117.93421
16563,"Pauma Valley, CA",33.303368,-116.981415
56936,"Herlong, CA",40.143513,-120.13465
9735,"Los Molinos, CA",40.021267,-122.100266
50478,"Pescadero, CA",37.251602,-122.382195
37463,"Blue Lake, CA",40.882908,-123.98395
22430,"Pilot Hill, CA",69.81042,-67.959595
38980,"Hidden Hills, CA",34.16409,-118.65784
55036,"Warner Springs, CA",33.28226,-116.63363
8383,"Berry Creek, CA",39.635033,-121.39096
46018,"Kenwood, CA",38.4138,-122.5461
36429,"Tollhouse, CA",37.01679,-119.40043
22736,"Woodbridge, CA",43.784897,-79.592384
32133,"Idyllwild, CA",33.740276,-116.71894
8113,"Cazadero, CA",38.53344,-123.08535
31255,"Douglas City, CA",40.65209,-122.94475
52619,"Igo, CA",40.50545,-122.5417
39301,"La Honda, CA",37.319107,-122.27413
6822,"Rolling Hills, CA",33.766804,-118.34966
12286,"Lakehead, CA",40.90515,-122.37918
55932,"Inyokern, CA",35.6469,-117.81257
12465,"Loyalton, CA",39.675095,-120.24437
41918,"Bolinas, CA",37.9078,-122.6952
18713,"Isleton, CA",38.16186,-121.61162
21063,"Vernalis, CA",37.630764,-121.28716
44404,"Caliente, CA",35.291073,-118.62787
22973,"Smith River, CA",41.83938,-124.11356
4227,"Courtland, CA",38.331024,-121.568565
10804,"Chester, CA",44.541332,-64.24119
15665,"Richvale, CA",43.841732,-79.44362
10649,"Cabazon, CA",33.90903,-116.77953
56437,"Loleta, CA",40.64117,-124.22448
42133,"Alpaugh, CA",35.887733,-119.48734
49497,"Raymond, CA",49.466667,-112.666664
53578,"Nicasio, CA",38.06159,-122.6986
45374,"Fulton, CA",43.137585,-79.670235
22866,"Soulsbyville, CA",37.994724,-120.26164
17814,"Doyle, CA",40.02786,-120.1042
27243,"Standish, CA",40.365177,-120.422165
20843,"Trinity Center, CA",40.9832,-122.699745
48738,"Boulevard, CA",32.662773,-116.29054
26567,"Point Reyes Station, CA",38.087933,-122.814384
8087,"Carlotta, CA",40.537357,-124.0606
25390,"Kettleman City, CA",36.008717,-119.96268
42196,"Hickman, CA",37.624527,-120.75613
35001,"Angelus Oaks, CA",34.145844,-116.98253
27137,"Snelling, CA",37.519104,-120.437416
38145,"Davenport, CA",43.669117,-79.44525
12804,"Monte Rio, CA",38.466286,-123.019615
26545,"Pleasant Grove, CA",46.3633,-63.07727
15366,"Dillon Beach, CA",38.248104,-122.95521
29400,"Tahoe Vista, CA",39.2489,-120.05213
10479,"Bodega Bay, CA",38.322144,-123.01547
13163,"Palermo, CA",39.43534,-121.535446
27485,"Tulelake, CA",41.95599,-121.47749
53784,"Pala, CA",33.365543,-117.066216
30306,"Avila Beach, CA",35.179974,-120.73184
36793,"Columbia, CA",49.20482,-122.906136
37539,"Bradley, CA",35.862843,-120.80372
21363,"Woodacre, CA",38.00431,-122.63694
396558,"Taft Mosswood, CA",37.91444,-121.28189
116571,"Mi Wuk Village, CA",38.060223,-120.176674
7461,"Tranquillity, CA",36.648838,-120.25266
49578,"Richgrove, CA",35.79662,-119.10788
53944,"Point Arena, CA",38.9088,-123.69307
39562,"Macdoel, CA",41.826817,-122.00529
23269,"Greenville, CA",40.136845,-120.95058
55491,"Chualar, CA",36.571465,-121.512405
36324,"Tahoma, CA",39.06742,-120.128525
28814,"Dunlap, CA",36.73828,-119.12095
32127,"Hydesville, CA",40.56164,-124.07959
29218,"Lone Pine, CA",36.583176,-118.07834
395655,"Meridian, CA",35.107464,-118.91427
5175,"Hinkley, CA",34.934704,-117.19921
7035,"Shaver Lake, CA",37.09688,-119.32022
14906,"Bradbury, CA",34.14695,-117.9709
42074,"Coleville, CA",38.5663,-119.50711
29478,"Sheridan, CA",38.979618,-121.37551
44960,"Dorris, CA",41.966896,-121.91805
49737,"Oak Run, CA",40.685154,-122.02472
8334,"Albion, CA",39.22351,-123.76862
19392,"Millville, CA",46.131035,-67.19597
42206,"Knights Landing, CA",38.800453,-121.720146
48045,"Trona, CA",35.759033,-117.37666
4994,"Greenwood, CA",49.089584,-118.67687
23100,"Stonyford, CA",39.374836,-122.54539
45025,"Earp, CA",34.164738,-114.30106
12257,"Lagunitas, CA",38.01131,-122.70221
49098,"Gasquet, CA",41.845695,-123.9771
56407,"Midpines, CA",37.54438,-119.92045
33674,"Rio Oso, CA",38.961018,-121.53832
21939,"Hornbrook, CA",41.90929,-122.5606
25535,"Lebec, CA",34.841644,-118.86482
36089,"North San Juan, CA",39.369865,-121.105446
55018,"Wallace, CA",38.19622,-120.95905
36188,"Los Olivos, CA",34.667763,-120.114845
51277,"Carnelian Bay, CA",39.227,-120.08124
25029,"Happy Camp, CA",41.81451,-123.38403
9661,"Onyx, CA",35.687366,-118.18036
55535,"Brownsville, CA",39.47322,-121.26913
42091,"Bell Canyon, CA",34.206345,-118.68582
27938,"Whitmore, CA",52.715714,-101.119774
45460,"Glenn, CA",39.591278,-122.37787
13688,"Salyer, CA",40.890137,-123.584496
8646,"Inverness, CA",46.259678,-71.52188
8621,"Green Valley Lake, CA",34.24084,-117.07726
57097,"Maxwell, CA",39.277004,-122.192406
7310,"Summerland, CA",49.6,-119.666664
25385,"Kernville, CA",35.73308,-118.43397
5743,"Lytle Creek, CA",34.259174,-117.50005
28085,"Cantua Creek, CA",36.50118,-120.31612
16803,"Armona, CA",36.315895,-119.70243
9629,"Montgomery Creek, CA",40.83943,-121.92316
9019,"Nicolaus, CA",38.90323,-121.577736
43915,"Applegate, CA",39.00086,-120.992035
15703,"Mc Kittrick, CA",30.390041,-97.76079
39275,"Klamath River, CA",41.790844,-123.020485
6106,"Myers Flat, CA",40.26625,-123.870316
29343,"Santa Ysabel, CA",33.10921,-116.67307
16595,"Jenner, CA",38.44964,-123.115555
9889,"Ducor, CA",35.89162,-119.047325
30789,"Catheys Valley, CA",37.432438,-120.09795
42809,"Pine Mountain Club, CA",34.84475,-119.157776
29978,"Lewiston, CA",40.693806,-122.806755
29311,"San Simeon, CA",35.613316,-121.14423
737786,"The Sea Ranch, CA",38.714977,-123.45501
30021,"Robbins, CA",38.87018,-121.70635
116477,"McArthur, CA",41.04055,-121.40559
56922,"Los Alamos, CA",34.73793,-120.26591
41959,"Creston, CA",49.097404,-116.51309
43355,"Ranchita, CA",33.21004,-116.516685
5706,"Lotus, CA",49.152218,-122.76878
18781,"Junction City, CA",40.7332,-123.05364
46263,"Litchfield, CA",45.77727,-76.592125
9931,"Jacumba, CA",32.630207,-116.175
44048,"Bass Lake, CA",37.31081,-119.545006
4382,"Dobbins, CA",39.37156,-121.20607
44433,"Capay, CA",38.70768,-122.04803
29284,"Whitethorn, CA",40.023754,-123.943085
50048,"Tomales, CA",38.246807,-122.9063
12571,"Markleeville, CA",38.667187,-119.83128
12768,"Miramonte, CA",36.692448,-119.05233
20014,"Pope Valley, CA",38.615185,-122.42776
37351,"Bella Vista, CA",40.64071,-122.232506
37263,"Bangor, CA",50.806816,-102.341064
18366,"Graton, CA",38.438618,-122.8657
3379,"Alta, CA",55.00125,-115.00214
35169,"Chilcoot, CA",39.797684,-120.13965
14347,"Vallecito, CA",38.07048,-120.44567
19216,"Marshall, CA",38.160477,-122.894165
51134,"Bridgeville, CA",40.46953,-123.79915
14937,"Bridgeport, CA",38.255756,-119.23127
11429,"Fiddletown, CA",38.503796,-120.755486
13118,"Oregon House, CA",39.35628,-121.27913
24895,"Gold Run, CA",39.180733,-120.855774
51322,"Cedarville, CA",41.52906,-120.17328
56453,"Port Costa, CA",38.04485,-122.184456
18678,"Independence, CA",36.821987,-118.20513
55926,"Grenada, CA",41.641804,-122.526276
35859,"Manchester, CA",45.452473,-61.468273
42528,"Montara, CA",37.54942,-122.49354
118339,"Sugarloaf, CA",44.778206,-63.524956
51161,"Brooks, CA",50.571026,-111.893005
11624,"Glencoe, CA",38.35408,-120.58493
49133,"Homewood, CA",44.655922,-75.588165
37727,"Camptonville, CA",39.451836,-121.04857
57212,"Forest Falls, CA",34.088345,-116.9203
55340,"Annapolis, CA",44.706493,-65.24982
13311,"Piru, CA",34.415615,-118.79275
19748,"Old Station, CA",40.67516,-121.43081
9346,"Taylorsville, CA",40.063133,-120.83983
46709,"New Cuyama, CA",34.946583,-119.68604
49856,"Stinson Beach, CA",37.899902,-122.64231
31974,"Hat Creek, CA",40.829823,-121.50867
15926,"San Geronimo, CA",38.006615,-122.66125
9878,"Elk Creek, CA",39.605156,-122.53916
13378,"Potrero, CA",32.616356,-116.604454
118321,"Strawberry, CA",37.8965,-122.50659
53898,"Pinecrest, CA",39.162674,-120.96828
23409,"Adin, CA",41.19484,-120.94423
12544,"Manton, CA",40.435158,-121.86999
30202,"Amador City, CA",38.419353,-120.824104
39397,"Lee Vining, CA",37.954483,-119.12329
30457,"Bieber, CA",41.121277,-121.14414
33926,"Seiad Valley, CA",41.841812,-123.194725
29304,"Willow Creek, CA",49.935833,-113.7709
46873,"Olancha, CA",36.270256,-117.99983
44839,"Daggett, CA",34.858154,-116.84304
42034,"Clio, CA",39.74955,-120.56508
17813,"Downieville, CA",39.560444,-120.82822
18137,"Forbestown, CA",39.51711,-121.26718
10870,"Clipper Mills, CA",39.53267,-121.157455
6388,"Palomar Mountain, CA",33.32281,-116.87864
36421,"Sierra City, CA",39.565548,-120.636
14669,"Wilseyville, CA",38.379078,-120.51465
53319,"Milford, CA",40.171288,-120.37244
52272,"Graeagle, CA",39.75334,-120.648445
28348,"Cobb, CA",38.822124,-122.723045
43173,"Yermo, CA",34.906662,-116.82308
23208,"Calpine, CA",39.66629,-120.43966
17841,"Dutch Flat, CA",39.206554,-120.83851
32271,"Keene, CA",35.22357,-118.56231
115391,"Green Valley, CA",34.616306,-118.40347
38527,"Fish Camp, CA",37.47855,-119.640434
118160,"Soda Springs, CA",39.323402,-120.379456
47697,"Sierraville, CA",39.589626,-120.36743
15467,"June Lake, CA",37.788612,-119.074615
27295,"Strawberry Valley, CA",39.564056,-121.1069
51262,"Canyon Dam, CA",50.89168,-115.37523
30017,"Mount Laguna, CA",32.871124,-116.424255
35629,"Fawnskin, CA",34.268063,-116.942535
9014,"McCloud, CA",41.249767,-122.13527
34274,"Thornton, CA",38.226074,-121.424545
9151,"Long Barn, CA",38.092976,-120.13435
48066,"Twin Bridges, CA",38.811554,-120.12119
50308,"Kyburz, CA",38.77463,-120.29686
395428,"Little Grass Valley, CA",39.726032,-120.954895
9731,"Cassel, CA",40.91905,-121.54776
396499,"Plumas Eureka, CA",39.799877,-120.66867
9376,"Tehama, CA",40.125134,-122.20155
23633,"Bear Valley, CA",37.568825,-120.11935
12132,"Johannesburg, CA",35.37173,-117.6425
8442,"Kirkwood, CA",38.702686,-120.072685
47855,"Stirling City, CA",39.907383,-121.52811
11093,"Denver, CO",39.739235,-104.98486
4172,"Colorado Springs, CO",38.833958,-104.82535
16846,"Aurora, CO",39.740513,-104.83099
4764,"Fort Collins, CO",40.587177,-105.07701
5519,"Lakewood, CO",39.708572,-105.08467
47250,"Pueblo, CO",38.263996,-104.61419
20793,"Thornton, CO",39.869553,-104.98518
30543,"Boulder, CO",40.014984,-105.270546
10181,"Arvada, CO",39.800552,-105.081154
34781,"Westminster, CO",39.836655,-105.0372
31819,"Grand Junction, CO",39.067257,-108.56448
44515,"Centennial, CO",39.579155,-104.87692
11695,"Greeley, CO",40.423313,-104.70913
32563,"Longmont, CO",40.167213,-105.10193
33334,"Parker, CO",39.51845,-104.76126
38992,"Highlands Ranch, CO",39.549725,-104.96957
46325,"Loveland, CO",40.397762,-105.07498
23984,"Castle Rock, CO",39.372253,-104.85868
10574,"Broomfield, CO",39.9404,-105.05208
19055,"Littleton, CO",39.61332,-105.01665
17545,"Commerce City, CO",39.80832,-104.93387
17163,"Brighton, CO",39.983723,-104.81108
45470,"Golden, CO",39.754635,-105.22058
4592,"Englewood, CO",39.648205,-104.98796
26213,"Northglenn, CO",39.910088,-104.98755
12817,"Montrose, CO",38.43754,-108.24039
396536,"Security-Widefield, CO",38.74872,-104.71159
12251,"Lafayette, CO",39.993595,-105.08971
11179,"Durango, CO",37.276947,-107.8766
4790,"Fountain, CO",38.68222,-104.700806
50547,"Wheat Ridge, CO",39.766098,-105.07721
6030,"Monument, CO",39.09166,-104.87276
3958,"Canon City, CO",38.44225,-105.23488
33400,"Peyton, CO",39.02888,-104.483025
38414,"Erie, CO",40.050262,-105.04998
24634,"Evergreen, CO",39.63616,-105.32146
21337,"Windsor, CO",40.47748,-104.90136
775810,"Dakota Ridge, CO",40.542282,-105.028824
51948,"Evans, CO",40.377216,-104.69776
12834,"Morrison, CO",39.6536,-105.1911
19107,"Louisville, CO",39.977764,-105.13193
20642,"Steamboat Springs, CO",40.4848,-106.83173
4776,"Fort Morgan, CO",40.25026,-103.79995
20651,"Sterling, CO",40.62554,-103.20771
46297,"Lone Tree, CO",39.536415,-104.90415
48972,"Berthoud, CO",40.313507,-104.97007
38807,"Greenwood Village, CO",39.61721,-104.95081
24889,"Glenwood Springs, CO",39.54664,-107.32469
21839,"Fruita, CO",39.15887,-108.72899
48660,"Cortez, CO",37.349453,-108.584076
52071,"Fort Lupton, CO",40.084705,-104.81303
10057,"Alamosa, CO",37.5781,-105.78905
7811,"Welby, CO",39.83835,-104.96649
24357,"Delta, CO",38.836876,-107.85683
20177,"Rifle, CO",39.534702,-107.78312
52003,"Federal Heights, CO",39.859127,-105.01563
4548,"Elizabeth, CO",39.360287,-104.59687
52113,"Frederick, CO",40.09915,-104.9372
44647,"Clifton, CO",39.080074,-108.459274
8000,"Woodland Park, CO",38.9938,-105.057045
38056,"Craig, CO",40.515247,-107.546455
16005,"Superior, CO",39.952763,-105.168594
6376,"Pagosa Springs, CO",37.269566,-107.01082
31558,"Firestone, CO",40.112484,-104.936646
18759,"Johnstown, CO",40.33503,-104.90929
3468,"Aspen, CO",39.191113,-106.82356
14934,"Breckenridge, CO",39.482914,-106.04655
15404,"Gypsum, CO",39.64693,-106.95171
18876,"La Junta, CO",37.98501,-103.54383
119344,"Castle Pines, CO",39.471363,-104.89517
52360,"Gunnison, CO",38.64767,-107.06031
36876,"Edwards, CO",39.62446,-106.63085
20318,"Salida, CO",38.53712,-105.99097
51865,"Elbert, CO",39.31388,-104.0869
41283,"Trinidad, CO",37.169395,-104.50054
45186,"Estes Park, CO",40.377193,-105.52322
10710,"Carbondale, CO",39.400566,-107.21124
23622,"Bayfield, CO",37.22556,-107.598114
41448,"Vail, CO",39.643803,-106.388824
5523,"Lamar, CO",38.08723,-102.62075
55079,"Wellington, CO",40.703873,-105.00858
775610,"Cherry Creek, CO",39.535904,-104.78292
27109,"Silverthorne, CO",39.63179,-106.075226
13759,"Sedalia, CO",39.443657,-104.976555
37640,"Buena Vista, CO",38.842216,-106.13113
46547,"Milliken, CO",40.329426,-104.85525
4197,"Conifer, CO",39.523342,-105.3055
15283,"Leadville, CO",39.250824,-106.29253
55662,"Franktown, CO",39.38942,-104.74797
35225,"Basalt, CO",39.368874,-107.03282
19902,"Penrose, CO",38.41166,-105.003235
39969,"New Castle, CO",39.571476,-107.534966
10591,"Brush, CO",40.25849,-103.623474
53390,"Monte Vista, CO",37.58162,-106.14967
30806,"Cedaredge, CO",38.90165,-107.92645
50509,"Ignacio, CO",37.115005,-107.63311
36384,"Sheridan, CO",39.646927,-105.025055
37852,"Cherry Hills Village, CO",39.641655,-104.95943
16865,"Bailey, CO",39.406467,-105.4717
8747,"Eagle, CO",39.61611,-106.717285
19981,"Platteville, CO",40.21498,-104.82275
29819,"Lochbuie, CO",40.011112,-104.71636
29776,"La Salle, CO",40.34887,-104.70191
56176,"Mancos, CO",37.345192,-108.289
40241,"Parachute, CO",39.446423,-108.05227
7075,"Silt, CO",39.54859,-107.65617
119469,"Derby, CO",39.83564,-104.93262
42227,"Las Animas, CO",37.30966,-104.05914
39098,"Idaho Springs, CO",39.742596,-105.51363
120500,"Todd Creek, CO",39.971848,-104.868774
9594,"Rocky Ford, CO",38.053738,-103.719185
3494,"Avon, CO",39.634274,-106.52224
23911,"Calhan, CO",39.035545,-104.29719
25730,"Manitou Springs, CO",38.858578,-104.91787
46963,"Palisade, CO",39.11026,-108.35092
55406,"Dacono, CO",40.084705,-104.93942
8471,"Larkspur, CO",39.228848,-104.88449
18127,"Florissant, CO",38.945824,-105.28944
396537,"Stratmoor, CO",38.770542,-104.77823
29333,"Yuma, CO",40.01635,-102.45825
32273,"Keenesburg, CO",40.105774,-104.51788
12486,"Lyons, CO",40.224434,-105.27053
52230,"Glendale, CO",39.704815,-104.93351
44952,"Dolores, CO",37.75248,-108.45961
38324,"Edgewater, CO",39.745724,-105.06218
14462,"Walsenburg, CO",37.623524,-104.781
23886,"Burlington, CO",39.304684,-102.268005
42917,"Olathe, CO",38.604984,-107.98229
11665,"Granby, CO",40.086098,-105.93946
49882,"Strasburg, CO",39.73195,-104.34918
4247,"Crested Butte, CO",38.86982,-106.98404
29995,"Hudson, CO",40.073444,-104.64298
7017,"Severance, CO",40.523163,-104.85092
17781,"Divide, CO",38.941936,-105.15721
13288,"Pine, CO",37.229176,-107.60155
21250,"Westcliffe, CO",38.12927,-105.46565
23133,"Meeker, CO",40.03747,-107.91313
11074,"Del Norte, CO",37.67889,-106.35337
8412,"Frisco, CO",39.57686,-106.09283
43991,"Ault, CO",40.58248,-104.73191
21854,"Kiowa, CO",38.44112,-102.76285
48582,"Wray, CO",40.075882,-102.22325
120020,"Meridian, CO",39.551155,-104.8491
32017,"Hesperus, CO",37.28611,-108.03952
39032,"Holyoke, CO",40.58444,-102.30241
16394,"Byers, CO",39.709152,-104.222
40569,"Ridgway, CO",38.152767,-107.76173
25191,"Hotchkiss, CO",38.799706,-107.719505
6339,"Ordway, CO",38.21806,-103.75606
30037,"Sanford, CO",37.258343,-105.90475
23000,"Hayden, CO",40.495003,-107.25885
56787,"Watkins, CO",39.74434,-104.603195
17355,"Center, CO",37.753544,-106.108215
22292,"Nederland, CO",39.961376,-105.51083
26811,"Rockvale, CO",38.36972,-105.16389
36678,"Paonia, CO",38.86832,-107.592
18865,"Kremmling, CO",40.05874,-106.38863
3338,"Akron, CO",40.160538,-103.214386
35811,"Mount Crested Butte, CO",38.907658,-106.969055
119632,"Genesee, CO",39.686043,-105.2741
54700,"Timnath, CO",40.529438,-104.982086
48991,"Kersey, CO",40.38748,-104.56162
55874,"Grand Lake, CO",40.25221,-105.82307
34830,"Whitewater, CO",38.991093,-108.45342
6683,"Rangely, CO",40.087475,-108.80483
48491,"Wiggins, CO",40.230434,-104.07446
40231,"Palmer Lake, CO",39.122215,-104.917206
25835,"Mead, CO",40.23332,-104.99859
39433,"Limon, CO",39.266045,-103.68567
10984,"Crawford, CO",38.703922,-107.60947
36148,"Loma, CO",39.195812,-108.813156
16469,"Antonito, CO",37.079178,-106.00863
33124,"Niwot, CO",40.101677,-105.15349
18954,"Laporte, CO",40.62703,-105.13775
4960,"Grant, CO",39.45978,-105.66218
30101,"Fowler, CO",38.130573,-104.02378
37365,"Bellvue, CO",40.62637,-105.171646
260536,"Colorado City, CO",37.941647,-104.85167
19711,"Oak Creek, CO",40.274982,-106.95838
51670,"De Beque, CO",39.334774,-108.21529
50020,"Yoder, CO",38.83944,-104.22191
21468,"Cotopaxi, CO",38.370274,-105.68806
120107,"North Washington, CO",39.80721,-104.97887
12412,"Livermore, CO",40.794075,-105.21889
119114,"Acres Green, CO",39.556793,-104.89519
39302,"La Jara, CO",37.27501,-105.960304
20537,"Snowmass Village, CO",39.213043,-106.93782
55457,"Cripple Creek, CO",38.746655,-105.178314
24665,"Fairplay, CO",39.22519,-106.00195
12146,"Julesburg, CO",40.988327,-102.26435
119390,"Coal Creek, CO",38.36111,-105.14832
31349,"Eaton, CO",40.526047,-104.7113
35349,"Fraser, CO",39.947285,-105.81542
12003,"Hugo, CO",39.13463,-103.471405
8179,"Bow Mar, CO",39.628323,-105.04999
22857,"Rye, CO",37.92362,-104.93027
10909,"Collbran, CO",39.240536,-107.96118
36694,"La Veta, CO",37.505013,-105.007774
29113,"Pierce, CO",40.635536,-104.75524
24170,"Columbine Valley, CO",39.601097,-105.0322
19863,"Parshall, CO",40.05693,-106.1753
15417,"Drake, CO",40.431942,-105.33931
19707,"Nunn, CO",40.72937,-104.77718
16729,"Alma, CO",39.283905,-106.062614
15517,"Ophir, CO",37.856937,-107.832565
46104,"Lake George, CO",38.9804,-105.35843
31257,"Dove Creek, CO",37.7661,-108.90594
36867,"Deer Trail, CO",39.61313,-104.04452
26315,"Orchard City, CO",38.828316,-107.9709
26065,"Nathrop, CO",38.745926,-106.07855
37573,"Briggsdale, CO",40.63434,-104.32777
26527,"Pitkin, CO",39.203777,-106.86953
19854,"Parlin, CO",38.503036,-106.72943
46323,"Louviers, CO",39.483246,-104.99967
37498,"Boone, CO",38.24821,-104.256805
396035,"Downieville-Lawson-Dumont, CO",39.762352,-105.62121
19702,"Nucla, CO",38.269436,-108.54787
34984,"Carr, CO",40.894928,-104.87548
9547,"Weston, CO",37.132805,-104.84888
6358,"Otis, CO",40.149387,-102.96137
46623,"Mosca, CO",37.651237,-105.871185
42452,"Fleming, CO",40.679993,-102.83936
40150,"Olney Springs, CO",38.166115,-103.94468
50963,"Bennett, CO",39.74602,-104.4432
20095,"Ramah, CO",39.121655,-104.165794
35854,"Red Feather Lakes, CO",40.80769,-105.57562
16516,"Como, CO",45.81156,9.083035
7814,"Weldona, CO",40.346092,-103.96912
11824,"Hartsel, CO",39.02163,-105.79678
8746,"Eads, CO",38.480995,-102.781784
52584,"Howard, CO",38.44861,-105.83529
54298,"San Luis, CO",6.042813,-74.99441
11751,"Guffey, CO",38.751102,-105.521385
35161,"Avondale, CO",38.23654,-104.34998
4369,"Dillon, CO",39.630264,-106.043304
52170,"Gardner, CO",37.78334,-105.16556
23310,"Moffat, CO",40.608315,-108.25234
52039,"Florence, CO",38.390278,-105.1186
31743,"Gill, CO",40.454147,-104.54218
36926,"Placerville, CO",38.01666,-108.053406
47873,"Stratton, CO",39.30572,-102.604965
12493,"Mack, CO",39.22387,-108.865105
32682,"Manzanola, CO",38.10945,-103.866066
21577,"Creede, CO",37.848324,-106.925476
10023,"Almont, CO",38.664715,-106.84615
16245,"Wetmore, CO",38.23848,-105.08502
48326,"Ward, CO",40.07221,-105.50833
41110,"Sugar City, CO",38.233482,-103.6629
34883,"Winter Park, CO",39.91804,-105.78556
53454,"Mountain Village, CO",37.93138,-107.85645
27166,"South Fork, CO",37.67093,-106.642494
31845,"Green Mountain Falls, CO",38.934124,-105.01517
21427,"Beulah, CO",38.075005,-104.98666
31633,"Foxfield, CO",39.588074,-104.78519
7126,"Somerset, CO",38.92619,-107.47031
24757,"Fort Garland, CO",37.428173,-105.43607
12032,"Iliff, CO",40.75669,-103.06664
25748,"Marble, CO",39.072212,-107.188934
6880,"Saguache, CO",38.094536,-106.35634
32817,"Merino, CO",40.482483,-103.351326
24590,"Empire, CO",39.76111,-105.683
120074,"Mountain View, CO",39.774754,-105.05669
39273,"Kit Carson, CO",39.30806,-102.62075
55446,"Atwood, CO",40.545727,-103.279816
37453,"Blanca, CO",37.438065,-105.51585
40912,"Silverton, CO",37.81153,-107.66437
12042,"Indian Hills, CO",39.62448,-105.24324
28996,"Redstone, CO",39.18082,-107.23977
34840,"Wiley, CO",38.154175,-102.71964
46828,"Norwood, CO",38.130547,-108.292305
30868,"Cheyenne Wells, CO",38.821396,-102.35324
55868,"Lake City, CO",38.03047,-107.316986
38534,"Flagler, CO",39.293045,-103.06716
9094,"Pleasant View, CO",37.589436,-108.7651
42263,"Glade Park, CO",38.99376,-108.7407
45936,"Jefferson, CO",39.56998,-105.256195
55580,"Agate, CO",39.461967,-103.94298
32194,"Jamestown, CO",40.11554,-105.3886
53686,"Ohio City, CO",41.485302,-81.709946
45861,"Idalia, CO",39.70388,-102.29381
54421,"Silver Cliff, CO",38.118874,-105.41798
13856,"Simla, CO",39.141655,-104.08385
17913,"Eckley, CO",40.113876,-102.49075
9061,"Mesa, CO",39.058907,-108.565994
50002,"Telluride, CO",37.937492,-107.81229
12914,"Naturita, CO",38.21909,-108.57269
44615,"Clark, CO",40.706085,-106.91922
40204,"Ovid, CO",40.96055,-102.38796
23299,"Peetz, CO",40.962013,-103.11537
16285,"Allenspark, CO",40.194427,-105.52555
44802,"Crestone, CO",37.99544,-105.699196
13889,"Snyder, CO",40.329147,-103.59634
6363,"Ouray, CO",38.146046,-107.741486
31114,"Crook, CO",40.857803,-102.801186
45684,"Hasty, CO",38.112427,-102.95737
5352,"Joes, CO",39.65638,-102.67882
52581,"Hot Sulphur Springs, CO",40.07395,-106.10649
26718,"Redvale, CO",38.17499,-108.41731
16655,"Cimarron, CO",38.44249,-107.556725
11910,"Hillrose, CO",40.325832,-103.52101
52789,"Kirk, CO",39.612823,-102.59197
33520,"Powderhorn, CO",38.27694,-107.09589
27681,"Victor, CO",38.70999,-105.13998
120008,"McClave, CO",38.13751,-102.85048
23185,"Central City, CO",39.801933,-105.51416
54425,"Silver Plume, CO",39.6961,-105.72584
15733,"Phippsburg, CO",40.23212,-106.944756
16090,"Yampa, CO",40.155346,-106.90858
120529,"Twin Lakes, CO",39.824272,-105.00642
46236,"Lewis, CO",37.499714,-108.669266
47188,"Poncha Springs, CO",38.51388,-106.073715
119662,"Gold Hill, CO",40.06339,-105.41034
5100,"Haxtun, CO",40.6411,-102.62686
56562,"Williamsburg, CO",38.381943,-105.15193
20169,"Rico, CO",37.692688,-108.0315
19072,"Log Lane Village, CO",40.270535,-103.82967
52196,"Georgetown, CO",39.706226,-105.69713
3806,"Bridgeport, CT",41.179268,-73.18879
27239,"Stamford, CT",41.05343,-73.538734
6155,"New Haven, CT",41.308212,-72.92505
5071,"Hartford, CT",41.764584,-72.69086
34671,"Waterbury, CT",41.55381,-73.04384
26222,"Norwalk, CT",41.117596,-73.4079
31166,"Danbury, CT",41.394817,-73.45401
19573,"New Britain, CT",41.66121,-72.77954
14552,"West Hartford, CT",41.762043,-72.74204
45565,"Greenwich, CT",41.026485,-73.628456
5043,"Hamden, CT",41.383625,-72.90201
17172,"Bristol, CT",41.67352,-72.94649
31506,"Fairfield, CT",41.14121,-73.263725
19321,"Meriden, CT",41.538155,-72.807045
398963,"Manchester, CT",41.7834,-72.5232
27864,"West Haven, CT",41.270653,-72.947044
14016,"Stratford, CT",41.192364,-73.13049
17871,"East Hartford, CT",41.767914,-72.64451
12725,"Milford, CT",41.22222,-73.05706
46523,"Middletown, CT",41.562317,-72.65091
27747,"Wallingford, CT",41.456425,-72.82394
27196,"Southington, CT",41.600544,-72.878296
11325,"Enfield, CT",41.976772,-72.59171
7045,"Shelton, CT",41.3547,-73.138306
33189,"Norwich, CT",41.524353,-72.0759
397380,"Groton, CT",41.3454,-72.04622
23050,"Trumbull, CT",41.242874,-73.20067
27445,"Torrington, CT",41.80065,-73.12122
8509,"Glastonbury, CT",41.712322,-72.60815
35891,"Naugatuck, CT",41.48602,-73.05094
22400,"Newington, CT",41.697876,-72.72371
34545,"Vernon Rockville, CT",41.859703,-72.4326
50553,"Windsor, CT",41.8526,-72.6437
24056,"Cheshire, CT",41.498936,-72.90099
398661,"New Milford, CT",41.5771,-73.41058
397516,"Branford, CT",41.27954,-72.8151
4474,"East Haven, CT",41.276207,-72.86843
397566,"Newtown, CT",41.413475,-73.30865
14599,"Wethersfield, CT",41.714268,-72.652596
16208,"South Windsor, CT",41.83524,-72.556274
737791,"Mansfield, CT",41.778214,-72.21316
18081,"Farmington, CT",41.719822,-72.83205
12947,"New London, CT",41.355618,-72.09978
7892,"Westport, CT",41.141487,-73.357895
397582,"Ridgefield, CT",41.281483,-73.49818
34004,"Simsbury, CT",41.875916,-72.80122
36071,"North Haven, CT",41.39093,-72.85954
398151,"Guilford, CT",41.28276,-72.68163
43230,"Watertown, CT",41.60621,-73.118164
11043,"Darien, CT",41.07871,-73.469284
37394,"Berlin, CT",41.621487,-72.74565
14813,"Bloomfield, CT",41.8313,-72.73703
12935,"New Canaan, CT",41.146763,-73.49484
397682,"Bethel, CT",41.37121,-73.41401
35968,"Rocky Hill, CT",41.66482,-72.63926
47780,"Southbury, CT",41.481483,-73.21317
30227,"Ansonia, CT",41.34343,-73.04411
46578,"Monroe, CT",41.332596,-73.20734
23560,"Avon, CT",41.809822,-72.83065
12820,"Montville, CT",41.456425,-72.143074
49873,"Wilton, CT",41.195374,-73.4379
395767,"Killingly, CT",41.8261,-71.876434
26536,"Plainville, CT",41.67114,-72.86724
23843,"Brookfield, CT",41.482594,-73.40957
32633,"Madison, CT",41.279427,-72.59831
22620,"Willimantic, CT",41.712135,-72.214745
48349,"Waterford, CT",41.343025,-72.12905
399104,"Stonington, CT",41.335934,-71.90591
54370,"Seymour, CT",41.39436,-73.07417
7985,"Wolcott, CT",41.602318,-72.98677
45134,"Ellington, CT",41.903988,-72.46981
27304,"Suffield, CT",41.981693,-72.65066
399082,"Colchester, CT",41.575653,-72.33202
25537,"Ledyard, CT",41.438606,-72.01752
26533,"Plainfield, CT",41.676487,-71.91507
34304,"Tolland, CT",41.870018,-72.367714
19768,"Orange, CT",41.27843,-73.02566
55461,"Cromwell, CT",41.594994,-72.64557
40041,"North Branford, CT",41.3276,-72.76732
26095,"New Fairfield, CT",41.466484,-73.48568
395571,"East Hampton, CT",41.575844,-72.50248
28949,"Oxford, CT",41.43518,-73.11728
14971,"Derby, CT",41.32017,-73.03893
55232,"Windsor Locks, CT",41.93121,-72.631386
51566,"Coventry, CT",41.7701,-72.30508
398032,"Clinton, CT",41.27871,-72.52759
19994,"Plymouth, CT",41.67203,-73.05289
7233,"Stafford Springs, CT",41.962387,-72.31293
397625,"Granby, CT",41.95383,-72.789314
42536,"Old Saybrook, CT",41.291763,-72.3762
398245,"Somers, CT",41.985596,-72.447395
9987,"Weston, CT",41.20213,-73.38127
23937,"Canton, CT",41.824543,-72.893715
41780,"Woodbury, CT",41.54454,-73.209
22067,"Griswold, CT",41.584465,-71.940735
26632,"Prospect, CT",41.50232,-72.978714
398080,"Portland, CT",41.572906,-72.64069
37659,"Burlington, CT",41.769264,-72.96455
33559,"Putnam, CT",41.91531,-71.909256
43183,"Thompson, CT",41.95871,-71.86257
11859,"Hebron, CT",41.65825,-72.36463
48566,"Woodbridge, CT",41.3532,-73.01149
11218,"East Haddam, CT",41.452858,-72.461334
33609,"Redding, CT",41.302597,-73.38345
3836,"Brooklyn, CT",41.788155,-71.9498
14716,"Woodstock, CT",41.948433,-71.974144
6200,"Niantic, CT",41.321247,-72.19342
398200,"Litchfield, CT",41.74732,-73.18872
51799,"East Lyme, CT",41.348213,-72.2093
53703,"Old Lyme, CT",41.31625,-72.32962
19347,"Middlebury, CT",41.527866,-73.12831
15153,"Easton, CT",41.252872,-73.29734
47984,"Thomaston, CT",41.673985,-73.073166
397886,"Durham, CT",41.481766,-72.681206
25531,"Lebanon, CT",41.63621,-72.21258
6153,"New Hartford, CT",41.878834,-72.979614
10561,"Broad Brook, CT",41.90852,-72.54123
395679,"Essex, CT",41.332314,-72.395195
46034,"Killingworth, CT",41.358154,-72.563705
12575,"Marlborough, CT",41.63145,-72.45956
44076,"Beacon Falls, CT",41.442875,-73.06261
41745,"Windham, CT",41.699352,-72.15782
29303,"Willington, CT",41.875793,-72.264275
399018,"Harwinton, CT",41.77121,-73.05983
41756,"Winsted, CT",41.921207,-73.060104
10384,"Bethany, CT",41.421764,-72.99705
36556,"Westbrook, CT",41.28603,-72.448784
30991,"Columbia, CT",41.70204,-72.30119
26198,"North Stonington, CT",41.512466,-71.84579
38285,"East Granby, CT",41.941803,-72.7275
38982,"Higganum, CT",41.496475,-72.55879
30734,"Canterbury, CT",41.698204,-71.970985
27973,"Winchester, CT",41.918743,-73.1045
44247,"Bolton, CT",41.76899,-72.43342
397366,"Preston, CT",41.526802,-71.98214
11239,"East Windsor, CT",41.915638,-72.61299
397781,"Deep River, CT",41.385654,-72.43564
3953,"Canaan, CT",42.026985,-73.32948
19348,"Middlefield, CT",41.516518,-72.71208
6558,"Pomfret Center, CT",41.88732,-71.96202
397102,"Lisbon, CT",41.586685,-72.02078
8172,"Ashford, CT",41.873154,-72.12147
13674,"Salem, CT",41.49127,-72.27621
54289,"Salisbury, CT",41.983425,-73.421234
44567,"Chester, CT",41.403156,-72.45092
34134,"Sterling, CT",41.7076,-71.82868
21631,"Barkhamsted, CT",41.929264,-72.913994
20465,"Sherman, CT",41.57926,-73.49568
5029,"Haddam, CT",41.48034,-72.51606
44153,"Bethlehem, CT",41.639362,-73.20808
45489,"Goshen, CT",41.831764,-73.22511
28125,"Andover, CT",41.73732,-72.37036
32290,"Kent, CT",41.72469,-73.47692
7202,"Sprague, CT",41.61483,-72.05435
47646,"Sharon, CT",41.87926,-73.47679
54998,"Voluntown, CT",41.573162,-71.866135
42579,"Lyme, CT",41.394497,-72.351036
57159,"Bozrah, CT",41.552265,-72.16799
44547,"Chaplin, CT",41.79482,-72.1273
28886,"Morris, CT",41.684265,-73.19623
20259,"Roxbury, CT",41.556828,-73.30889
397382,"Hartland, CT",41.996204,-72.979546
18187,"Franklin, CT",41.609055,-72.14619
37570,"Bridgewater, CT",41.535095,-73.366234
25020,"Hampton, CT",41.78399,-72.054794
33133,"Norfolk, CT",41.989994,-73.19911
8404,"Eastford, CT",41.90207,-72.07991
49920,"Scotland, CT",41.6982,-72.082085
7178,"South Windham, CT",41.682472,-72.182495
24153,"Colebrook, CT",41.98947,-73.09586
7763,"Warren, CT",41.742874,-73.34873
10956,"Cornwall, CT",41.843704,-73.329285
41567,"Washington, CT",41.631485,-73.31068
50149,"Union, CT",41.99093,-72.1573
39985,"New Preston, CT",41.67918,-73.35574
10248,"Bantam, CT",41.724945,-73.242256
41568,"Washington, DC",38.89504,-77.036545
14667,"Wilmington, DE",39.745945,-75.54659
6183,"Newark, DE",39.682835,-75.75157
11141,"Dover, DE",39.15817,-75.52437
26091,"New Castle, DE",39.615986,-75.66296
19355,"Middletown, DE",39.449764,-75.71664
10301,"Bear, DE",39.618587,-75.67955
19002,"Lewes, DE",38.773396,-75.137955
34023,"Smyrna, DE",39.299835,-75.60465
16449,"Millsboro, DE",38.591503,-75.291306
49102,"Georgetown, DE",38.690052,-75.38587
43090,"Seaford, DE",38.641346,-75.61146
53320,"Milford, DE",38.913044,-75.42787
50570,"Townsend, DE",39.39511,-75.6916
11931,"Hockessin, DE",39.787426,-75.687996
37901,"Claymont, DE",39.804626,-75.4555
8631,"Laurel, DE",38.556503,-75.57131
25908,"Milton, DE",38.777805,-75.31016
10675,"Camden, DE",39.113445,-75.54187
25711,"Magnolia, DE",39.071552,-75.475746
35634,"Felton, DE",39.008446,-75.57798
47330,"Rehoboth Beach, DE",38.716476,-75.08351
3809,"Bridgeville, DE",38.74272,-75.6032
35347,"Frankford, DE",38.51804,-75.233765
29895,"Clayton, DE",39.284195,-75.63219
40817,"Selbyville, DE",38.46064,-75.2216
39435,"Lincoln, DE",38.866184,-75.42359
46856,"Ocean View, DE",38.547634,-75.088135
44898,"Delmar, DE",38.45868,-75.56681
38376,"Elsmere, DE",39.73808,-75.59592
30083,"Dagsboro, DE",38.54928,-75.24574
18487,"Hartly, DE",39.168724,-75.713264
52112,"Frederica, DE",39.00757,-75.45936
50502,"Harbeson, DE",38.724834,-75.28491
121851,"Ardencroft, DE",39.805546,-75.48573
44149,"Bethany Beach, DE",38.537968,-75.05887
4559,"Ellendale, DE",38.806755,-75.42233
17743,"Delaware City, DE",39.57789,-75.58881
55828,"Houston, DE",38.917553,-75.50521
44110,"Bellefonte, DE",39.767715,-75.49855
122555,"Kent Acres, DE",39.131836,-75.51707
9015,"Newport, DE",39.713722,-75.60937
5831,"Marydel, DE",39.112335,-75.74438
123001,"Rodney Village, DE",39.129047,-75.54442
16031,"Wyoming, DE",39.118168,-75.558815
38901,"Harrington, DE",38.923725,-75.577705
34600,"Viola, DE",39.042892,-75.57187
10163,"Arden, DE",39.80928,-75.48659
18092,"Fenwick Island, DE",38.462334,-75.05129
121852,"Ardentown, DE",39.808445,-75.48298
49782,"Odessa, DE",39.457333,-75.661316
123128,"South Bethany, DE",38.52161,-75.06396
23726,"Blades, DE",38.635662,-75.60936
55649,"Bethel, DE",38.57067,-75.61937
35622,"Dewey Beach, DE",38.691185,-75.07527
52332,"Greenwood, DE",38.807056,-75.59132
396704,"Bowers, DE",39.05991,-75.40141
40937,"Slaughter Beach, DE",38.91244,-75.30455
25290,"Jacksonville, FL",30.332184,-81.65565
13121,"Orlando, FL",28.54211,-81.37903
12700,"Miami, FL",25.774174,-80.19362
41176,"Tampa, FL",27.94776,-82.45844
19533,"Naples, FL",26.142197,-81.7943
26922,"Saint Petersburg, FL",27.770048,-82.63591
47945,"Tallahassee, FL",30.438084,-84.28093
25483,"Lakeland, FL",28.039465,-81.94981
31614,"Fort Myers, FL",26.640629,-81.87231
53856,"Pensacola, FL",30.421309,-87.21691
20362,"Sarasota, FL",27.33658,-82.53085
25104,"Hialeah, FL",25.822168,-80.27774
18847,"Kissimmee, FL",28.291899,-81.407585
53673,"Ocala, FL",29.187199,-82.14009
10477,"Boca Raton, FL",26.358688,-80.0831
44282,"Bradenton, FL",27.498928,-82.57482
24821,"Gainesville, FL",29.651968,-82.32498
33501,"Port Saint Lucie, FL",27.293934,-80.35033
7858,"West Palm Beach, FL",26.715364,-80.05329
30742,"Cape Coral, FL",26.562574,-81.94388
25482,"Lake Worth Beach, FL",26.61597,-80.05699
5201,"Homestead, FL",25.471895,-80.47599
31606,"Fort Lauderdale, FL",26.122309,-80.14338
30559,"Boynton Beach, FL",26.525618,-80.066605
19892,"Pembroke Pines, FL",26.006195,-80.28721
51447,"Clearwater, FL",27.965853,-82.8001
32060,"Hollywood, FL",26.011202,-80.14949
26900,"Saint Augustine, FL",29.894695,-81.31454
39815,"Miramar, FL",25.987314,-80.23227
17571,"Coral Springs, FL",26.271193,-80.27061
19307,"Melbourne, FL",28.078503,-80.60779
6790,"Riverview, FL",27.871197,-82.32699
6172,"New Port Richey, FL",28.244177,-82.71927
27219,"Spring Hill, FL",28.463526,-82.536354
12317,"Largo, FL",27.909466,-82.78732
7680,"Vero Beach, FL",27.638716,-80.39754
53787,"Palm Bay, FL",27.994698,-80.63661
31209,"Delray Beach, FL",26.461462,-80.07282
5595,"Lehigh Acres, FL",26.60406,-81.658134
26575,"Pompano Beach, FL",26.23786,-80.12476
27992,"Winter Haven, FL",28.022243,-81.73286
39767,"Miami Gardens, FL",25.942038,-80.245605
11049,"Davie, FL",26.062866,-80.2331
50741,"Apopka, FL",28.67328,-81.51165
17472,"Clermont, FL",28.555191,-81.76695
54628,"Sunrise, FL",26.166689,-80.278755
33450,"Plantation, FL",26.127586,-80.2331
13366,"Port Charlotte, FL",26.98242,-82.10689
38581,"Fort Pierce, FL",27.446705,-80.32561
26366,"Palm Coast, FL",29.554144,-81.220764
24359,"Deltona, FL",28.904842,-81.22731
33865,"Sanford, FL",28.811735,-81.26802
13653,"Saint Cloud, FL",28.249853,-81.283905
10528,"Brandon, FL",27.928465,-82.28805
4329,"Deerfield Beach, FL",26.318342,-80.09963
6365,"Oviedo, FL",28.670252,-81.208496
5924,"Miami Beach, FL",25.79292,-80.1353
21203,"Wesley Chapel, FL",28.186602,-82.36612
6334,"Orange Park, FL",30.16547,-81.70164
13325,"Plant City, FL",28.01633,-82.12348
7403,"The Villages, FL",28.875902,-81.98458
21057,"Venice, FL",27.09983,-82.44428
34884,"Winter Park, FL",28.59777,-81.35103
25345,"Jupiter, FL",26.934225,-80.09421
5972,"Milton, FL",30.632416,-87.03969
32416,"Land O Lakes, FL",28.21449,-82.445595
53788,"Palm Beach Gardens, FL",26.823395,-80.13866
13031,"North Port, FL",27.044224,-82.23592
52899,"Lauderhill, FL",26.140364,-80.21338
13167,"Palm Harbor, FL",28.085682,-82.756905
17718,"Daytona Beach, FL",29.210815,-81.022835
11076,"Deland, FL",29.028105,-81.30342
27991,"Winter Garden, FL",28.565664,-81.58567
53076,"Lutz, FL",28.1301,-82.45918
24319,"Davenport, FL",28.161404,-81.60174
7367,"Tamarac, FL",26.21286,-80.24977
10889,"Cocoa, FL",28.355663,-80.73254
48210,"Valrico, FL",27.937834,-82.23275
44955,"Doral, FL",25.819542,-80.35533
7886,"Weston, FL",26.10034,-80.39951
33498,"Port Orange, FL",29.138687,-80.996826
124464,"Fountainbleau, FL",25.772774,-80.352585
40387,"Poinciana, FL",28.174328,-81.493225
54592,"Stuart, FL",27.197983,-80.251915
46978,"Panama City, FL",30.158651,-85.66029
50704,"Altamonte Springs, FL",28.661915,-81.38859
21195,"Wellington, FL",26.654955,-80.237526
6229,"North Miami, FL",25.890095,-80.186714
33258,"Ormond Beach, FL",29.285414,-81.05579
126392,"The Hammocks, FL",25.671844,-80.4478
47252,"Punta Gorda, FL",26.935152,-82.05121
12560,"Margate, FL",26.244526,-80.206436
7433,"Titusville, FL",28.612623,-80.80795
28595,"Leesburg, FL",28.810823,-81.87786
30527,"Bonita Springs, FL",26.339806,-81.778694
4151,"Coconut Creek, FL",26.251749,-80.17893
39775,"Middleburg, FL",30.068851,-81.860374
126356,"Tamiami, FL",25.755798,-80.40093
52082,"Fort Walton Beach, FL",30.405756,-86.61884
33151,"North Fort Myers, FL",26.710737,-81.813
24265,"Crestview, FL",30.762133,-86.57051
55296,"Zephyrhills, FL",28.23362,-82.1812
25646,"Longwood, FL",28.701218,-81.346176
13772,"Seminole, FL",28.722584,-81.23537
27016,"Sebring, FL",27.495745,-81.44104
6507,"Pine Hills, FL",28.58255,-81.472115
52847,"Lake City, FL",30.189425,-82.63948
26512,"Pinellas Park, FL",27.842802,-82.69955
34870,"Windermere, FL",28.494469,-81.53455
20022,"Port Richey, FL",28.271675,-82.71954
24215,"Coral Gables, FL",25.73311,-80.258514
33308,"Palmetto, FL",27.521427,-82.57232
45612,"Haines City, FL",28.106731,-81.628746
34885,"Winter Springs, FL",28.698732,-81.30552
13560,"Rockledge, FL",28.330832,-80.73492
32390,"Lake Mary, FL",28.756275,-81.32209
6391,"Panama City Beach, FL",30.176592,-85.80539
39760,"Merritt Island, FL",28.266277,-80.6637
19725,"Oakland Park, FL",26.172306,-80.13199
22517,"Ocoee, FL",28.569447,-81.5442
53694,"Okeechobee, FL",27.392342,-80.88737
26188,"North Lauderdale, FL",26.217304,-80.22588
23848,"Brooksville, FL",28.555271,-82.38787
397310,"Cutler Bay, FL",25.5783,-80.3377
25206,"Hudson, FL",28.35814,-82.692
40059,"North Miami Beach, FL",25.93315,-80.162544
52321,"Greenacres, FL",26.623678,-80.12532
51302,"Casselberry, FL",28.67147,-81.3382
5033,"Hallandale, FL",25.981203,-80.14838
11177,"Dunnellon, FL",29.049143,-82.46093
43999,"Aventura, FL",25.956482,-80.13921
4621,"Eustis, FL",28.852768,-81.685356
6791,"Riviera Beach, FL",26.784344,-80.06503
6856,"Royal Palm Beach, FL",26.705082,-80.22795
18928,"Lake Wales, FL",27.901413,-81.58591
18096,"Fernandina Beach, FL",30.669682,-81.46259
124275,"Egypt Lake-Leto, FL",28.016747,-82.50591
6177,"New Smyrna Beach, FL",29.025814,-80.927124
124550,"Golden Glades, FL",25.910505,-80.20527
32440,"Lauderdale Lakes, FL",26.166718,-80.20856
30294,"Auburndale, FL",28.065342,-81.788864
41184,"Tarpon Springs, FL",28.147097,-82.75637
40258,"Parkland, FL",26.31008,-80.23727
30241,"Arcadia, FL",27.215883,-81.85841
42657,"Navarre, FL",30.40198,-86.87008
126604,"West Little River, FL",25.858284,-80.24091
4439,"Dunedin, FL",28.011663,-82.789375
44045,"Bartow, FL",27.89638,-81.843155
21960,"Estero, FL",26.438147,-81.806755
32157,"Inverness, FL",28.835817,-82.33037
4204,"Cooper City, FL",26.057783,-80.26951
32538,"Live Oak, FL",30.296188,-82.98429
26365,"Palm City, FL",27.171392,-80.284225
396851,"Dania Beach, FL",26.052422,-80.14393
37738,"Cantonment, FL",30.605427,-87.344444
5926,"Miami Lakes, FL",25.908705,-80.30866
33774,"Ruskin, FL",27.720644,-82.43404
47895,"Summerfield, FL",29.008593,-82.03481
11449,"Fleming Island, FL",24.581066,-81.796364
45549,"Green Cove Springs, FL",29.991978,-81.67811
4593,"Englewood, FL",26.962006,-82.35259
11940,"Holiday, FL",28.187756,-82.74161
20011,"Ponte Vedra Beach, FL",30.239687,-81.385635
34249,"Temple Terrace, FL",28.035295,-82.38926
10985,"Crawfordville, FL",30.176035,-84.375175
12033,"Immokalee, FL",26.42016,-81.42224
782240,"Lakewood Ranch, FL",27.409191,-82.392525
13752,"Sebastian, FL",27.816416,-80.47061
40018,"Niceville, FL",30.516865,-86.48217
6067,"Mount Dora, FL",28.800495,-81.6447
123944,"Citrus Park, FL",28.07835,-82.56982
40132,"Odessa, FL",28.183222,-82.55403
33924,"Seffner, FL",27.983633,-82.27565
27949,"Wildwood, FL",28.865286,-82.03943
34393,"University Park, FL",25.746727,-80.36815
51849,"Edgewater, FL",28.988876,-80.902275
53785,"Palatka, FL",29.648788,-81.637215
48522,"Wimauma, FL",27.713493,-82.315605
28728,"Groveland, FL",28.560215,-81.856125
18614,"Homosassa, FL",28.782536,-82.60653
30312,"Avon Park, FL",27.596083,-81.50609
124855,"Ives Estates, FL",25.96057,-80.18342
27322,"Sun City Center, FL",27.70681,-82.36232
33337,"Parrish, FL",27.587536,-82.425095
6664,"Quincy, FL",30.588926,-84.57624
50262,"Mulberry, FL",27.895304,-81.97342
31202,"Defuniak Springs, FL",30.721024,-86.11522
7876,"Westchase, FL",28.061298,-82.612915
38976,"Hialeah Gardens, FL",25.865097,-80.32449
32835,"Miami Shores, FL",25.863152,-80.192825
47954,"Tavares, FL",28.802181,-81.73133
53089,"Lynn Haven, FL",30.245478,-85.64826
6333,"Orange City, FL",28.948875,-81.298676
16296,"Apollo Beach, FL",27.774155,-82.40621
126391,"The Crossings, FL",25.669495,-80.40255
11057,"Debary, FL",28.88306,-81.30884
14563,"West Melbourne, FL",28.073626,-80.67184
53775,"Pace, FL",30.596418,-87.16627
52767,"Key West, FL",24.554827,-81.80207
32359,"Labelle, FL",26.761538,-81.43858
18919,"Lake Placid, FL",27.2931,-81.362854
5013,"Gulf Breeze, FL",30.361288,-87.16834
44837,"Dade City, FL",28.364725,-82.195915
53115,"Maitland, FL",28.627525,-81.36564
21418,"Yulee, FL",30.631903,-81.60648
13168,"Palm Springs, FL",26.6359,-80.09615
35755,"Oldsmar, FL",28.034185,-82.6651
18591,"Hobe Sound, FL",27.080492,-80.139915
32186,"Jacksonville Beach, FL",30.294685,-81.39314
32695,"Marianna, FL",30.774359,-85.226875
12121,"Jensen Beach, FL",27.25005,-80.230415
44645,"Clewiston, FL",26.75423,-80.93368
40305,"Perry, FL",30.117435,-83.58182
22663,"Sunny Isles Beach, FL",25.942692,-80.12185
3609,"Belle Glade, FL",26.684511,-80.66756
33162,"North Palm Beach, FL",26.823795,-80.05592
3930,"Callahan, FL",30.562181,-81.830666
53954,"Ponte Vedra, FL",30.239687,-81.385635
28785,"Dover, FL",27.994394,-82.22171
10390,"Beverly Hills, FL",28.920366,-82.46363
33429,"Pinecrest, FL",25.667048,-80.308105
26569,"Polk City, FL",28.182514,-81.82397
53586,"Nokomis, FL",27.11922,-82.44426
43695,"Hernando, FL",28.571016,-82.46051
21600,"Chipley, FL",30.781858,-85.53854
4273,"Crystal River, FL",28.90248,-82.5926
11102,"Destin, FL",30.393534,-86.49578
52206,"Gibsonton, FL",27.849785,-82.38175
13092,"Ojus, FL",25.956003,-80.16828
3614,"Belleview, FL",29.062578,-82.04951
34116,"Starke, FL",29.944355,-82.110115
123783,"Brownsville, FL",25.821764,-80.24116
23422,"Alachua, FL",29.675568,-82.36401
20367,"Satellite Beach, FL",28.176004,-80.59046
125764,"Pinewood, FL",25.868967,-80.21804
25465,"Lake Butler, FL",30.02274,-82.339554
125563,"Opa-locka, FL",25.902317,-80.25033
126611,"West Park, FL",25.984535,-80.19894
38623,"Fruitland Park, FL",28.861376,-81.90647
5474,"Lady Lake, FL",28.917486,-81.92286
5415,"Key Biscayne, FL",25.696835,-80.16353
26894,"Safety Harbor, FL",27.990852,-82.69315
43268,"Sorrento, FL",28.807482,-81.55991
5745,"Macclenny, FL",30.28218,-82.122055
124533,"Gladeview, FL",25.838554,-80.24168
39768,"Miami Springs, FL",25.822319,-80.2895
16100,"Thonotosassa, FL",28.056997,-82.28057
25911,"Mims, FL",28.683292,-80.84574
11949,"Holly Hill, FL",29.243591,-81.03755
13717,"Santa Rosa Beach, FL",30.346642,-86.2308
126623,"Westview, FL",25.881207,-80.24296
12808,"Monticello, FL",30.545202,-83.87016
47757,"South Daytona, FL",29.165815,-81.0045
7345,"Sweetwater, FL",25.763433,-80.37311
46028,"Keystone Heights, FL",29.786077,-82.03149
41721,"Williston, FL",29.388002,-82.448166
56789,"Wauchula, FL",27.547258,-81.81147
20590,"Southwest Ranches, FL",26.058655,-80.33815
38925,"Havana, FL",30.62556,-84.415375
5588,"Lecanto, FL",28.82688,-82.50015
23220,"Ellenton, FL",27.517143,-82.548706
29907,"Newberry, FL",29.646353,-82.6065
45372,"Frostproof, FL",27.745863,-81.53063
28346,"Bushnell, FL",28.664482,-82.11174
19736,"Ocklawaha, FL",29.042759,-81.92925
24731,"Florida City, FL",25.44801,-80.4791
24990,"Gulfport, FL",27.748362,-82.70343
5806,"Marco Island, FL",25.937252,-81.71573
124185,"Doctor Phillips, FL",28.46086,-81.49148
43226,"Trenton, FL",29.613295,-82.81762
34864,"Wilton Manors, FL",26.160362,-80.13893
123825,"Callaway, FL",30.152979,-85.56992
18564,"High Springs, FL",29.826832,-82.596855
51467,"Cocoa Beach, FL",28.31841,-80.6095
52637,"Interlachen, FL",29.623857,-81.890366
126626,"Westwood Lake, FL",25.729267,-80.37283
41601,"Webster, FL",28.611504,-82.056206
46881,"Old Town, FL",29.601345,-82.9818
39424,"Lighthouse Point, FL",26.275637,-80.087265
18689,"Indiantown, FL",27.02734,-80.48209
41205,"Tequesta, FL",26.960938,-80.0892
57254,"Hawthorne, FL",29.591887,-82.08696
396889,"Westgate-Belvedere Homes, FL",26.701283,-80.09729
16832,"Atlantic Beach, FL",30.334408,-81.3987
46100,"Lake Alfred, FL",28.091963,-81.72341
53104,"Madison, FL",30.451435,-83.45245
37159,"Archer, FL",29.529968,-82.519
11502,"Fort White, FL",29.92329,-82.71373
32207,"Jasper, FL",30.518272,-82.94819
10619,"Bunnell, FL",29.465773,-81.25768
43301,"Umatilla, FL",28.929432,-81.665634
50710,"Alva, FL",26.715624,-81.61008
125692,"Pebble Creek, FL",28.156488,-82.34002
52072,"Fort Meade, FL",27.752253,-81.80175
21268,"Wewahitchka, FL",30.1127,-85.20047
46429,"Mary Esther, FL",30.409922,-86.66301
42468,"Floral City, FL",28.721178,-82.30767
6847,"Rotonda West, FL",26.879438,-82.280685
47525,"Saint Pete Beach, FL",27.725307,-82.74121
126172,"Silver Springs, FL",29.216618,-82.05758
46110,"Lake Park, FL",26.800215,-80.06616
32805,"Melbourne Beach, FL",28.068407,-80.5608
45747,"Hilliard, FL",30.691069,-81.917336
124815,"Indian Harbour Beach, FL",28.148937,-80.58688
123675,"Bithlo, FL",28.563238,-81.11016
44434,"Cape Canaveral, FL",28.451355,-80.528305
37354,"Belle Isle, FL",28.462076,-81.360664
13166,"Palm Beach, FL",26.62798,-80.44942
53593,"North Bay Village, FL",25.846207,-80.15394
123764,"Broadview Park, FL",26.098013,-80.209274
28058,"Youngstown, FL",30.364363,-85.438255
15059,"Bell, FL",29.755512,-82.862625
28213,"Bowling Green, FL",27.638367,-81.823975
12895,"Myakka City, FL",27.349768,-82.161476
22742,"Shalimar, FL",30.445755,-86.57912
126265,"Springfield, FL",30.153257,-85.61131
28244,"Crescent City, FL",29.430252,-81.51063
15313,"Graceville, FL",30.95685,-85.5166
7850,"West Miami, FL",25.756018,-80.295685
126571,"Wedgefield, FL",28.485374,-81.07767
25526,"Lawtey, FL",30.044128,-82.07177
42792,"Melrose, FL",29.709412,-82.04982
20024,"Port Saint Joe, FL",29.811876,-85.30297
13245,"Pembroke Park, FL",25.98787,-80.17477
31566,"Flagler Beach, FL",29.474993,-81.127
34332,"Treasure Island, FL",27.769194,-82.76899
56139,"Osprey, FL",27.196163,-82.49037
11053,"De Leon Springs, FL",29.118443,-81.35277
8795,"Moore Haven, FL",26.833117,-81.093124
12627,"Mayo, FL",30.053001,-83.17486
123902,"Century Village, FL",26.715162,-80.12791
45354,"Freeport, FL",30.498251,-86.136055
50114,"South Bay, FL",26.663956,-80.71617
52681,"Jay, FL",30.952604,-87.151
32952,"Morriston, FL",29.281637,-82.43788
125064,"Lauderdale-by-the-Sea, FL",26.192028,-80.096436
396013,"Baker, FL",30.314346,-82.28471
44207,"Blountstown, FL",30.44353,-85.0452
19806,"Oxford, FL",28.927536,-82.03733
125451,"Norland, FL",25.948982,-80.21227
13837,"Siesta Key, FL",27.275597,-82.55616
36173,"Miramar Beach, FL",30.377985,-86.361694
18162,"Fort Myers Beach, FL",26.452024,-81.94814
43692,"Hastings, FL",29.718025,-81.50813
19341,"Micco, FL",27.863958,-80.50521
24081,"Citra, FL",29.411917,-82.10982
42663,"Neptune Beach, FL",30.311909,-81.39648
52766,"Key Largo, FL",25.109291,-80.42402
24913,"Gotha, FL",28.529274,-81.52112
39325,"Lake Helen, FL",28.98082,-81.23339
34191,"Surfside, FL",25.87843,-80.1256
28528,"Geneva, FL",28.739716,-81.11506
21534,"Century, FL",30.973238,-87.26386
9121,"Ponce Inlet, FL",29.096373,-80.937
13158,"Pahokee, FL",26.82006,-80.66534
45454,"Glen Saint Mary, FL",30.276724,-82.160904
43405,"Sanderson, FL",30.252178,-82.272896
34024,"Sneads, FL",30.707592,-84.924446
26942,"San Antonio, FL",28.336115,-82.27453
29793,"Bronson, FL",29.447744,-82.642334
26486,"Pierson, FL",29.239328,-81.46527
20121,"Reddick, FL",29.36664,-82.19732
30191,"Altha, FL",30.570473,-85.127144
125490,"O Brien, FL",30.038284,-82.94013
4063,"Chattahoochee, FL",30.704874,-84.84322
126219,"South Highpoint, FL",27.895866,-82.72034
24447,"Dundee, FL",28.02252,-81.61924
4556,"Elkton, FL",29.783024,-81.42591
126011,"Saint Augustine Beach, FL",29.85086,-81.27166
126414,"Timber Pines, FL",28.466526,-82.60138
21829,"Eatonville, FL",28.618263,-81.38289
10280,"Bay Harbor Islands, FL",25.887594,-80.13116
29589,"South Pasadena, FL",27.755028,-82.7376
43258,"Weirsdale, FL",28.981928,-81.92425
3419,"Anthony, FL",29.289328,-82.111824
398464,"Grant-Valkaria, FL",27.937807,-80.57733
5226,"Howey in the Hills, FL",28.716938,-81.77341
23833,"Bristol, FL",30.432194,-84.97651
15959,"Sanibel, FL",26.448969,-82.022316
50105,"Wellborn, FL",30.23106,-82.81957
32396,"Lake Panasoffkee, FL",28.785202,-82.13258
29746,"Belleair, FL",27.935854,-82.80621
32145,"Indian River Shores, FL",27.712408,-80.37814
53293,"Micanopy, FL",29.50453,-82.27959
29246,"Molino, FL",30.72408,-87.31414
38755,"Grand Island, FL",28.882488,-81.728966
43533,"Christmas, FL",28.520462,-80.997795
4950,"Grand Ridge, FL",30.712414,-85.0202
8052,"Zolfo Springs, FL",27.493372,-81.79591
5160,"Highland Beach, FL",26.39952,-80.0656
32288,"Kenneth City, FL",27.81558,-82.7201
56897,"Inglis, FL",29.03025,-82.66872
53103,"Madeira Beach, FL",27.79808,-82.797325
49779,"Miromar Lakes, FL",26.476828,-81.7737
13721,"Satsuma, FL",29.55497,-81.655914
47187,"Ponce de Leon, FL",30.722967,-85.93744
38299,"East Palatka, FL",29.652376,-81.59959
7894,"Westville, FL",30.774633,-85.8516
49393,"Fountain, FL",30.478806,-85.41965
18608,"Holt, FL",30.715746,-86.74579
28599,"Enterprise, FL",28.869158,-81.26673
125988,"Royal Palm Estates, FL",26.681763,-80.126595
125675,"Parker, FL",30.131035,-85.60326
11189,"Eagle Lake, FL",27.978357,-81.75647
34546,"Vernon, FL",30.62297,-85.71215
14908,"Branford, FL",29.959118,-82.928185
124979,"Lake Belvedere Estates, FL",26.689493,-80.133606
49134,"Lake Clarke Shores, FL",26.645346,-80.075874
43962,"Astatula, FL",28.709717,-81.73286
26252,"Oakland, FL",28.555191,-81.62804
5853,"Mc David, FL",30.800598,-86.56933
123559,"Bay Hill, FL",28.457375,-81.51122
35691,"Jennings, FL",30.604181,-83.09907
46407,"Marathon, FL",24.713753,-81.090355
36141,"Pomona Park, FL",29.50025,-81.59147
396841,"Holden Heights, FL",28.50149,-81.387794
53400,"Montverde, FL",28.600277,-81.673965
9112,"Oak Hill, FL",28.864433,-80.8545
24962,"Greenwood, FL",30.869522,-85.16271
124653,"Harbor Bluffs, FL",27.906971,-82.824585
51009,"Biscayne Park, FL",25.882595,-80.1806
23763,"Bokeelia, FL",26.70058,-82.172195
44518,"Center Hill, FL",28.649994,-81.992584
3509,"Bal Harbour, FL",25.891762,-80.12699
31862,"Greenville, FL",30.46948,-83.62997
43031,"Valparaiso, FL",30.508532,-86.50273
57180,"Cross City, FL",29.634398,-83.12513
5272,"Indian Rocks Beach, FL",27.891338,-82.84519
125039,"Lakeside Green, FL",26.732414,-80.11088
28207,"Astor, FL",29.16403,-81.53591
37110,"Altoona, FL",28.967775,-81.64782
46375,"Malabar, FL",28.002249,-80.56818
31545,"Fellsmere, FL",27.76779,-80.60137
25643,"Longboat Key, FL",27.412542,-82.65899
31362,"Edgewood, FL",28.47821,-81.37018
48477,"White Springs, FL",30.329838,-82.75899
34144,"Stock Island, FL",24.573883,-81.74314
20171,"Ridge Manor, FL",28.503496,-82.18306
56163,"Paisley, FL",28.985468,-81.546364
8049,"Zellwood, FL",28.729841,-81.601234
123832,"Campbell, FL",28.258902,-81.45646
43910,"Apalachicola, FL",29.725508,-84.98277
47146,"Placida, FL",26.832289,-82.26482
29997,"Lake Buena Vista, FL",28.371675,-81.523964
25069,"Haverhill, FL",26.693172,-80.11303
45288,"Florahome, FL",29.732744,-81.88343
11900,"Highland City, FL",27.960247,-81.88049
35303,"Alford, FL",30.693657,-85.3919
45859,"Hypoluxo, FL",26.566517,-80.05353
48280,"Virginia Gardens, FL",25.810375,-80.30228
32412,"Lamont, FL",30.37748,-83.81368
9978,"Waldo, FL",29.789688,-82.16733
36400,"Tierra Verde, FL",27.691975,-82.723434
8632,"Laurel Hill, FL",30.965607,-86.46073
15672,"Mascotte, FL",28.578331,-81.88674
42612,"Ramrod Key, FL",24.655716,-81.41367
11915,"Hillsboro Beach, FL",26.293968,-80.07893
15953,"San Mateo, FL",29.606758,-81.584694
53720,"Ona, FL",27.481983,-81.918976
30404,"Belleair Bluffs, FL",27.92141,-82.81705
4314,"Daytona Beach Shores, FL",29.176094,-80.982834
21431,"Big Pine Key, FL",24.669865,-81.353966
36632,"Hosford, FL",30.386585,-84.797966
123481,"Asbury Lake, FL",30.056421,-81.82227
126094,"Schall Circle, FL",26.715986,-80.11486
36814,"Bryceville, FL",30.384682,-81.93872
45108,"El Portal, FL",25.855373,-80.1931
20122,"Redington Shores, FL",27.826136,-82.828995
32576,"Lorida, FL",27.44337,-81.25368
29682,"Hampton, FL",29.864532,-82.13096
37294,"Bascom, FL",30.927965,-85.11854
22516,"Ocean Ridge, FL",26.527016,-80.04838
40837,"Sewalls Point, FL",27.202602,-80.20037
396878,"Midway, FL",30.495476,-84.45435
52625,"Indialantic, FL",28.091192,-80.567986
36641,"Sopchoppy, FL",30.059925,-84.48879
56850,"South Palm Beach, FL",26.588959,-80.03865
125787,"Plantation Mobile Home Park, FL",26.703121,-80.13226
48717,"Bonifay, FL",30.791857,-85.67966
46008,"Kenansville, FL",27.876413,-80.98784
16088,"Yalaha, FL",28.747416,-81.811775
54612,"Summerland Key, FL",24.66459,-81.44705
12269,"Lake Hamilton, FL",28.044464,-81.62785
39121,"Islamorada, FL",24.923656,-80.62915
9668,"Pinetta, FL",30.594484,-83.3526
26377,"Panacea, FL",30.03611,-84.38885
36513,"Saint James City, FL",26.49758,-82.07842
57177,"North Redington Beach, FL",27.816135,-82.820656
46390,"Mangonia Park, FL",26.760342,-80.073654
23181,"Carrabelle, FL",29.853264,-84.664345
29277,"Steinhatchee, FL",29.672083,-83.37586
45789,"Holmes Beach, FL",27.50585,-82.71454
10333,"Belleair Beach, FL",27.923077,-82.84316
25538,"Lee, FL",26.599926,-81.88232
124109,"Cypress Lakes, FL",26.727842,-80.12282
9876,"Eastpoint, FL",29.752007,-84.86848
29968,"Georgetown, FL",29.391445,-81.63882
33611,"Redington Beach, FL",27.808636,-82.81121
3991,"Caryville, FL",30.773245,-85.8141
124901,"Jupiter Island, FL",27.03419,-80.103584
25245,"Indian Shores, FL",27.8628,-82.848434
125102,"Limestone Creek, FL",26.943827,-80.14217
16600,"Malone, FL",30.957685,-85.162155
28558,"Homeland, FL",27.817806,-81.824524
30875,"Chiefland, FL",29.474958,-82.8592
42195,"Hernando Beach, FL",28.476774,-82.65917
395637,"Golf, FL",26.505999,-80.10602
125195,"Manattee Road, FL",29.513016,-82.91429
30800,"Cedar Key, FL",29.13772,-83.035965
52358,"Gulf Stream, FL",26.493683,-80.05504
37725,"Campbellton, FL",30.949352,-85.40215
27038,"Seville, FL",29.316921,-81.49257
24697,"Felda, FL",26.539797,-81.43563
14099,"Tavernier, FL",25.008726,-80.51521
6384,"Palm Beach Shores, FL",26.778118,-80.0356
33902,"Sea Ranch Lakes, FL",26.200895,-80.098175
12523,"Manalapan, FL",26.569237,-80.04476
27823,"Welaka, FL",29.479137,-81.67147
22338,"Masaryktown, FL",28.443213,-82.461494
395871,"Hillsboro Pines, FL",26.324322,-80.19247
124999,"Lake Hart, FL",28.38296,-81.23101
4721,"Fisher Island, FL",25.759836,-80.14004
56330,"Melbourne Village, FL",28.086618,-80.66462
3512,"Baldwin, FL",30.302738,-81.97539
124628,"Gun Club Estates, FL",26.6754,-80.107086
27669,"Venus, FL",27.067276,-81.35674
52912,"Layton, FL",24.824026,-80.813675
38027,"Cortez, FL",27.463984,-82.668335
3778,"Bradenton Beach, FL",27.468256,-82.699585
126025,"Saint Lucie, FL",27.390089,-80.4579
52337,"Gretna, FL",30.617138,-84.65991
24699,"Ferndale, FL",28.621943,-81.70341
126360,"Tangelo Park, FL",28.455652,-81.44621
3734,"Boca Grande, FL",26.748959,-82.26204
8098,"Anna Maria, FL",27.529362,-82.73244
125641,"Palm Shores, FL",28.190529,-80.65686
126574,"Weeki Wachee Gardens, FL",28.538258,-82.61874
42401,"Fanning Springs, FL",29.590792,-82.92929
4927,"Golden Beach, FL",25.965092,-80.12227
126336,"Suwannee, FL",30.21012,-82.987335
11194,"Earleton, FL",29.743856,-82.10343
28044,"Yankeetown, FL",29.029972,-82.71594
32257,"Jupiter Inlet Colony, FL",26.948946,-80.07476
3497,"Babson Park, FL",27.837368,-81.52246
49597,"Paxton, FL",30.98157,-86.30745
124723,"Highland Park, FL",27.865025,-81.561745
23326,"Terra Ceia, FL",27.57948,-82.580376
39232,"Key Colony Beach, FL",24.720974,-81.018684
123661,"Big Coppitt Key, FL",24.603456,-81.67259
32832,"Mexico Beach, FL",29.948483,-85.419395
17513,"Coleman, FL",28.799765,-82.07036
28637,"Everglades, FL",25.367945,-80.8783
5014,"Gulf Hammock, FL",29.178856,-83.00818
124830,"Inlet Beach, FL",30.27551,-86.01176
45815,"Horseshoe Beach, FL",29.441133,-83.287056
57061,"Captiva, FL",26.501238,-82.18674
124733,"Hillcrest Heights, FL",27.823738,-81.534
4933,"Goodland, FL",25.92492,-81.647995
30886,"Chokoloskee, FL",25.814404,-81.35941
8093,"Cottondale, FL",30.797136,-85.376595
37211,"Atlanta, GA",33.754467,-84.38982
12562,"Marietta, GA",33.952847,-84.549614
5573,"Lawrenceville, GA",33.95664,-83.989006
47584,"Savannah, GA",32.079006,-81.09213
44821,"Cumming, GA",34.20732,-84.14019
17539,"Columbus, GA",32.46107,-84.988045
10210,"Augusta, GA",33.47097,-81.974846
32626,"Macon, GA",32.840694,-83.6324
44879,"Decatur, GA",30.873661,-84.5741
24822,"Gainesville, GA",34.29788,-83.824066
41084,"Stone Mountain, GA",33.806217,-84.14575
23534,"Athens, GA",33.959766,-83.376396
32287,"Kennesaw, GA",34.023434,-84.615486
11140,"Douglasville, GA",33.751495,-84.74771
32777,"McDonough, GA",33.447334,-84.14686
13709,"Sandy Springs, GA",33.92427,-84.37854
48573,"Woodstock, GA",34.10141,-84.51922
39452,"Lithonia, GA",33.71233,-84.105194
54219,"Roswell, GA",34.02332,-84.36002
16425,"Acworth, GA",34.065933,-84.67688
37736,"Canton, GA",34.236763,-84.49076
38047,"Covington, GA",33.5966,-83.85987
53569,"Newnan, GA",33.380672,-84.79966
54902,"Valdosta, GA",30.832703,-83.27849
24307,"Dallas, GA",33.923714,-84.840775
16701,"Albany, GA",31.578207,-84.15568
51534,"Conyers, GA",33.66761,-84.01769
51757,"Duluth, GA",34.002857,-84.144104
27768,"Warner Robins, GA",32.6201,-83.60657
16733,"Alpharetta, GA",34.075596,-84.29459
20535,"Snellville, GA",33.857327,-84.01991
27136,"Smyrna, GA",33.88389,-84.51475
397383,"Johns Creek, GA",34.018154,-84.19019
38130,"Dalton, GA",34.769188,-84.970245
13576,"Rome, GA",34.25704,-85.16467
36296,"Suwanee, GA",34.05149,-84.0713
10614,"Buford, GA",34.120655,-84.00435
53588,"Norcross, GA",33.94121,-84.21353
12386,"Lilburn, GA",33.890102,-84.142975
20665,"Stockbridge, GA",33.544277,-84.23381
53985,"Powder Springs, GA",33.85955,-84.68382
45251,"Fayetteville, GA",33.448727,-84.454926
51173,"Brunswick, GA",31.149952,-81.491486
20639,"Statesboro, GA",32.449013,-81.783295
53026,"Loganville, GA",33.838997,-83.90074
30775,"Cartersville, GA",34.16523,-84.79976
17317,"Carrollton, GA",33.58011,-85.076614
11738,"Griffin, GA",33.24678,-84.26409
6781,"Riverdale, GA",33.572613,-84.41326
23302,"Brookhaven, GA",33.858437,-84.3402
52840,"Lagrange, GA",33.03929,-85.03133
44836,"Dacula, GA",33.988716,-83.89796
4622,"Evans, GA",32.161366,-81.89807
49352,"Dunwoody, GA",33.946377,-84.33427
23553,"Austell, GA",33.812607,-84.63438
39176,"Jonesboro, GA",33.5215,-84.35381
32048,"Hinesville, GA",31.847734,-81.59607
56619,"Winder, GA",33.99191,-83.71844
42728,"Peachtree Corners, GA",33.9701,-84.22159
31501,"Fairburn, GA",33.567055,-84.58104
36029,"Ringgold, GA",34.91591,-85.109116
25096,"Hephzibah, GA",33.31403,-82.09679
12798,"Monroe, GA",33.014233,-83.90442
395772,"Milton, GA",34.1134,-84.26937
52353,"Grovetown, GA",33.450417,-82.19817
5958,"Milledgeville, GA",33.080143,-83.2321
23912,"Calhoun, GA",31.531178,-84.61433
19223,"Martinez, GA",33.51832,-82.097824
5051,"Hampton, GA",33.38706,-84.28298
43755,"Villa Rica, GA",33.73205,-84.919106
51882,"Ellenwood, GA",33.61011,-84.28798
41298,"Tucker, GA",33.85327,-84.22007
24505,"East Point, GA",33.679554,-84.43937
34288,"Tifton, GA",31.454971,-83.510826
32619,"Mableton, GA",33.818832,-84.58226
26434,"Peachtree City, GA",33.39755,-84.58983
55064,"Waycross, GA",31.21355,-82.35402
8713,"Flowery Branch, GA",34.1851,-83.92518
34268,"Thomasville, GA",30.836582,-83.97878
37836,"Chatsworth, GA",34.766594,-84.76988
12849,"Moultrie, GA",31.179998,-83.788795
42710,"Richmond Hill, GA",31.938238,-81.30355
54600,"Sugar Hill, GA",34.10649,-84.033516
53015,"Locust Grove, GA",33.34595,-84.109085
24325,"Dawsonville, GA",34.421204,-84.11908
52922,"Leesburg, GA",31.732456,-84.171196
17382,"Chamblee, GA",33.892178,-84.29883
52990,"Lithia Springs, GA",33.77975,-84.65064
18752,"Jesup, GA",31.607437,-81.88539
10840,"Clarkston, GA",33.809547,-84.23965
51886,"Ellijay, GA",34.695026,-84.48274
24437,"Dublin, GA",32.540443,-82.903755
24303,"Dahlonega, GA",34.53285,-83.98457
45543,"Grayson, GA",33.89427,-83.95574
18586,"Hiram, GA",33.87566,-84.76216
51736,"Douglas, GA",33.69956,-84.7623
32178,"Jackson, GA",34.128258,-83.57534
50720,"Americus, GA",32.072388,-84.23269
31592,"Forest Park, GA",33.622055,-84.369095
17351,"Cedartown, GA",34.012444,-85.25594
12114,"Jefferson, GA",33.03804,-82.43614
40706,"Saint Marys, GA",30.593569,-82.011826
54685,"Thomaston, GA",32.888187,-84.326584
13359,"Pooler, GA",32.1159,-81.24951
6769,"Rincon, GA",32.29603,-81.23539
28306,"Cleveland, GA",34.597244,-83.763306
396606,"Vinings, GA",33.86137,-84.46776
50833,"Bainbridge, GA",30.903826,-84.57548
29498,"Toccoa, GA",34.57744,-83.33288
51023,"Blairsville, GA",34.875908,-83.958374
31894,"Guyton, GA",32.336304,-81.3915
13257,"Perry, GA",32.458668,-83.731964
32208,"Jasper, GA",33.325462,-83.68686
23898,"Byron, GA",32.653755,-83.75963
52779,"Kingsland, GA",30.799957,-81.68983
55057,"Watkinsville, GA",33.862896,-83.40877
11249,"Eatonton, GA",33.326714,-83.38849
51223,"Cairo, GA",30.877333,-84.20794
11982,"Hoschton, GA",34.096497,-83.761284
48085,"Union City, GA",33.587055,-84.54243
52838,"Lafayette, GA",34.704803,-85.2819
30522,"Bonaire, GA",32.543842,-83.59602
50388,"Cordele, GA",31.96916,-83.782715
8981,"Rockmart, GA",34.0026,-85.04161
33748,"Rossville, GA",34.983376,-85.28603
24715,"Fitzgerald, GA",31.715036,-83.254196
4782,"Fort Valley, GA",32.553757,-83.887405
37982,"Commerce, GA",34.204,-83.45711
33941,"Senoia, GA",33.301167,-84.554
7032,"Sharpsburg, GA",33.339283,-84.648544
29455,"Temple, GA",33.737053,-85.03245
17427,"Chickamauga, GA",34.87115,-85.290245
27407,"Thomson, GA",33.466324,-82.50261
29611,"Saint Simons Island, GA",31.218287,-81.361206
22659,"Summerville, GA",34.48064,-85.34773
18149,"Forsyth, GA",34.23531,-84.13357
41949,"Braselton, GA",34.109272,-83.76267
25355,"Kathleen, GA",32.495293,-83.60997
15152,"Eastman, GA",32.19798,-83.17615
27686,"Vidalia, GA",32.217686,-82.41346
44188,"Blackshear, GA",31.30428,-82.24049
21524,"Bogart, GA",33.94928,-83.53461
37964,"College Park, GA",33.653442,-84.44937
5741,"Lyons, GA",32.204353,-82.32179
15479,"Hartwell, GA",34.352882,-82.93209
3796,"Bremen, GA",33.720867,-85.14569
26739,"Rex, GA",33.592056,-84.26992
3312,"Adairsville, GA",34.36833,-84.934906
55665,"Hazlehurst, GA",31.86963,-82.5943
50992,"Bethlehem, GA",33.932884,-83.713
55067,"Waynesboro, GA",33.089874,-82.01567
4985,"Greensboro, GA",33.575684,-83.18238
35130,"Auburn, GA",34.013668,-83.82734
10279,"Baxley, GA",31.77732,-82.34905
23584,"Ball Ground, GA",34.338226,-84.37657
45539,"Gray, GA",33.00967,-83.53399
23748,"Blue Ridge, GA",34.86397,-84.32409
46363,"Madison, GA",34.130753,-83.18174
32847,"Midland, GA",32.57486,-84.82715
8235,"Clarkesville, GA",34.6126,-83.524895
48830,"Barnesville, GA",33.05457,-84.15575
24221,"Cornelia, GA",34.51149,-83.527115
8877,"Oxford, GA",33.619003,-83.86741
34217,"Sylvester, GA",31.526175,-83.83659
22273,"Nashville, GA",31.20742,-83.25015
31011,"Conley, GA",33.635654,-84.32938
29371,"Swainsboro, GA",32.597385,-82.33374
24144,"Cochran, GA",32.38857,-83.35707
43250,"Social Circle, GA",33.656387,-83.718636
32058,"Holly Springs, GA",34.173985,-84.50132
49369,"Harlem, GA",33.414585,-82.31262
56857,"Tyrone, GA",33.471325,-84.5972
49638,"Nicholls, GA",31.517422,-82.63486
3943,"Camilla, GA",31.231289,-84.21037
4467,"East Dublin, GA",32.54822,-82.87181
13703,"Sandersville, GA",32.98328,-82.8116
10103,"Alto, GA",34.463196,-83.57394
15527,"Quitman, GA",31.876986,-85.01544
41303,"Tunnel Hill, GA",34.840633,-85.042725
17797,"Doraville, GA",33.89816,-84.28326
20640,"Statham, GA",33.96549,-83.59649
56935,"Hawkinsville, GA",32.283543,-83.46679
49409,"Monticello, GA",33.304466,-83.6841
4845,"Garden City, GA",32.114372,-81.154
30130,"Adel, GA",31.137136,-83.42349
10434,"Blakely, GA",31.377348,-84.93434
23737,"Bloomingdale, GA",32.132423,-81.299
24884,"Glennville, GA",31.936592,-81.92845
33504,"Port Wentworth, GA",32.149094,-81.16317
42941,"Springfield, GA",32.372414,-81.3115
55790,"Ellabell, GA",32.123535,-81.485664
48953,"Alma, GA",31.53937,-82.46236
18964,"Lavonia, GA",34.43533,-83.107124
7982,"Winterville, GA",33.96706,-83.27821
6276,"Oakwood, GA",34.2276,-83.884346
48032,"Trenton, GA",34.87202,-85.50913
129049,"Gresham Park, GA",33.70634,-84.31347
13244,"Pembroke, GA",32.136032,-81.622055
9951,"Lizella, GA",32.807083,-83.81991
27200,"Sparta, GA",33.2757,-82.97626
55543,"Clayton, GA",33.520496,-84.35917
43919,"Appling, GA",31.777143,-82.29963
25413,"Kingston, GA",34.236717,-84.94503
40658,"Royston, GA",34.287052,-83.110146
38977,"Hiawassee, GA",34.94907,-83.75123
25992,"Morrow, GA",33.583168,-84.33937
56279,"Rocky Face, GA",34.80508,-85.02745
47047,"Pelham, GA",31.127686,-84.15185
51159,"Brooklet, GA",32.37963,-81.66316
23081,"Bowdon, GA",33.537888,-85.25328
37196,"Ashburn, GA",31.705975,-83.65356
5234,"Hull, GA",34.014835,-83.29376
56883,"Winston, GA",33.72511,-84.824936
39763,"Metter, GA",32.397118,-82.06012
25601,"Lincolnton, GA",33.7925,-82.47938
51689,"Demorest, GA",34.565193,-83.545334
55967,"Donalsonville, GA",31.040462,-84.87909
39789,"Millen, GA",32.80405,-81.94928
46340,"Lula, GA",34.3876,-83.66628
30786,"Cataula, GA",32.660793,-84.8688
27782,"Washington, GA",32.961998,-82.7748
27739,"Waleska, GA",34.316483,-84.552155
36531,"West Point, GA",32.877254,-85.18373
12851,"Mount Airy, GA",34.51871,-83.500725
48906,"Colbert, GA",34.03789,-83.212654
13555,"Rock Spring, GA",34.815594,-85.237465
40909,"Silver Creek, GA",34.17621,-85.16134
32767,"Mc Rae, GA",31.795788,-106.356705
11799,"Hapeville, GA",33.66011,-84.4102
47331,"Reidsville, GA",32.08686,-82.1179
17361,"Centerville, GA",32.630146,-83.68963
15510,"Ludowici, GA",31.709797,-81.74309
20844,"Trion, GA",34.543972,-85.31051
9756,"Talking Rock, GA",34.524826,-84.49149
18281,"Gillsville, GA",34.30788,-83.63351
36159,"Ocilla, GA",31.594357,-83.250435
39602,"Mansfield, GA",33.51827,-83.735344
10720,"Carnesville, GA",34.369827,-83.23515
28800,"Hamilton, GA",32.75791,-84.87493
17532,"Colquitt, GA",31.18036,-83.769615
17286,"Canon, GA",34.346214,-83.10987
32400,"Lakeland, GA",31.041037,-83.07515
48587,"Wrightsville, GA",32.729675,-82.71938
31615,"Fort Oglethorpe, GA",34.949993,-85.24566
45530,"Grantville, GA",33.23484,-84.83577
131771,"Skidaway Island, GA",31.934938,-81.04705
36125,"Midway, GA",31.805769,-81.430664
8278,"Buchanan, GA",33.802605,-85.18856
7996,"Woodbine, GA",30.963842,-81.7226
41264,"Townsend, GA",31.54174,-81.52339
14654,"Williamson, GA",33.182343,-84.36159
29915,"Comer, GA",34.063725,-83.12543
56484,"Louisville, GA",33.00154,-82.41124
29242,"Lovejoy, GA",33.436226,-84.31437
29336,"Zebulon, GA",33.102345,-84.3427
35602,"Fairmount, GA",34.436203,-84.699936
51011,"Bishop, GA",33.817368,-83.43722
22820,"Waynesville, GA",31.227528,-81.78873
40282,"Pearson, GA",31.297703,-82.85236
14743,"Young Harris, GA",34.933144,-83.84712
13294,"Pine Mountain, GA",32.864853,-84.854095
50632,"Abbeville, GA",31.992123,-83.30682
51181,"Buena Vista, GA",32.31904,-84.51714
22263,"Murrayville, GA",34.41871,-83.90574
24337,"Dearing, GA",33.413197,-82.385124
14956,"Avondale Estates, GA",33.771496,-84.26714
36962,"Mineral Bluff, GA",34.913845,-84.2787
26020,"Mount Vernon, GA",32.178516,-82.59458
130309,"Montgomery, GA",32.08391,-82.539276
15901,"Whitesburg, GA",33.494003,-84.913826
55925,"Greenville, GA",33.028736,-84.71298
25719,"Manchester, GA",32.854263,-84.62028
56167,"Ray City, GA",31.074825,-83.19956
42271,"Homerville, GA",31.036598,-82.747086
25980,"Moreland, GA",33.286877,-84.76795
6022,"Montezuma, GA",32.299797,-84.03016
20772,"Tennille, GA",32.93599,-82.81153
15428,"Folkston, GA",30.830582,-82.00978
46858,"Ochlocknee, GA",30.9738,-84.05295
127287,"Bonanza, GA",33.460743,-84.336525
26276,"Oglethorpe, GA",33.87027,-83.104935
5217,"Hortense, GA",31.332212,-81.94988
38359,"Ellerslie, GA",32.635017,-84.79577
9741,"Unadilla, GA",32.261738,-83.736435
20758,"Taylorsville, GA",34.086292,-84.98786
33309,"Palmetto, GA",33.51789,-84.669655
23096,"Lindale, GA",34.194347,-85.17765
28263,"Darien, GA",31.370226,-81.43399
49640,"Nicholson, GA",34.114,-83.43155
39863,"Morganton, GA",34.874897,-84.24421
23505,"Aragon, GA",34.045654,-85.05606
6775,"Rising Fawn, GA",34.76008,-85.531075
14650,"Willacoochee, GA",31.340755,-83.04598
21747,"Concord, GA",33.091236,-84.43742
53180,"Martin, GA",34.487045,-83.184875
54459,"Soperton, GA",32.377117,-82.592354
5971,"Milner, GA",33.11679,-84.19659
23892,"Butler, GA",32.55709,-84.23825
43570,"Brooks, GA",30.833656,-83.59584
35678,"Flintstone, GA",34.941742,-85.34357
3854,"Broxton, GA",31.625334,-82.88663
49090,"Elberton, GA",34.11122,-82.86708
46308,"Lookout Mountain, GA",34.977577,-85.357735
23778,"Boston, GA",30.79186,-83.78989
44637,"Clermont, GA",34.477875,-83.77351
8494,"Ellaville, GA",32.23791,-84.30899
35867,"Nahunta, GA",31.20439,-81.981224
50161,"Sparks, GA",31.166857,-83.437386
55425,"Bowman, GA",34.20483,-83.0307
25342,"Juliette, GA",33.10953,-83.80877
16871,"Baldwin, GA",33.08694,-83.26332
4285,"Cusseta, GA",32.305428,-84.772705
10234,"Baconton, GA",31.377628,-84.16104
17618,"Crandall, GA",34.866745,-84.74549
50144,"Tybee Island, GA",31.998732,-80.84694
10083,"Allenhurst, GA",31.784101,-81.60761
127737,"Chattahoochee Hills, GA",33.579086,-84.76868
36175,"Odum, GA",31.665401,-82.02705
14139,"Tiger, GA",34.84704,-83.43294
128578,"Fairview, GA",34.92449,-85.29729
34805,"Whigham, GA",30.883606,-84.324394
41791,"Wrens, GA",33.207645,-82.39179
30856,"Chester, GA",32.39378,-83.15293
52954,"Lexington, GA",33.86984,-83.11182
52848,"Lake City, GA",33.6065,-84.335205
22818,"Waverly Hall, GA",32.683308,-84.738014
7733,"Wadley, GA",32.86682,-82.404015
44140,"Berkeley Lake, GA",33.98371,-84.186584
24888,"Glenwood, GA",32.1799,-82.66958
23136,"Alamo, GA",32.147007,-82.77802
39731,"Meansville, GA",33.049023,-84.306694
46029,"Keysville, GA",33.241722,-82.228325
8925,"Naylor, GA",30.908241,-83.07692
55041,"Warrenton, GA",33.407085,-82.66208
10880,"Clyo, GA",32.484074,-81.26705
27084,"Shiloh, GA",32.81013,-84.69604
7998,"Woodbury, GA",32.983738,-84.5827
20101,"Ranger, GA",34.500336,-84.71236
23150,"Menlo, GA",34.48481,-85.47635
24379,"Dexter, GA",32.432407,-83.0611
23311,"Molena, GA",33.012074,-84.5002
26420,"Patterson, GA",31.387438,-82.14012
16275,"Haddock, GA",33.032753,-83.42887
41847,"Ambrose, GA",31.593803,-83.01431
50579,"Rutledge, GA",33.625954,-83.6124
48679,"Cave Spring, GA",34.107597,-85.33634
38148,"Dawson, GA",34.407707,-84.13567
51913,"Enigma, GA",31.41297,-83.32905
28806,"Jeffersonville, GA",32.68766,-83.34706
14773,"Coolidge, GA",31.0113,-83.86628
5897,"Meigs, GA",31.072409,-84.089066
8296,"Adrian, GA",32.530724,-82.5893
28964,"Musella, GA",32.800713,-84.03655
4134,"Climax, GA",30.876352,-84.432465
43068,"Scottdale, GA",33.797108,-84.26991
51662,"Davisboro, GA",32.979042,-82.60791
55327,"Carlton, GA",34.042202,-83.03341
33800,"Saint George, GA",30.523237,-82.0347
5198,"Homer, GA",34.333717,-83.499054
44855,"Danielsville, GA",34.124275,-83.22126
17131,"Bowersville, GA",34.372948,-83.08308
7652,"Uvalda, GA",32.035744,-82.50819
27002,"Screven, GA",32.762337,-81.627205
31479,"Experiment, GA",33.276398,-84.27273
43699,"Doerun, GA",31.319626,-83.91712
44925,"Dewy Rose, GA",34.168858,-82.93873
36101,"Plains, GA",32.03409,-84.39266
53830,"Pavo, GA",30.959553,-83.73786
42761,"Rentz, GA",32.383503,-82.99126
8707,"Dry Branch, GA",32.800694,-83.49851
29489,"Warm Springs, GA",32.890408,-84.68104
4500,"Eastanollee, GA",34.520267,-83.25549
42015,"Culloden, GA",32.86309,-84.09406
25749,"Marble Hill, GA",34.430687,-84.33688
31271,"Dudley, GA",32.54239,-83.07043
21811,"Helena, GA",43.345074,-8.413841
48705,"Crawford, GA",32.721268,-83.98254
29506,"Roopville, GA",33.4565,-85.130775
48337,"Warthen, GA",33.1007,-82.804276
41706,"Wildwood, GA",34.96913,-85.40792
3871,"Buckhead, GA",33.839813,-84.37956
56189,"Roberta, GA",32.721996,-84.01309
29484,"Tignall, GA",33.867737,-82.74084
15980,"Sugar Valley, GA",34.55814,-85.01189
40155,"Omega, GA",31.341019,-83.5935
55772,"Hogansville, GA",33.173176,-84.91493
32330,"Kite, GA",32.692383,-82.51457
15984,"Sumner, GA",31.512959,-83.73851
14735,"Yatesville, GA",32.913742,-84.14269
7795,"Waverly, GA",31.103271,-81.72637
29157,"Plainville, GA",34.40509,-85.03717
39540,"Lumber City, GA",31.929348,-82.67958
5515,"Lakemont, GA",34.78204,-83.416275
52934,"Lenox, GA",31.27167,-83.46525
10176,"Armuchee, GA",34.312313,-85.17217
53971,"Portal, GA",32.53645,-81.929634
39014,"Hoboken, GA",31.181055,-82.13484
23517,"Arlington, GA",31.439898,-84.72492
22213,"Lyerly, GA",34.403976,-85.40329
48338,"Warwick, GA",31.831007,-83.918785
53560,"Newborn, GA",33.516098,-83.69461
18703,"Iron City, GA",31.01352,-84.81298
24601,"Epworth, GA",34.952663,-84.379326
25683,"Luthersville, GA",33.21012,-84.74438
28956,"Rebecca, GA",31.806568,-83.48683
13049,"Norwood, GA",33.46264,-82.70514
8962,"Mauk, GA",32.501823,-84.421135
38676,"Georgetown, GA",31.884605,-85.10743
126880,"Arcade, GA",34.07789,-83.561554
50447,"Edison, GA",31.558174,-84.738106
33649,"Riceboro, GA",31.735493,-81.43344
36622,"Sardis, GA",32.97516,-81.757614
11298,"Elko, GA",32.331207,-83.70617
6739,"Reynolds, GA",32.559868,-84.0963
34370,"Ty Ty, GA",31.471716,-83.64884
31581,"Flovilla, GA",33.253735,-83.89851
52188,"Gay, GA",33.093735,-84.573814
43729,"Milan, GA",32.0174,-83.06265
53411,"Morgan, GA",33.57932,-83.50515
26025,"Mount Zion, GA",33.634274,-85.18717
11646,"Good Hope, GA",33.78484,-83.609055
35708,"Fort Gaines, GA",31.60669,-85.04796
22574,"White Plains, GA",33.472076,-83.03543
16489,"Chula, GA",31.549627,-83.547386
7361,"Talbotton, GA",32.67764,-84.53937
35273,"Cobbtown, GA",32.280464,-82.13873
52173,"Garfield, GA",32.649883,-82.098175
22520,"Porterdale, GA",33.575115,-83.8938
34815,"White Oak, GA",31.031342,-81.730385
6594,"Poulan, GA",31.513178,-83.78864
47637,"Shady Dale, GA",33.401066,-83.59041
22654,"Sasser, GA",31.719893,-84.34714
8207,"Brinson, GA",30.976852,-84.73769
30220,"Andersonville, GA",32.195995,-84.13991
7298,"Suches, GA",34.68898,-84.02213
28373,"Collins, GA",32.1813,-82.10901
14094,"Tate, GA",34.418427,-84.3827
20205,"Rochelle, GA",31.95101,-83.456276
11356,"Euharlee, GA",34.14482,-84.933
19948,"Pine Lake, GA",33.793716,-84.20603
36001,"McCaysville, GA",34.98619,-84.371315
50812,"Avera, GA",33.194035,-82.52707
9423,"Toomsboro, GA",32.827003,-83.08022
5116,"Helen, GA",34.700905,-83.729454
3477,"Attapulgus, GA",30.749594,-84.48387
9319,"Woolsey, GA",33.36234,-84.41215
32824,"Mershon, GA",31.46421,-82.259094
17417,"Cherrylog, GA",34.783974,-84.38909
129530,"Isle of Hope, GA",31.98423,-81.053825
15362,"Irwinton, GA",32.81126,-83.17265
20739,"Sycamore, GA",31.674347,-83.63739
39411,"Leslie, GA",31.955448,-84.08657
20110,"Rayle, GA",33.789845,-82.89987
127706,"Centralhatchee, GA",33.369003,-85.10355
49609,"Mc Intyre, GA",34.352642,-82.942924
29808,"Tallapoosa, GA",33.74429,-85.28799
18490,"Hartsfield, GA",31.21685,-83.97601
18119,"Fleming, GA",31.880766,-81.4265
42260,"Girard, GA",33.040432,-81.71206
20530,"Smithville, GA",31.900446,-84.251854
5970,"Millwood, GA",31.265762,-82.660416
19219,"Marshallville, GA",32.45626,-83.940186
5258,"Ideal, GA",32.3696,-84.187965
8719,"Jenkinsburg, GA",33.324562,-84.03574
6808,"Rockledge, GA",32.442947,-82.69764
29273,"Stapleton, GA",33.215702,-82.468185
27667,"Varnell, GA",34.90071,-84.97555
132519,"Walnut Grove, GA",33.74261,-83.8524
25986,"Morris, GA",31.794329,-84.94631
6726,"Remerton, GA",30.844131,-83.31041
28368,"Cadwell, GA",32.339615,-83.04209
41885,"Arabi, GA",31.831566,-83.737946
44984,"Du Pont, GA",30.988926,-82.869156
128378,"East Griffin, GA",33.243073,-84.23145
15290,"Ephesus, GA",33.406178,-85.24925
24719,"Flemington, GA",31.859655,-81.564
36075,"Pinehurst, GA",32.195995,-83.762955
33389,"Perkins, GA",32.915146,-81.95019
11911,"Hillsboro, GA",33.17985,-83.64101
35077,"Arnoldsville, GA",33.905117,-83.21682
17402,"Chauncey, GA",32.104618,-83.06459
48688,"Bluffton, GA",31.52295,-84.8677
4687,"Fargo, GA",30.686565,-82.56172
19361,"Midville, GA",32.819046,-82.23485
35589,"Industrial, GA",33.72945,-84.57175
29603,"Union Point, GA",33.615685,-83.0746
56379,"Pineview, GA",32.11017,-83.501
34194,"Surrency, GA",31.723627,-82.19856
57164,"Dixie, GA",30.788431,-83.66723
46746,"Newton, GA",33.571552,-83.84461
18332,"Gordon, GA",34.501965,-84.89863
18858,"Knoxville, GA",32.72182,-83.99537
18782,"Junction City, GA",32.603474,-84.459366
27278,"Stockton, GA",30.940475,-83.00219
38386,"Emerson, GA",34.12704,-84.75549
130383,"Mountain Park, GA",34.080933,-84.411316
27005,"Sea Island, GA",31.200232,-81.33315
54281,"Sale City, GA",31.264349,-84.021286
30091,"Denton, GA",31.722689,-82.69375
43787,"Axson, GA",31.276705,-82.72378
49622,"Resaca, GA",34.580364,-84.943275
29041,"Matthews, GA",33.21786,-82.306946
19964,"Pitts, GA",31.94462,-83.54072
50281,"The Rock, GA",32.961895,-84.234726
6459,"Pendergrass, GA",34.16233,-83.67795
37584,"Bristol, GA",31.453962,-82.217125
22090,"Hahira, GA",30.991306,-83.37266
30920,"Claxton, GA",32.161583,-81.90401
13210,"Parrott, GA",31.893496,-84.51325
29384,"Woodville, GA",33.671513,-83.10599
27860,"West Green, GA",31.61297,-82.73459
56671,"Tarrytown, GA",32.31859,-82.5597
17707,"Dasher, GA",30.747427,-83.2207
20218,"Rocky Ford, GA",32.6635,-81.82956
34215,"Sylvania, GA",32.750443,-81.63678
12841,"Morven, GA",30.941582,-83.49933
47104,"Pine Mountain Valley, GA",32.798744,-84.823265
16605,"Maysville, GA",34.252884,-83.561554
24332,"De Soto, GA",31.954813,-84.063644
19558,"Nelson, GA",34.38204,-84.37103
43178,"Shellman, GA",31.756277,-84.6152
37278,"Barney, GA",31.008183,-83.512596
29989,"Hagan, GA",32.156025,-81.93373
43545,"Vienna, GA",32.09134,-83.79647
127591,"Carl, GA",34.003616,-83.81101
20748,"Talmo, GA",34.185104,-83.720726
10266,"Bartow, GA",34.239468,-84.8407
15039,"Coleman, GA",31.670036,-84.89058
46190,"Leary, GA",31.485767,-84.51368
24080,"Cisco, GA",34.951187,-84.73633
37599,"Bronwood, GA",31.831,-84.36436
20638,"Statenville, GA",30.703327,-83.02793
18188,"Franklin, GA",34.367863,-83.21566
130539,"North High Shoals, GA",33.820118,-83.506
14438,"Waco, GA",33.702885,-85.18328
35274,"Cohutta, GA",34.959522,-84.95272
57122,"Cobb, GA",33.937393,-84.573204
32670,"Manor, GA",31.105663,-82.56686
18190,"Franklin Springs, GA",34.28483,-83.14432
10466,"Blythe, GA",33.30482,-82.20656
52562,"Homeland, GA",30.856707,-82.02072
40033,"Norman Park, GA",31.269073,-83.68712
33642,"Rhine, GA",31.9899,-83.200035
127333,"Braswell, GA",33.989407,-84.96277
45907,"Ivey, GA",32.90709,-83.29072
7506,"Twin City, GA",32.582943,-82.15512
9695,"Preston, GA",32.06599,-84.537415
13867,"Sky Valley, GA",34.98759,-83.33321
16694,"Ailey, GA",32.187405,-82.56569
37101,"Alston, GA",32.08074,-82.47763
38202,"Dillard, GA",34.970093,-83.3871
38114,"Cuthbert, GA",31.771275,-84.78937
41688,"White, GA",34.63226,-83.759605
21919,"Lake Park, GA",30.682865,-83.17986
6748,"Richland, GA",32.087933,-84.66742
51579,"Crawfordville, GA",33.553993,-82.89619
19128,"Lumpkin, GA",34.554607,-83.99268
3360,"Allentown, GA",32.593212,-83.225716
49224,"Ila, GA",34.17241,-83.29344
18615,"Honolulu, HI",21.304546,-157.85568
18029,"Ewa Beach, HI",21.315603,-158.0088
22730,"Waipahu, HI",21.386667,-158.00917
19375,"Mililani, HI",21.45083,-158.00958
45983,"Kapolei, HI",21.334007,-158.07785
396491,"Kailua, HI",19.641941,-155.99693
12157,"Kaneohe, HI",21.418554,-157.80418
41533,"Wahiawa, HI",21.500624,-158.01668
11921,"Hilo, HI",19.685446,-155.10037
41535,"Waianae, HI",21.445488,-158.18782
37063,"Aiea, HI",21.382223,-157.93361
25347,"Kailua Kona, HI",19.641941,-155.99693
56265,"Pearl City, HI",21.400124,-157.96942
21128,"Wailuku, HI",20.88947,-156.50894
12151,"Kahului, HI",20.874771,-156.45299
12191,"Kihei, HI",20.747625,-156.45499
39319,"Lahaina, HI",20.873877,-156.67767
40224,"Pahoa, HI",19.496752,-154.95007
15484,"Kapaa, HI",22.08334,-159.34636
49481,"Makawao, HI",20.851097,-156.32372
18802,"Keaau, HI",19.62252,-155.03905
39426,"Lihue, HI",21.971865,-159.3526
25003,"Haiku, HI",20.91439,-156.32297
52770,"Kilauea, HI",22.208782,-159.40776
806910,"Kula, HI",20.792027,-156.32372
50558,"Waimanalo, HI",21.346304,-157.7211
12153,"Kalaheo, HI",21.925474,-159.52698
44438,"Captain Cook, HI",19.494429,-155.91728
56681,"Waialua, HI",21.571314,-158.12518
18901,"Laie, HI",21.643845,-157.92444
41536,"Waikoloa, HI",19.946928,-155.7874
18435,"Haleiwa, HI",21.593597,-158.10448
133552,"Waimea, HI",20.020452,-155.66391
133552,"Waimea, HI",20.020452,-155.66391
35351,"Hauula, HI",21.609713,-157.91225
54995,"Volcano, HI",19.489204,-155.25737
52813,"Koloa, HI",21.904228,-159.46573
19512,"Mountain View, HI",19.55063,-155.10718
133144,"Ocean View, HI",21.309296,-157.8485
39201,"Kealakekua, HI",19.517729,-155.9214
5197,"Holualoa, HI",19.629469,-155.91685
7735,"Waimea, HI",20.020452,-155.66391
7735,"Waimea, HI",20.020452,-155.66391
25359,"Kaunakakai, HI",21.090624,-157.02084
45800,"Honokaa, HI",20.075563,-155.46388
5374,"Kapaau, HI",20.230726,-155.79878
18941,"Lanai City, HI",20.826084,-156.91978
46956,"Paia, HI",20.90926,-156.37013
52397,"Hanapepe, HI",21.911362,-159.58699
19833,"Papaikou, HI",19.788864,-155.09312
40445,"Princeville, HI",22.223612,-159.48528
46074,"Kurtistown, HI",19.59315,-155.05807
40299,"Pepeekeo, HI",19.830564,-155.10484
5370,"Kahuku, HI",21.679125,-157.94838
133450,"Puako, HI",19.970121,-155.839
33021,"Naalehu, HI",19.060904,-155.5861
17940,"Eleele, HI",21.905012,-159.58276
56012,"Hana, HI",20.767105,-155.99075
40223,"Pahala, HI",19.202444,-155.47734
46167,"Laupahoehoe, HI",19.97701,-155.23563
36884,"Paauilo, HI",20.040691,-155.36958
49343,"Hanalei, HI",22.202993,-159.4957
28562,"Hoolehua, HI",21.15909,-157.09485
53796,"Papaaloa, HI",20.024725,-155.2992
49590,"Maunaloa, HI",21.134876,-157.2112
35728,"Kaaawa, HI",21.555471,-157.85463
11967,"Honomu, HI",19.86918,-155.11151
12989,"Ninole, HI",19.93785,-155.16815
53729,"Ookala, HI",21.288921,-157.71323
52447,"Hawi, HI",20.237867,-155.83405
17759,"Des Moines, IA",41.586864,-93.62495
44506,"Cedar Rapids, IA",41.975887,-91.6704
4301,"Davenport, IA",41.523582,-90.577095
54428,"Sioux City, IA",42.49668,-96.405876
5291,"Iowa City, IA",41.661255,-91.52991
31070,"Council Bluffs, IA",41.258842,-95.85195
21174,"Waterloo, IA",42.498276,-92.33287
51752,"Dubuque, IA",42.500626,-90.664795
30210,"Ames, IA",42.026756,-93.61704
7837,"West Des Moines, IA",41.56445,-93.75941
10137,"Ankeny, IA",41.73208,-93.605095
32703,"Marion, IA",41.31441,-93.10101
21014,"Urbandale, IA",41.627453,-93.73802
28079,"Bettendorf, IA",41.52538,-90.509865
44500,"Cedar Falls, IA",42.53618,-92.44776
9768,"Marshalltown, IA",42.04888,-92.91227
35860,"Muscatine, IA",41.47761,-91.121
26343,"Ottumwa, IA",41.019566,-92.41169
46432,"Mason City, IA",43.15246,-93.2018
35707,"Fort Dodge, IA",42.504402,-94.191
17236,"Burlington, IA",40.81269,-91.10202
51455,"Clinton, IA",41.905468,-90.56
14500,"Waukee, IA",41.611847,-93.884514
52698,"Johnston, IA",41.673153,-93.69734
4207,"Coralville, IA",41.676,-91.5807
13021,"North Liberty, IA",41.74783,-91.60644
48632,"Altoona, IA",41.64373,-93.469604
49631,"Newton, IA",41.699715,-93.05389
18687,"Indianola, IA",41.360497,-93.56133
8286,"Clive, IA",41.609657,-93.77547
45576,"Grimes, IA",41.68832,-93.79105
56138,"Oskaloosa, IA",41.295105,-92.644844
56395,"Norwalk, IA",41.475548,-93.67889
35599,"Le Mars, IA",42.792152,-96.1663
16149,"Waverly, IA",42.725845,-92.4746
40285,"Pella, IA",41.407314,-92.917404
6075,"Mount Pleasant, IA",40.966312,-91.55399
18159,"Fort Madison, IA",40.63114,-91.3084
7194,"Spencer, IA",43.141552,-95.14775
46020,"Keokuk, IA",41.31548,-92.186714
18859,"Knoxville, IA",41.31839,-93.09714
43791,"Adel, IA",41.617413,-94.01852
52344,"Grinnell, IA",41.743023,-92.72396
53947,"Polk City, IA",41.77126,-93.713745
12037,"Independence, IA",42.468567,-91.88912
51355,"Charles City, IA",43.06622,-92.67943
50323,"Boone, IA",42.01718,-93.925415
11088,"Denison, IA",42.017773,-95.35533
27783,"Washington, IA",41.31601,-91.73403
14863,"Bondurant, IA",41.700542,-93.46216
11283,"Eldridge, IA",41.658047,-90.5846
41604,"Webster City, IA",42.469566,-93.81838
4249,"Creston, IA",41.058586,-94.3614
6135,"Nevada, IA",42.022766,-93.45243
19984,"Pleasant Hill, IA",41.596485,-93.51489
47713,"Sioux Center, IA",43.07969,-96.17565
35509,"Glenwood, IA",41.046944,-95.74251
9839,"Clear Lake, IA",43.137074,-93.38136
39619,"Maquoketa, IA",42.06909,-90.665474
50791,"Atlantic, IA",41.40369,-95.01387
24341,"Decorah, IA",43.30416,-91.78591
43112,"Vinton, IA",42.16791,-92.02395
48545,"Winterset, IA",41.33747,-94.02272
7122,"Solon, IA",41.807236,-91.49406
10125,"Anamosa, IA",42.108337,-91.28516
56113,"Orange City, IA",43.007244,-96.05831
49463,"Osceola, IA",43.36846,-95.63
9829,"Carroll, IA",42.019363,-94.86034
19740,"Oelwein, IA",42.677876,-91.91451
11885,"Hiawatha, IA",42.038532,-91.67376
9610,"Algona, IA",43.069965,-94.23302
32639,"Madrid, IA",41.87665,-93.82328
17065,"Bloomfield, IA",40.75104,-92.41439
33605,"Red Oak, IA",41.009518,-95.22825
18652,"Humboldt, IA",42.775604,-94.19561
30851,"Cherokee, IA",42.724796,-95.62498
46589,"Monticello, IA",42.238274,-91.18694
8867,"Mount Vernon, IA",41.922245,-91.41712
45655,"Harlan, IA",41.655094,-95.319496
51272,"Carlisle, IA",41.498684,-93.48675
7043,"Sheldon, IA",43.180134,-95.852516
29417,"Sergeant Bluff, IA",42.40392,-96.35898
51586,"Cresco, IA",43.373615,-92.11614
30810,"Center Point, IA",42.190826,-91.78518
48363,"Waukon, IA",43.269424,-91.47579
49355,"Dyersville, IA",42.48446,-91.12111
28695,"Le Claire, IA",41.598644,-90.34346
35279,"Albia, IA",41.026455,-92.80752
19780,"Osage, IA",43.284122,-92.811226
7046,"Shenandoah, IA",40.76555,-95.37235
8715,"Forest City, IA",43.262676,-93.63767
16123,"Tipton, IA",41.769703,-91.128174
21732,"Camanche, IA",41.788086,-90.25624
36626,"Missouri Valley, IA",41.556496,-95.88795
11387,"Fairfield, IA",41.007233,-91.963005
27980,"Windsor Heights, IA",41.600216,-93.70876
25448,"La Porte City, IA",42.31499,-92.19213
26798,"Rock Valley, IA",43.205242,-96.294846
10338,"Bellevue, IA",42.258717,-90.42308
22102,"Jefferson, IA",41.013134,-91.97186
51353,"Chariton, IA",41.014717,-93.30741
23346,"West Liberty, IA",41.570023,-91.26377
4623,"Evansdale, IA",42.477184,-92.288414
29079,"Perry, IA",41.838654,-94.10664
47792,"Spirit Lake, IA",43.422485,-95.10247
7944,"Williamsburg, IA",41.66124,-92.00951
25752,"Marengo, IA",41.800102,-92.06938
49142,"Emmetsburg, IA",43.11081,-94.67819
29533,"Runnells, IA",41.5111,-93.35743
33681,"Riverside, IA",41.479717,-91.581276
36575,"Garner, IA",43.102146,-93.602005
48687,"Blue Grass, IA",41.50978,-90.765915
14539,"West Burlington, IA",40.825085,-91.15655
16383,"Story City, IA",42.187206,-93.59577
17849,"Eagle Grove, IA",42.664143,-93.904625
16255,"Kalona, IA",41.483116,-91.706184
35884,"Rock Rapids, IA",43.430325,-96.16748
24980,"Grundy Center, IA",42.36165,-92.76853
34287,"Tiffin, IA",41.705772,-91.66504
47946,"Tama, IA",42.056812,-92.54339
39786,"Milford, IA",43.32396,-95.1508
27971,"Wilton, IA",41.588917,-91.016815
6000,"Mitchellville, IA",41.668503,-93.3578
16565,"Peosta, IA",42.446953,-90.843376
53721,"Onawa, IA",42.02683,-96.097466
25322,"Jesup, IA",42.47505,-92.06321
38129,"Dallas Center, IA",41.684406,-93.96224
34985,"Carter Lake, IA",41.28513,-95.91716
7829,"West Branch, IA",41.672073,-91.34597
52292,"Granger, IA",41.761097,-93.824394
44614,"Clarion, IA",42.73179,-93.732185
52594,"Hull, IA",43.189762,-96.13388
15273,"Ely, IA",41.872684,-91.5854
20037,"Postville, IA",43.08659,-91.56848
28401,"Alta, IA",42.67369,-95.30399
19590,"New London, IA",40.92602,-91.40286
53935,"Pleasantville, IA",41.386776,-93.26948
9414,"Sibley, IA",43.398987,-95.75203
44876,"De Witt, IA",41.823635,-90.53827
55256,"Woodward, IA",41.85693,-93.9219
15295,"Estherville, IA",43.402664,-94.83636
48943,"Cambridge, IA",41.89908,-93.5294
13173,"Palo, IA",42.06608,-91.79639
19694,"Northwood, IA",43.444126,-93.22104
9379,"Walcott, IA",41.585735,-90.77446
18503,"Hawarden, IA",42.99566,-96.48531
14155,"Toledo, IA",41.995842,-92.57907
8358,"Belle Plaine, IA",41.89692,-92.27732
11195,"Earlham, IA",41.491444,-94.12292
5502,"Lake Mills, IA",43.419365,-93.533615
25946,"Monroe, IA",41.01425,-92.87926
22089,"Guthrie Center, IA",41.67827,-94.502
36918,"Maxwell, IA",41.891933,-93.39966
5255,"Ida Grove, IA",42.344975,-95.47136
56328,"Mediapolis, IA",41.007965,-91.16402
42404,"Farley, IA",42.442802,-91.00631
24021,"Centerville, IA",40.734432,-92.87421
30121,"Ackley, IA",42.553944,-93.05268
28273,"Britt, IA",43.096966,-93.801926
39579,"Manchester, IA",42.48409,-91.455536
12296,"Lamoni, IA",40.622807,-93.93425
44530,"Central City, IA",42.20396,-91.52436
44121,"Belmond, IA",42.845997,-93.61434
3993,"Cascade, IA",42.29849,-91.01422
32519,"Lisbon, IA",41.921116,-91.38549
44766,"Corydon, IA",40.757607,-93.318214
28655,"Huxley, IA",41.89461,-93.60659
25626,"Logan, IA",41.643227,-95.78942
45558,"Greenfield, IA",41.304913,-94.46104
53994,"Prairie City, IA",41.59877,-93.23608
8600,"Lakeside, IA",42.621464,-95.17448
33717,"Rockwell City, IA",42.395256,-94.633865
14516,"Wellman, IA",41.465065,-91.83785
30910,"Clarinda, IA",40.73898,-95.0371
24994,"Guttenberg, IA",42.785824,-91.09957
8869,"Moville, IA",42.488842,-96.07246
9720,"Sac City, IA",42.422115,-94.98859
54543,"State Center, IA",42.01671,-93.16369
17754,"Denver, IA",42.671375,-92.33722
13090,"Ogden, IA",42.039173,-94.031
38022,"Corning, IA",40.99016,-94.73478
18384,"Greene, IA",42.018288,-94.40059
12098,"Janesville, IA",42.64646,-92.4629
52589,"Hudson, IA",42.406586,-92.4553
40592,"Robins, IA",42.07099,-91.66681
22174,"Montezuma, IA",41.585518,-92.52702
26380,"Panora, IA",41.691654,-94.36302
45762,"Hinton, IA",42.6267,-96.29392
5077,"Hartley, IA",43.180023,-95.47697
46576,"Monona, IA",42.021873,-95.93566
12855,"Mount Ayr, IA",40.71459,-94.23814
12366,"Leon, IA",40.740463,-93.746506
54918,"Van Meter, IA",41.53322,-93.95484
56443,"Oakland, IA",41.31072,-95.396645
48736,"Atkins, IA",41.99687,-91.861916
22890,"Saint Charles, IA",41.288364,-93.80721
56181,"Nashua, IA",42.952755,-92.53629
56842,"Saint Ansgar, IA",43.378536,-92.91897
10182,"Asbury, IA",42.51362,-90.75269
41033,"Springville, IA",42.060207,-91.44338
14698,"Woodbine, IA",41.737144,-95.70216
54733,"Traer, IA",42.193295,-92.46531
31171,"Danville, IA",40.865623,-91.31494
42415,"Dike, IA",42.464085,-92.62827
20522,"Slater, IA",41.882416,-93.683685
15625,"Neola, IA",41.449127,-95.61576
40535,"Remsen, IA",42.814747,-95.973404
18838,"Kingsley, IA",42.58823,-95.967255
16744,"Alton, IA",42.987213,-96.01053
19595,"New Sharon, IA",41.469738,-92.65143
56576,"Storm Lake, IA",42.645283,-95.19927
17851,"Earlville, IA",42.481625,-91.27236
29106,"Mechanicsville, IA",41.904457,-91.25461
8720,"Jewell, IA",42.306927,-93.64021
21703,"Akron, IA",42.828804,-96.557945
49186,"Lake City, IA",42.267437,-94.733696
6722,"Reinbeck, IA",42.324287,-92.59935
20460,"Shell Rock, IA",42.710987,-92.58228
40211,"Oxford, IA",41.72336,-91.79073
10570,"Brooklyn, IA",41.728645,-92.445595
46243,"Lidderdale, IA",42.12437,-94.783714
5554,"Larchwood, IA",43.453876,-96.43407
5195,"Holstein, IA",42.48936,-95.54464
30204,"Amana, IA",41.800007,-91.870735
37234,"Avoca, IA",41.477657,-95.33949
44733,"Conrad, IA",42.22472,-92.874275
46382,"Malvern, IA",41.00241,-95.5852
25638,"Long Grove, IA",41.698116,-90.58334
4447,"Dysart, IA",42.170937,-92.306206
20846,"Tripoli, IA",42.802315,-92.25814
5405,"Keosauqua, IA",40.730476,-91.961296
51973,"Fairbank, IA",42.63921,-92.048874
10893,"Coggon, IA",42.280956,-91.5306
41100,"Stuart, IA",41.503323,-94.31857
19452,"Montrose, IA",40.532154,-91.41488
16508,"Dunlap, IA",41.85419,-95.60062
37079,"Alden, IA",42.52019,-93.37627
53280,"Merrill, IA",42.719666,-96.248116
33132,"Nora Springs, IA",43.14282,-93.00552
32426,"Lansing, IA",43.361874,-91.215675
40605,"Rockford, IA",43.052193,-92.94853
44822,"Cumming, IA",41.483322,-93.76244
134843,"Maharishi Vedic City, IA",41.054104,-92.00672
14915,"Crescent, IA",41.36507,-95.85842
55931,"Inwood, IA",43.30735,-96.432014
7041,"Sheffield, IA",42.89337,-93.21548
45809,"Hopkinton, IA",42.34407,-91.24828
13507,"Riceville, IA",43.36387,-92.554306
24863,"Gilman, IA",41.87966,-92.78747
45891,"Iowa Falls, IA",42.520794,-93.26476
33851,"Sanborn, IA",43.181633,-95.65587
6782,"Riverdale, IA",41.539692,-90.46431
55666,"Hazleton, IA",42.617325,-91.90584
34966,"Coon Rapids, IA",41.870857,-94.67818
32559,"Lone Tree, IA",41.488136,-91.42581
5406,"Keota, IA",41.363724,-91.95229
36684,"Pocahontas, IA",42.72627,-94.647736
39383,"Lawton, IA",42.478764,-96.18408
32665,"Manly, IA",43.286522,-93.20253
16590,"Hubbard, IA",42.305634,-93.29738
40147,"Olin, IA",41.99799,-91.142006
39628,"Marcus, IA",42.82471,-95.80791
42483,"Dunkerton, IA",42.571854,-92.16177
29644,"George, IA",43.343674,-96.0023
46111,"Lake Park, IA",43.455555,-95.32074
35237,"Buffalo Center, IA",43.387047,-93.94635
42046,"Adair, IA",41.312782,-94.49533
10011,"Audubon, IA",41.670204,-94.91065
13833,"Sidney, IA",40.747387,-95.64688
39212,"Kellogg, IA",41.717678,-92.90735
11258,"Eddyville, IA",41.15615,-92.63817
57247,"Fredericksburg, IA",42.965256,-92.19962
54779,"Udell, IA",40.780792,-92.74207
16015,"Victor, IA",41.731388,-92.29794
34992,"Correctionville, IA",42.474987,-95.78557
49749,"Lohrville, IA",42.27028,-94.54826
29153,"Norway, IA",41.90278,-91.92157
8780,"Preston, IA",42.050774,-90.39412
31919,"Hamburg, IA",40.604446,-95.65777
56280,"Roland, IA",42.168243,-93.50009
6810,"Rockwell, IA",42.98506,-93.18813
19178,"Manilla, IA",41.88963,-95.23231
19192,"Mapleton, IA",42.165813,-95.793335
37095,"Allison, IA",42.75564,-92.79512
6440,"Paullina, IA",42.979122,-95.687744
30374,"Beacon, IA",41.27648,-92.68152
4942,"Gowrie, IA",42.2805,-94.29083
5899,"Melbourne, IA",41.94302,-93.103035
8476,"Elgin, IA",42.957485,-91.62976
55872,"Exira, IA",41.590534,-94.87578
18892,"Lacona, IA",41.190014,-93.38327
10911,"Colo, IA",42.018635,-93.31531
12749,"Milo, IA",41.287064,-93.439125
52597,"Humeston, IA",40.858963,-93.49812
16845,"Aurelia, IA",42.712566,-95.43662
40675,"Sabula, IA",42.071117,-90.17403
19602,"New Virginia, IA",41.180595,-93.73004
18403,"Griswold, IA",41.234787,-95.1415
50894,"Baxter, IA",41.8261,-93.15159
22937,"Wever, IA",40.711487,-91.23043
134925,"Dallas, IA",41.67442,-94.039444
42154,"Kelley, IA",41.950672,-93.6653
31288,"Durant, IA",41.59975,-90.910706
26711,"Redfield, IA",41.58943,-94.19607
133734,"Bertram, IA",41.950096,-91.53519
30353,"Batavia, IA",40.9941,-92.167435
36011,"Newell, IA",42.605568,-95.00262
55933,"Ionia, IA",43.03414,-92.45602
35769,"Lowden, IA",41.857456,-90.92697
6626,"Princeton, IA",41.674755,-90.34041
26353,"Pacific Junction, IA",41.01869,-95.80031
51711,"Dexter, IA",41.51656,-94.22824
36974,"Winthrop, IA",42.47332,-91.73433
28551,"Elma, IA",43.244247,-92.43634
12833,"Morning Sun, IA",41.095974,-91.25558
33016,"Murray, IA",41.041718,-93.950836
22185,"Primghar, IA",43.08692,-95.627235
32676,"Manson, IA",42.529144,-94.53414
38421,"Essex, IA",40.833317,-95.30717
4310,"Dayton, IA",42.261364,-94.068565
46859,"Odebolt, IA",42.31215,-95.25206
39186,"Kanawha, IA",42.935402,-93.793365
29407,"Villisca, IA",40.929317,-94.976906
5511,"Lake View, IA",42.306923,-95.051094
21751,"Allerton, IA",40.706696,-93.36501
35631,"Fayette, IA",42.842075,-91.850266
31265,"Drakesville, IA",40.79864,-92.482414
4920,"Glidden, IA",42.05693,-94.72887
23487,"Andrew, IA",42.15363,-90.592354
43265,"Ruthven, IA",43.12913,-94.899155
50980,"Bernard, IA",42.31246,-90.831566
4114,"Clarksville, IA",42.784554,-92.66798
16805,"Armstrong, IA",43.396164,-94.48014
32072,"Honey Creek, IA",40.918064,-93.12704
43063,"Schleswig, IA",42.165264,-95.43694
10052,"Ainsworth, IA",41.288914,-91.55238
54072,"Readlyn, IA",42.70252,-92.225204
29476,"Shellsburg, IA",42.09444,-91.86935
16419,"Clarence, IA",41.88819,-91.055855
23114,"Underwood, IA",41.38725,-95.67886
55017,"Walker, IA",42.286648,-91.78065
57029,"Laurens, IA",42.846752,-94.851364
42354,"Graettinger, IA",43.23774,-94.75137
20509,"Sioux Rapids, IA",42.893047,-95.15112
56311,"Newhall, IA",41.99455,-91.96739
4742,"Fontanelle, IA",41.28971,-94.56164
19479,"Moulton, IA",40.684986,-92.67725
30150,"Albert City, IA",42.78172,-94.94835
23338,"Sloan, IA",42.233006,-96.22794
8119,"Aplington, IA",42.584053,-92.88376
28545,"La Motte, IA",42.29546,-90.620926
43411,"Minden, IA",41.466713,-95.542625
52215,"Gladbrook, IA",42.187748,-92.715
27041,"Seymour, IA",40.6824,-93.12102
48652,"Carson, IA",41.236496,-95.4212
9660,"Treynor, IA",41.232544,-95.61285
51024,"Blakesburg, IA",40.963985,-92.63643
37670,"Burt, IA",43.19762,-94.21968
29064,"Rolfe, IA",42.812843,-94.52774
45115,"Eldon, IA",40.918053,-92.221954
27660,"Van Horne, IA",42.00861,-92.09102
23795,"Boyden, IA",43.190933,-96.005806
20497,"Silver City, IA",41.11333,-95.63722
56503,"What Cheer, IA",41.401413,-92.35462
43595,"Bonaparte, IA",40.6983,-91.80203
36677,"Otley, IA",41.46479,-93.034325
53407,"Moravia, IA",40.891182,-92.81451
43901,"Anita, IA",41.445133,-94.765045
52123,"Fremont, IA",40.734592,-95.592476
51730,"Doon, IA",43.279423,-96.234406
52116,"Frederika, IA",42.88155,-92.30734
6869,"Russell, IA",40.981983,-93.19826
18633,"Hospers, IA",43.072376,-95.905556
47871,"Stratford, IA",42.271564,-93.9272
24049,"Chelsea, IA",41.918743,-92.39424
23273,"Hampton, IA",42.742477,-93.208084
49121,"Elkhart, IA",41.7934,-93.52401
44993,"Dumont, IA",42.750153,-92.97313
55696,"Keystone, IA",41.99889,-92.19794
9298,"Schaller, IA",42.499626,-95.293335
9560,"Garwin, IA",42.092663,-92.67646
7747,"Wall Lake, IA",42.271008,-95.092804
54537,"Stanton, IA",40.981575,-95.10418
36596,"Ackworth, IA",41.366013,-93.47347
33292,"Oxford Junction, IA",41.983627,-90.95626
55261,"Worthington, IA",42.39638,-91.11986
40867,"Shelby, IA",41.668243,-95.31636
27290,"Stout, IA",42.52646,-92.7117
56616,"Ventura, IA",43.126625,-93.4779
18611,"Holy Cross, IA",42.60055,-90.99568
42577,"Luxemburg, IA",42.60277,-91.07402
52448,"Hawkeye, IA",42.938553,-91.950966
32875,"Milton, IA",40.67363,-92.1617
52968,"Lime Springs, IA",43.448494,-92.280495
49387,"Early, IA",42.46134,-95.15231
38550,"Fonda, IA",42.58137,-94.84599
50005,"Terril, IA",43.30593,-94.9711
53041,"Lorimor, IA",41.127052,-94.055305
8583,"Grand Mound, IA",41.824028,-90.647766
35822,"Radcliffe, IA",42.315563,-93.43381
36877,"Ocheyedan, IA",43.415947,-95.53491
6986,"Scranton, IA",42.020958,-94.54554
16325,"Bancroft, IA",43.29302,-94.21822
34689,"Wayland, IA",41.147205,-91.66083
55902,"Granville, IA",42.985256,-95.874146
57042,"Sutherland, IA",42.974285,-95.49757
54139,"Ridgeway, IA",43.296906,-91.98953
35818,"Ossian, IA",43.14619,-91.76466
43075,"Swea City, IA",43.384785,-94.30967
25847,"Melrose, IA",40.975204,-93.04967
32162,"Ireton, IA",42.974705,-96.318344
8024,"Wyoming, IA",42.058933,-91.00704
37172,"Arlington, IA",42.748966,-91.67145
57174,"Nichols, IA",41.481247,-91.30763
42308,"Lehigh, IA",42.359974,-94.05218
36489,"Weldon, IA",40.89748,-93.734955
6524,"Plainfield, IA",42.847477,-92.53713
39977,"New Hampton, IA",43.05942,-92.318115
43167,"Walnut, IA",41.47726,-95.22207
57310,"Wellsburg, IA",42.43506,-92.926315
31538,"Farmington, IA",40.63982,-91.741615
55151,"Westside, IA",42.07439,-95.09814
21559,"Delhi, IA",42.429707,-91.33091
8122,"Arcadia, IA",42.08689,-95.04555
39381,"Lawler, IA",43.06996,-92.150566
46319,"Lost Nation, IA",41.96391,-90.81764
46562,"Mingo, IA",41.767654,-93.28363
41330,"Union, IA",41.015697,-94.24727
43929,"Argyle, IA",40.53258,-91.56648
4395,"Dorchester, IA",43.4707,-91.50909
41124,"Sumner, IA",42.848885,-92.09708
27360,"Tabor, IA",40.898384,-95.67123
23497,"Anthon, IA",42.388348,-95.866516
51360,"Charter Oak, IA",42.06954,-95.591324
28376,"Alburnett, IA",42.14826,-91.61882
19583,"New Hartford, IA",42.566925,-92.62214
34269,"Thompson, IA",43.371384,-93.770905
27279,"Stockton, IA",41.5914,-90.858765
57162,"Delmar, IA",42.002224,-90.60713
52575,"Hornick, IA",42.23049,-96.097176
11318,"Emerson, IA",41.017242,-95.40214
48608,"Zearing, IA",42.16124,-93.29702
33761,"Royal, IA",43.064545,-95.28414
51488,"Collins, IA",41.9028,-93.306335
36464,"Rowley, IA",42.369987,-91.84406
4628,"Everly, IA",43.16027,-95.32717
22917,"Salem, IA",40.85417,-91.61931
39525,"Lovilia, IA",41.134388,-92.90764
47987,"Thornton, IA",42.943855,-93.382744
3910,"Bussey, IA",41.204563,-92.88679
44971,"Dows, IA",42.65639,-93.50093
26573,"Pomeroy, IA",42.55071,-94.68515
23814,"Breda, IA",42.181637,-94.97705
10659,"Calamus, IA",41.82575,-90.758934
16826,"Atalissa, IA",41.571136,-91.165985
56822,"Truro, IA",41.209717,-93.84661
27310,"Sully, IA",41.57898,-92.846405
31793,"Goldfield, IA",42.735344,-93.92044
12790,"Mondamin, IA",41.710438,-96.02187
22737,"Woodburn, IA",41.01127,-93.597824
15562,"Malcom, IA",41.705967,-92.55598
35805,"Moscow, IA",41.575027,-91.08265
46350,"Lynnville, IA",41.577496,-92.78352
23983,"Castalia, IA",43.11211,-91.67646
50663,"Albion, IA",42.112423,-92.990135
29564,"Ryan, IA",42.35147,-91.48169
32882,"Minburn, IA",41.755447,-94.029495
38252,"Duncombe, IA",42.4705,-93.993355
41249,"Toddville, IA",42.098602,-91.71675
9605,"Luana, IA",43.06026,-91.45403
39660,"Masonville, IA",42.47936,-91.59115
57356,"Homestead, IA",41.760147,-91.870766
18352,"Grand Junction, IA",42.03162,-94.23802
30779,"Casey, IA",41.50519,-94.51938
34766,"West Union, IA",42.962418,-91.80766
54899,"Vail, IA",42.06075,-95.200134
37432,"Birmingham, IA",40.87907,-91.94846
14852,"Crawfordsville, IA",41.214714,-91.53885
56231,"New Albin, IA",43.49633,-91.28782
50168,"Unionville, IA",40.818336,-92.69603
10610,"Buffalo, IA",41.458015,-90.71716
44883,"Deep River, IA",41.58028,-92.37491
50399,"Wesley, IA",43.088207,-93.992584
25734,"Manning, IA",41.90923,-95.065056
7786,"Waucoma, IA",43.055893,-92.0347
15424,"Floyd, IA",43.05879,-92.78305
23729,"Blairstown, IA",41.908524,-92.084595
23672,"Bennett, IA",41.740303,-90.97376
57279,"Maurice, IA",42.96643,-96.180244
56244,"Richland, IA",41.185562,-91.992935
20600,"Sperry, IA",40.957733,-91.15874
44006,"Bagley, IA",41.846123,-94.42967
55029,"Wapello, IA",41.01376,-92.414024
8503,"Gilbert, IA",41.52538,-90.509865
44727,"Conesville, IA",41.381996,-91.35001
51889,"Elliott, IA",41.149185,-95.16265
43579,"Crystal Lake, IA",43.223236,-93.791664
13261,"Persia, IA",41.579487,-95.56894
19601,"New Vienna, IA",42.54805,-91.1143
51358,"Charlotte, IA",41.960476,-90.468864
17459,"Clare, IA",42.587246,-94.34448
30595,"Brighton, IA",41.174885,-91.81993
12609,"Massena, IA",41.253887,-94.769066
5717,"Lucas, IA",41.014744,-93.342766
11811,"Harpers Ferry, IA",43.200603,-91.15254
50269,"Battle Creek, IA",42.315544,-95.59861
51975,"Fairfax, IA",41.91945,-91.78101
18152,"Fort Atkinson, IA",43.143337,-91.93266
41080,"Stockport, IA",40.857174,-91.83365
30637,"Buckingham, IA",42.26249,-92.44769
3482,"Auburn, IA",42.25052,-94.87777
49679,"Lenox, IA",40.881298,-94.55889
34679,"Watkins, IA",41.891766,-91.985954
8220,"Baldwin, IA",42.073093,-90.84096
48775,"Aurora, IA",42.618874,-91.72849
26105,"New Liberty, IA",41.71773,-90.87964
15204,"Eldora, IA",42.360687,-93.09961
28146,"Dedham, IA",41.906315,-94.822205
41247,"Titonka, IA",43.236904,-94.04134
18501,"Havelock, IA",42.83271,-94.70251
45671,"Hartford, IA",41.45938,-93.40307
37244,"Badger, IA",42.614418,-94.146164
26417,"Paton, IA",42.16536,-94.25435
53715,"Ollie, IA",41.19837,-92.09309
28437,"Kensett, IA",43.35457,-93.210014
35104,"Ashton, IA",43.31129,-95.79095
21424,"Zwingle, IA",42.29754,-90.68756
9224,"Whiting, IA",42.127552,-96.15249
47077,"Peterson, IA",42.91795,-95.34372
6013,"Monmouth, IA",42.07696,-90.87987
28403,"Alta Vista, IA",43.19844,-92.416985
35137,"Brandon, IA",42.314434,-92.00212
33020,"Mystic, IA",40.77767,-92.94534
46426,"Martelle, IA",42.02048,-91.35902
43943,"Arnolds Park, IA",43.37045,-95.125885
7880,"Westfield, IA",42.756554,-96.603745
40660,"Rudd, IA",43.128216,-92.90282
14946,"Danbury, IA",42.234158,-95.72223
24288,"Cumberland, IA",41.27303,-94.87033
5672,"Lockridge, IA",40.99475,-91.74833
22582,"Stanhope, IA",42.288868,-93.79606
44596,"Churdan, IA",42.155365,-94.4774
134186,"Peru, IA",41.22676,-93.92625
4788,"Fostoria, IA",43.241806,-95.155815
38496,"Farragut, IA",40.719204,-95.48094
7926,"Whittemore, IA",43.06375,-94.42321
37598,"Bronson, IA",42.40963,-96.212364
9213,"Stanwood, IA",41.89272,-91.15028
22732,"Wiota, IA",41.400833,-94.88687
8498,"Ellston, IA",40.840214,-94.10871
42357,"Grand River, IA",40.81929,-93.96256
31301,"Earling, IA",41.7752,-95.41759
18895,"Ladora, IA",41.754482,-92.18477
7782,"Waterville, IA",43.207664,-91.297585
55632,"Columbus Junction, IA",41.27919,-91.36138
39527,"Low Moor, IA",41.801582,-90.35475
50057,"Rose Hill, IA",41.321835,-92.46223
47816,"Stacyville, IA",43.43608,-92.78241
50455,"Otho, IA",42.42463,-94.151886
45512,"Grandview, IA",41.275852,-91.18844
32491,"Libertyville, IA",40.95745,-92.05144
17140,"Braddyville, IA",40.578354,-95.02993
33449,"Plano, IA",40.755566,-93.04659
25567,"Lewis, IA",41.306004,-95.089226
37631,"Bryant, IA",41.96336,-90.33013
22524,"Lone Rock, IA",43.219963,-94.32466
48739,"Bouton, IA",41.85254,-94.00822
32751,"Maynard, IA",42.773884,-91.880615
6542,"Plymouth, IA",42.73691,-96.22136
17835,"Dundee, IA",42.57906,-91.54685
56364,"Menlo, IA",41.51994,-94.4048
11116,"Dickens, IA",43.131474,-95.0238
9941,"Parnell, IA",41.5835,-92.00483
28665,"Lamont, IA",42.59852,-91.64179
35211,"Clearfield, IA",40.800694,-94.475685
32935,"Montour, IA",41.981594,-92.71407
19812,"Packwood, IA",41.132805,-92.084785
41803,"Yale, IA",41.775063,-94.35501
20832,"Tracy, IA",41.27639,-92.87547
52795,"Kiron, IA",42.194702,-95.326965
43884,"Alvord, IA",43.34215,-96.30112
9099,"Linn Grove, IA",42.89127,-95.24668
12138,"Joice, IA",43.362732,-93.45382
9837,"Delta, IA",41.32262,-92.33018
46212,"Leighton, IA",41.337223,-92.78712
36396,"Thurman, IA",40.819878,-95.748085
46165,"Latimer, IA",42.76359,-93.36877
30954,"Clutier, IA",42.079117,-92.40373
51922,"Epworth, IA",42.445,-90.932076
22639,"Ute, IA",42.050365,-95.70641
19049,"Little Rock, IA",43.44398,-95.88319
16548,"Irwin, IA",41.79184,-95.20626
35592,"Laurel, IA",41.884155,-92.92214
44943,"Dixon, IA",41.742786,-90.78235
33600,"Reasnor, IA",41.578327,-93.023254
3582,"Beaman, IA",42.219707,-92.82353
19641,"Nodaway, IA",40.936752,-94.894966
33908,"Searsboro, IA",41.57935,-92.704956
33989,"Sigourney, IA",41.333096,-92.20493
53542,"New Market, IA",40.730988,-94.89954
5066,"Harris, IA",43.445244,-95.43417
40334,"Pierson, IA",42.544155,-95.867516
15076,"Columbia, IA",41.175278,-93.149925
26292,"Olds, IA",41.133457,-91.545135
43346,"Garrison, IA",42.144226,-92.144196
8796,"Moorhead, IA",41.922535,-95.85144
22615,"Williams, IA",42.48714,-93.54471
21342,"Winfield, IA",41.12877,-91.43798
12219,"Klemme, IA",43.007015,-93.60221
11912,"Hillsboro, IA",40.83577,-91.71492
55601,"Colfax, IA",41.677723,-93.24523
55971,"Douds, IA",40.84116,-92.07757
56404,"Little Sioux, IA",41.808018,-96.02303
24405,"Donnellson, IA",40.642815,-91.564606
16367,"Portsmouth, IA",41.650097,-95.518715
39560,"Lytton, IA",42.423004,-94.859856
47395,"Rippey, IA",41.93456,-94.2008
30736,"Cantril, IA",40.64513,-92.06974
38783,"Greeley, IA",42.585766,-91.34156
32990,"Mount Union, IA",41.057434,-91.39061
37911,"Cleghorn, IA",42.81225,-95.712715
55394,"Bode, IA",42.868256,-94.28741
39824,"Modale, IA",41.61975,-96.01204
3329,"Agency, IA",40.99497,-92.30681
57349,"Galva, IA",42.506927,-95.41722
42794,"Melvin, IA",43.28727,-95.6093
50589,"Webb, IA",42.94873,-95.01174
31409,"Ellsworth, IA",42.312096,-93.5787
17418,"Chester, IA",43.492317,-92.36314
18985,"Leland, IA",43.337067,-93.63535
42233,"Elk Horn, IA",41.591656,-95.060326
18076,"Farmersburg, IA",42.95843,-91.36783
7146,"South English, IA",41.45206,-92.09036
42520,"Harvey, IA",41.31766,-92.924095
5664,"Livermore, IA",42.868324,-94.18505
38877,"Hanlontown, IA",43.28129,-93.378784
17450,"Cincinnati, IA",40.630856,-92.924644
50865,"Barnum, IA",42.509026,-94.365456
23915,"Callender, IA",42.36174,-94.292885
24333,"De Soto, IA",41.53186,-94.00852
12693,"Meservey, IA",42.912018,-93.47805
56447,"Oakville, IA",41.09982,-91.0444
25671,"Lu Verne, IA",42.90902,-94.08455
17473,"Clermont, IA",43.001472,-91.65333
22934,"Westgate, IA",42.769714,-91.99628
13174,"Panama, IA",41.72632,-95.47204
31940,"Harcourt, IA",42.262753,-94.1758
13901,"South Amana, IA",41.77612,-91.9674
45483,"Goose Lake, IA",41.968365,-90.38229
25387,"Keswick, IA",41.4528,-92.23949
6742,"Rhodes, IA",41.927345,-93.18431
11943,"Holland, IA",42.398933,-92.80019
16421,"Marne, IA",41.449112,-95.111244
26681,"Randolph, IA",40.873066,-95.56597
6416,"Parkersburg, IA",42.575558,-92.78704
17591,"Corwith, IA",42.99292,-93.95737
14112,"Templeton, IA",41.91854,-94.94304
19028,"Linden, IA",41.642586,-94.26974
5089,"Hastings, IA",41.022724,-95.49904
11069,"Defiance, IA",41.824093,-95.341354
26303,"Onslow, IA",42.106956,-91.015144
33091,"New Providence, IA",42.28144,-93.17207
22586,"Steamboat Rock, IA",42.408497,-93.067024
54147,"Ringsted, IA",43.29577,-94.5089
47521,"Saint Olaf, IA",42.92862,-91.38606
30970,"Coin, IA",40.65565,-95.23241
134910,"McIntire, IA",43.435337,-92.59379
28868,"Promise City, IA",40.746605,-93.149704
18969,"Le Grand, IA",42.00681,-92.77557
27790,"Washta, IA",42.575626,-95.7171
12853,"Mount Auburn, IA",42.254936,-92.09268
21879,"Geneva, IA",42.676193,-93.12999
24916,"Grafton, IA",43.329857,-93.06966
53156,"Marble Rock, IA",42.965027,-92.86843
23644,"Bedford, IA",40.66808,-94.719955
134904,"McCallsburg, IA",42.16536,-93.38991
46909,"Orchard, IA",43.227497,-92.77472
21777,"Haverhill, IA",41.94407,-92.96089
34394,"University Park, IA",41.286716,-92.61892
34847,"Williamson, IA",41.088036,-93.254684
8886,"Raymond, IA",42.468178,-92.2184
11411,"Farnhamville, IA",42.27609,-94.40386
48378,"Webster, IA",42.432606,-94.18432
22204,"Pulaski, IA",40.69682,-92.27329
8694,"Jamaica, IA",41.846058,-94.30815
42502,"Harper, IA",41.362488,-92.05101
48698,"Center Junction, IA",42.11612,-91.0871
36925,"Pisgah, IA",41.8316,-95.9262
13416,"Quimby, IA",42.63023,-95.641945
56704,"Thayer, IA",41.02879,-94.05035
24558,"Elberon, IA",42.00584,-92.3171
17149,"Brayton, IA",41.544376,-94.92412
45475,"Goodell, IA",42.923874,-93.61261
12396,"Lineville, IA",40.581062,-93.52412
53695,"Okoboji, IA",43.38588,-95.148735
4308,"Dawson, IA",41.843697,-94.22188
55884,"Lakota, IA",43.37739,-94.09346
41145,"Swan, IA",41.46527,-93.31126
33685,"Riverton, IA",40.687,-95.56817
4553,"Elk Run Heights, IA",42.469093,-92.26161
4288,"Cylinder, IA",43.08877,-94.55075
19821,"Palmer, IA",42.63107,-94.600555
45260,"Fenton, IA",43.218884,-94.42742
15713,"Renwick, IA",42.827766,-93.97971
44498,"Cedar, IA",41.76086,-91.12632
55965,"Dolliver, IA",43.465157,-94.61402
57157,"Archer, IA",43.115257,-95.74585
11689,"Gravity, IA",40.75873,-94.74476
16715,"Alexander, IA",42.80605,-93.47656
27914,"Wheatland, IA",41.83169,-90.8382
41224,"Thor, IA",42.6899,-94.04952
28881,"Moorland, IA",42.44164,-94.29497
5800,"Marathon, IA",42.861416,-94.98232
51025,"Blanchard, IA",40.579163,-95.2217
53120,"Mallard, IA",42.937843,-94.68375
28269,"Ayrshire, IA",43.038975,-94.833
49014,"Henderson, IA",41.140553,-95.43111
11132,"Donahue, IA",41.694706,-90.67536
18036,"Exline, IA",40.649334,-92.84081
10441,"Blencoe, IA",41.930233,-96.08081
18388,"Greenville, IA",43.016533,-95.146416
22843,"Soldier, IA",41.985023,-95.77944
35799,"Luzerne, IA",41.905956,-92.18049
30346,"Barnes City, IA",41.508232,-92.46839
15480,"Hartwick, IA",41.784794,-92.3437
41790,"Woolstock, IA",42.566605,-93.84387
135511,"Shueyville, IA",41.848118,-91.64884
47725,"Smithland, IA",42.228825,-95.930626
3356,"Alleman, IA",41.82006,-93.61125
3565,"Bayard, IA",41.85203,-94.558266
12320,"Larrabee, IA",42.8608,-95.54554
16177,"Rutland, IA",42.76092,-94.29213
47337,"Rembrandt, IA",42.825317,-95.166466
27350,"Swisher, IA",41.845623,-91.69297
29432,"Wadena, IA",42.842796,-91.65685
30047,"Woden, IA",43.231113,-93.90914
55119,"West Okoboji, IA",43.35328,-95.162476
19322,"Meriden, IA",42.794773,-95.63452
55787,"Elkader, IA",42.854534,-91.40409
31996,"Hedrick, IA",41.172462,-92.308914
11031,"Dakota City, IA",42.721245,-94.20138
36114,"Liscomb, IA",42.18919,-93.00493
42183,"Kimballton, IA",41.6289,-95.07286
27748,"Wallingford, IA",43.319828,-94.79418
47826,"Stanley, IA",42.642784,-91.8116
54996,"Volga, IA",42.80288,-91.5411
41534,"Wahpeton, IA",43.366154,-95.17144
43617,"Deloit, IA",42.097767,-95.322495
18277,"Gilbertville, IA",42.417713,-92.21507
34596,"Vincent, IA",42.591675,-94.02055
36462,"Rowan, IA",42.740986,-93.552124
11749,"Guernsey, IA",41.64876,-92.343285
56928,"Afton, IA",41.0289,-94.197044
15812,"Middletown, IA",40.828373,-91.25904
24811,"Fruitland, IA",41.355946,-91.129425
45265,"Fertile, IA",43.264088,-93.420135
29578,"West Bend, IA",42.957764,-94.445015
24732,"Floris, IA",40.86509,-92.33272
7833,"West Chester, IA",41.338573,-91.81795
32467,"Ledyard, IA",43.42157,-94.161354
34507,"Urbana, IA",42.223793,-91.87553
27067,"Sheldahl, IA",41.863018,-93.694916
22317,"Marquette, IA",43.04506,-91.179306
135149,"Orleans, IA",43.447178,-95.09249
52214,"Gilmore City, IA",42.72957,-94.44328
32857,"Miles, IA",42.048035,-90.315865
52526,"Hills, IA",41.554184,-91.53489
35938,"Martensdale, IA",41.37391,-93.739395
51236,"Calmar, IA",43.182804,-91.86481
14451,"Walford, IA",41.87823,-91.834915
23229,"Dow City, IA",41.92889,-95.49608
31363,"Edgewood, IA",42.644493,-91.401115
33150,"North English, IA",41.513763,-92.07629
27874,"West Point, IA",40.717373,-91.45308
55885,"Lambs Grove, IA",41.70053,-93.0802
36704,"Protivin, IA",43.215687,-92.09104
54589,"Strawberry Point, IA",42.68357,-91.53436
48948,"Columbus City, IA",41.25866,-91.37494
11579,"Garnavillo, IA",42.86857,-91.23591
134908,"McGregor, IA",43.02183,-91.17845
41009,"Spillville, IA",43.205177,-91.95113
5617,"Letts, IA",41.32829,-91.236946
30978,"Colesburg, IA",42.639557,-91.20208
43353,"Quasqueton, IA",42.39417,-91.761
3737,"Boise, ID",43.616615,-116.20089
33024,"Nampa, ID",43.573734,-116.55963
46508,"Meridian, ID",43.60863,-116.39233
39097,"Idaho Falls, ID",43.488792,-112.03628
30691,"Caldwell, ID",43.667873,-116.689415
13343,"Pocatello, ID",42.86203,-112.45063
41319,"Twin Falls, ID",42.555855,-114.47007
40420,"Post Falls, ID",47.71101,-116.94809
33639,"Rexburg, ID",43.823517,-111.787025
52951,"Lewiston, ID",46.41959,-117.021614
24464,"Eagle, ID",43.695442,-116.35401
36693,"Kuna, ID",43.49183,-116.42012
6057,"Moscow, ID",46.732388,-117.00017
41866,"Blackfoot, ID",43.19004,-112.34836
54144,"Rigby, ID",43.675194,-111.918
12125,"Jerome, ID",42.702267,-114.286705
22243,"Mountain Home, ID",43.13295,-115.6912
18510,"Hayden, ID",47.759064,-116.78668
6929,"Sandpoint, ID",48.27659,-116.553246
55587,"Burley, ID",42.535744,-113.79279
42632,"Rathdrum, ID",47.81115,-116.896935
17979,"Emmett, ID",43.873497,-116.4993
50539,"Middleton, ID",43.70683,-116.62013
37133,"Ammon, ID",43.476803,-111.964134
11572,"Garden City, ID",43.622112,-116.238174
31908,"Hailey, ID",43.51963,-114.31532
30888,"Chubbuck, ID",42.920296,-112.46619
20629,"Star, ID",43.69211,-116.49346
13623,"Rupert, ID",42.619076,-113.67723
33358,"Payette, ID",44.037464,-116.765114
3885,"Buhl, ID",42.59907,-114.75949
47231,"Preston, ID",42.096313,-111.87662
41920,"Bonners Ferry, ID",48.69723,-116.31198
3473,"Athol, ID",47.94796,-116.70798
46036,"Kimberly, ID",42.533802,-114.36475
14513,"Weiser, ID",44.24547,-116.97024
32770,"McCall, ID",44.911045,-116.09828
27070,"Shelley, ID",43.37998,-112.126915
42543,"Priest River, ID",48.18074,-116.90936
6879,"Sagle, ID",48.203205,-116.5656
38622,"Fruitland, ID",44.007664,-116.91655
47004,"Parma, ID",43.78516,-116.94321
18325,"Gooding, ID",43.003105,-114.82869
13665,"Saint Maries, ID",47.314354,-116.56267
37126,"American Falls, ID",42.786022,-112.85444
46919,"Orofino, ID",46.481136,-116.255775
25102,"Heyburn, ID",42.55852,-113.7639
4713,"Filer, ID",42.570187,-114.60782
57299,"Victor, ID",43.602592,-111.111305
15921,"Wilder, ID",43.676548,-116.91182
43260,"Wendell, ID",42.775738,-114.704216
49020,"Ketchum, ID",43.68074,-114.36366
22578,"Salmon, ID",45.175922,-113.895775
43623,"Homedale, ID",43.617657,-116.93376
46593,"Montpelier, ID",42.32215,-111.29771
3300,"Aberdeen, ID",42.94459,-112.838326
52294,"Grangeville, ID",45.92655,-116.12233
27208,"Spirit Lake, ID",47.966293,-116.86853
46726,"New Plymouth, ID",43.970333,-116.81988
53118,"Malad City, ID",42.191586,-112.2508
49324,"Driggs, ID",43.723175,-111.110886
19306,"Melba, ID",43.373257,-116.530495
15088,"Bellevue, ID",43.463516,-114.2606
13891,"Soda Springs, ID",42.654606,-111.603806
6439,"Paul, ID",42.607964,-113.78335
28707,"Inkom, ID",42.796303,-112.254135
21137,"Wallace, ID",47.4716,-115.92393
5058,"Hansen, ID",42.531124,-114.30127
28526,"Genesee, ID",46.55072,-116.92544
23975,"Cascade, ID",44.5127,-116.05256
8955,"Marsing, ID",43.545437,-116.813194
44775,"Cottonwood, ID",46.048492,-116.34959
15406,"Hagerman, ID",42.812126,-114.89867
43654,"Kamiah, ID",46.227093,-116.02902
47119,"Pinehurst, ID",47.53881,-116.23739
8577,"Grace, ID",42.57603,-111.73051
13306,"Pingree, ID",43.11658,-112.598595
9267,"Sugar City, ID",43.87302,-111.74795
29543,"Troy, ID",46.736805,-116.76934
34913,"Worley, ID",47.400738,-116.91712
12679,"Menan, ID",43.720745,-111.98997
47965,"Tetonia, ID",43.81448,-111.16021
9013,"McCammon, ID",42.65047,-112.19302
48701,"Council, ID",44.72989,-116.438194
47688,"Shoshone, ID",47.305485,-115.95831
19749,"Oldtown, ID",48.178795,-117.03798
5552,"Lapwai, ID",46.404842,-116.80459
21485,"Deary, ID",46.79934,-116.55599
32622,"Mackay, ID",43.91463,-113.61336
53574,"Nezperce, ID",46.23489,-116.2407
10437,"Blanchard, ID",48.016846,-116.98381
47168,"Plummer, ID",47.335182,-116.88851
11819,"Harrison, ID",47.4543,-116.786026
11630,"Glenns Ferry, ID",42.9549,-115.3009
17651,"Culdesac, ID",46.37461,-116.6732
50203,"Kooskia, ID",46.144894,-115.97792
38226,"Downey, ID",42.428528,-112.124405
50664,"Albion, ID",42.41269,-113.578064
32284,"Kendrick, ID",46.61406,-116.64654
50411,"Murtaugh, ID",42.491795,-114.16195
38757,"Grand View, ID",42.989613,-116.09343
49923,"Swan Valley, ID",43.452263,-111.33924
37894,"Clark Fork, ID",48.08692,-116.05529
41882,"Declo, ID",42.51824,-113.62807
24034,"Challis, ID",44.50513,-114.23137
56259,"New Meadows, ID",44.97128,-116.28402
13544,"Roberts, ID",43.72019,-112.126366
38058,"Craigmont, ID",46.241276,-116.46709
32090,"Horseshoe Bend, ID",43.914143,-116.19645
37790,"Cataldo, ID",47.548805,-116.32961
44441,"Carey, ID",43.307682,-113.944756
13377,"Potlatch, ID",46.92148,-116.89697
52901,"Lava Hot Springs, ID",42.61936,-112.01107
11973,"Hope, ID",48.248108,-116.30309
14119,"Teton, ID",43.76471,-111.208145
33003,"Moyie Springs, ID",48.72633,-116.18853
39576,"Malta, ID",42.3063,-113.36916
42811,"Lenore, ID",46.508507,-116.55098
52782,"Kingston, ID",47.549088,-116.27072
19783,"Osburn, ID",47.50604,-115.99933
40684,"Saint Anthony, ID",46.099968,-116.254364
34809,"White Bird, ID",45.761932,-116.30051
9561,"Georgetown, ID",42.476444,-111.37039
28945,"Mullan, ID",47.470207,-115.80183
37262,"Bancroft, ID",42.720196,-111.88579
28427,"Hazelton, ID",42.595867,-114.136696
21188,"Weippe, ID",46.376015,-115.938194
53698,"Ola, ID",44.17796,-116.29294
4150,"Cocolalla, ID",48.107967,-116.61742
5289,"Iona, ID",43.526302,-111.93302
29930,"Oakley, ID",42.243298,-113.88177
39096,"Idaho City, ID",43.82803,-115.834496
44954,"Donnelly, ID",44.73251,-116.077515
42462,"Dover, ID",48.251587,-116.6109
10443,"Bliss, ID",42.926773,-114.94927
46000,"Kellogg, ID",47.538235,-116.11889
29123,"Lewisville, ID",43.695744,-112.01053
34179,"Sun Valley, ID",43.696217,-114.353096
11717,"Greenleaf, ID",43.67592,-116.82122
29076,"Newdale, ID",43.883247,-111.606346
11838,"Hayden Lake, ID",47.758793,-116.75686
40941,"Smelterville, ID",47.542698,-116.18156
18054,"Fairfield, ID",43.34704,-114.79324
55544,"Clayton, ID",44.259098,-114.3997
27715,"Viola, ID",-6.202624,106.65304
10719,"Carmen, ID",45.24242,-113.8934
9904,"Fort Hall, ID",43.015015,-112.446686
43666,"Fish Haven, ID",42.036877,-111.39632
18444,"Hammett, ID",42.945732,-115.46619
25274,"Island Park, ID",44.423805,-111.37142
54010,"Princeton, ID",46.914062,-116.83405
36978,"Wayan, ID",42.978252,-111.376884
26807,"Rockland, ID",42.573246,-112.87721
29822,"Lowman, ID",44.083508,-115.62067
29924,"Eden, ID",42.6059,-114.20965
46186,"Leadore, ID",44.680202,-113.35809
29374,"Sweet, ID",43.972946,-116.32458
40049,"North Fork, ID",45.40603,-113.993965
19646,"Nordman, ID",48.631836,-116.94412
41740,"Winchester, ID",46.24067,-116.62374
5362,"Juliaetta, ID",46.57878,-116.705986
4428,"Dubois, ID",44.176296,-112.23082
54268,"Saint Charles, ID",42.11382,-111.38882
16517,"Coolin, ID",48.47964,-116.84937
11522,"Franklin, ID",42.109364,-111.820335
37622,"Bruneau, ID",42.88103,-115.79894
8490,"Kootenai, ID",47.654858,-116.71629
26758,"Riggins, ID",45.42211,-116.315414
35955,"Peck, ID",46.475174,-116.42431
39249,"King Hill, ID",44.520443,-116.33459
43188,"Wardner, ID",47.522926,-116.13406
5297,"Irwin, ID",43.407383,-111.29615
35258,"Bayview, ID",47.98033,-116.56043
12247,"Laclede, ID",48.17019,-116.75603
36215,"Stanley, ID",44.21614,-114.93785
8658,"Felt, ID",43.873196,-111.18087
43960,"Ashton, ID",44.071583,-111.44829
26389,"Paris, ID",42.23405,-111.40323
53885,"Pierce, ID",46.49102,-115.79903
38923,"Hauser, ID",47.772236,-117.028725
17426,"Chicago, IL",41.87556,-87.62442
10215,"Aurora, IL",41.75717,-88.31475
47426,"Rockford, IL",42.271393,-89.09396
39931,"Naperville, IL",41.77287,-88.14793
32238,"Joliet, IL",41.52636,-88.08402
17943,"Elgin, IL",42.03726,-88.2811
54522,"Springfield, IL",39.79902,-89.64396
19903,"Peoria, IL",40.69386,-89.5891
26534,"Plainfield, IL",41.60867,-88.20544
4042,"Champaign, IL",40.116486,-88.243095
41587,"Waukegan, IL",42.360226,-87.83182
23742,"Bloomington, IL",40.479782,-88.99391
44597,"Cicero, IL",41.84554,-87.75402
24339,"Decatur, IL",39.845417,-88.952415
50764,"Arlington Heights, IL",42.081158,-87.98022
17761,"Des Plaines, IL",42.041584,-87.88739
18025,"Evanston, IL",42.0694,-87.68293
33889,"Schaumburg, IL",42.03336,-88.083405
10484,"Bolingbrook, IL",41.70033,-88.07177
26362,"Palatine, IL",42.11055,-88.043434
33256,"Orland Park, IL",41.630665,-87.85363
20514,"Skokie, IL",42.0263,-87.752106
24420,"Downers Grove, IL",41.793682,-88.01023
6267,"Oak Lawn, IL",41.710865,-87.75811
9969,"Tinley Park, IL",41.573368,-87.78449
15894,"Wheaton, IL",41.864697,-88.11017
39899,"Mount Prospect, IL",42.066418,-87.937294
38718,"Glenview, IL",42.070065,-87.8114
50985,"Berwyn, IL",41.850586,-87.79367
6268,"Oak Park, IL",41.887814,-87.788765
4271,"Crystal Lake, IL",42.241135,-88.3162
12426,"Lombard, IL",41.886467,-88.02016
53590,"Normal, IL",40.509296,-88.98439
3615,"Belleville, IL",38.51358,-89.98416
13419,"Quincy, IL",39.9356,-91.409874
28533,"Hoffman Estates, IL",42.042725,-88.07928
4568,"Elmhurst, IL",41.899475,-87.94034
7645,"Urbana, IL",40.111717,-88.2073
55433,"Dekalb, IL",41.890347,-88.77139
32912,"Moline, IL",41.505833,-90.513664
26336,"Oswego, IL",41.68348,-88.35257
13650,"Saint Charles, IL",47.791462,-2.0094533
33178,"Northbrook, IL",42.128704,-87.82651
37757,"Carol Stream, IL",41.91253,-88.134796
24315,"Danville, IL",40.12522,-87.63046
44042,"Bartlett, IL",41.99085,-88.185005
47876,"Streamwood, IL",42.02558,-88.178406
33330,"Park Ridge, IL",42.011234,-87.84061
6456,"Pekin, IL",40.56879,-89.65016
39916,"Mundelein, IL",42.26308,-88.00397
3319,"Addison, IL",41.931698,-87.98895
47443,"Romeoville, IL",41.64753,-88.08951
15007,"Buffalo Grove, IL",42.15442,-87.95896
24872,"Glen Ellyn, IL",41.87753,-88.06701
54185,"Rock Island, IL",41.441177,-90.576614
21272,"Wheeling, IL",42.13889,-87.93109
29044,"New Lenox, IL",41.511974,-87.96561
45645,"Hanover Park, IL",41.999474,-88.14507
12158,"Kankakee, IL",41.12539,-87.84868
10721,"Carpentersville, IL",42.121136,-88.25786
5019,"Gurnee, IL",42.3703,-87.902016
10669,"Calumet City, IL",41.616016,-87.52959
55100,"West Chicago, IL",41.88475,-88.203964
53581,"Niles, IL",42.02893,-87.81223
48574,"Woodstock, IL",42.314754,-88.44743
3629,"Belvidere, IL",42.258,-88.841736
17527,"Collinsville, IL",38.670326,-89.98455
31684,"Galesburg, IL",40.947567,-90.371216
24568,"Elk Grove Village, IL",42.008797,-87.94146
18186,"Frankfort, IL",41.497948,-87.849594
53260,"Melrose Park, IL",41.9003,-87.85697
18359,"Granite City, IL",38.70144,-90.14872
45094,"Edwardsville, IL",38.811436,-89.953156
55253,"Woodridge, IL",41.756336,-88.04556
28517,"Lansing, IL",41.566223,-87.538155
13058,"O Fallon, IL",38.59227,-89.91121
32492,"Libertyville, IL",42.283077,-87.95313
24877,"Glendale Heights, IL",41.918953,-88.07657
18263,"Geneva, IL",41.887527,-88.30535
30354,"Batavia, IL",41.85003,-88.31258
19441,"Montgomery, IL",39.205265,-89.505714
4815,"Freeport, IL",42.296684,-89.62122
32522,"Lisle, IL",41.80116,-88.07477
51269,"Carbondale, IL",37.72747,-89.21665
14882,"Bourbonnais, IL",41.163933,-87.88397
10074,"Algonquin, IL",42.16558,-88.29425
5498,"Lake in the Hills, IL",42.18169,-88.33036
8587,"Huntley, IL",42.17225,-88.42692
46285,"Lockport, IL",41.589474,-88.05784
55741,"Highland Park, IL",42.18367,-87.799324
55487,"Chicago Heights, IL",41.506283,-87.63571
15644,"Marion, IL",38.64774,-88.92321
37652,"Burbank, IL",41.741405,-87.76861
7703,"Villa Park, IL",41.889313,-87.97784
21319,"Wilmette, IL",42.076065,-87.711555
48668,"Antioch, IL",42.47671,-88.09507
25828,"McHenry, IL",42.329437,-88.46057
25548,"Lemont, IL",41.673714,-88.001625
6055,"Morton Grove, IL",42.040585,-87.78257
16535,"Oak Forest, IL",41.60281,-87.743935
43240,"Round Lake Beach, IL",42.37169,-88.09008
55288,"Yorkville, IL",41.64114,-88.447296
48964,"Alton, IL",38.890858,-90.18431
11311,"Elmwood Park, IL",41.920593,-87.81602
29671,"Roselle, IL",41.98526,-88.079956
49927,"Vernon Hills, IL",42.237316,-87.96495
23738,"Bloomingdale, IL",41.957527,-88.0809
36955,"Rolling Meadows, IL",42.084194,-88.01313
28922,"Ottawa, IL",41.35166,-88.845436
14588,"Westmont, IL",41.79505,-87.9752
7768,"Washington, IL",38.36628,-89.42019
35973,"Maywood, IL",41.878994,-87.84364
41825,"Zion, IL",42.450115,-87.83378
27354,"Sycamore, IL",41.98892,-88.68675
32911,"Mokena, IL",41.526142,-87.88922
44861,"Darien, IL",41.75087,-87.97396
27174,"South Holland, IL",41.60087,-87.60699
26021,"Mount Vernon, IL",38.317272,-88.90312
27164,"South Elgin, IL",41.994194,-88.2923
52664,"Jacksonville, IL",39.73437,-90.22878
18612,"Homer Glen, IL",41.600033,-87.93811
4380,"Dixon, IL",41.842518,-89.48143
35945,"Matteson, IL",41.50983,-87.739265
25987,"Morris, IL",41.357414,-88.421524
54553,"Sterling, IL",41.788254,-89.695366
50222,"Roscoe, IL",42.41335,-89.00928
50414,"Cary, IL",42.211967,-88.23814
28419,"Franklin Park, IL",41.935307,-87.865616
31197,"Deerfield, IL",42.171135,-87.84451
51040,"Blue Island, IL",41.657303,-87.67987
17392,"Charleston, IL",39.496147,-88.176155
32621,"Machesney Park, IL",42.34724,-89.038994
39524,"Loves Park, IL",42.32002,-89.05816
19235,"Mattoon, IL",39.484283,-88.37733
24027,"Centralia, IL",38.525047,-89.1334
16736,"Alsip, IL",41.668922,-87.73866
8671,"Dolton, IL",41.638924,-87.60727
45795,"Homewood, IL",41.557404,-87.665146
39811,"Minooka, IL",41.455307,-88.261734
38293,"East Moline, IL",41.515217,-90.44204
30611,"Brookfield, IL",41.822838,-87.84808
11366,"Evergreen Park, IL",41.720135,-87.701324
20481,"Shorewood, IL",41.52003,-88.20173
31841,"Grayslake, IL",42.343353,-88.04122
16986,"Bensenville, IL",41.95384,-87.94318
45676,"Harvey, IL",41.610035,-87.64671
33328,"Park Forest, IL",41.48258,-87.68024
51813,"East Saint Louis, IL",38.626865,-90.159706
35491,"Lake Forest, IL",42.258648,-87.840706
37366,"Bellwood, IL",41.88142,-87.88319
43599,"Bridgeview, IL",41.75003,-87.80422
32624,"Macomb, IL",40.458893,-90.671394
43019,"Streator, IL",41.121025,-88.83574
28890,"Morton, IL",40.612736,-89.45932
19021,"Lincoln, IL",40.148136,-89.363655
49064,"Effingham, IL",39.05209,-88.6029
17889,"East Peoria, IL",40.66615,-89.5801
47674,"Shiloh, IL",38.56144,-89.89732
46975,"Palos Hills, IL",41.69664,-87.816925
22799,"Waterloo, IL",38.335884,-90.14983
11926,"Hinsdale, IL",41.80246,-87.929985
35766,"Prospect Heights, IL",42.095306,-87.93757
46125,"Lake Zurich, IL",42.196968,-88.093414
37976,"Columbia, IL",38.442806,-90.1998
4904,"Glen Carbon, IL",38.748383,-89.983154
50540,"Midlothian, IL",41.625313,-87.71755
24269,"Crete, IL",41.444534,-87.631386
27892,"Westchester, IL",41.850586,-87.882
24891,"Godfrey, IL",38.955605,-90.186775
6529,"Plano, IL",41.662876,-88.53668
6101,"Murphysboro, IL",37.764496,-89.33509
17622,"Crest Hill, IL",41.554752,-88.09867
38988,"Highland, IL",38.73949,-89.6712
55220,"Willowbrook, IL",41.769753,-87.93589
5513,"Lake Villa, IL",42.416965,-88.073975
26165,"Norridge, IL",41.963364,-87.827286
33145,"North Chicago, IL",42.327724,-87.83942
25109,"Hickory Hills, IL",41.72559,-87.82506
12238,"La Grange, IL",41.81483,-87.873566
14849,"Country Club Hills, IL",41.56809,-87.72033
6390,"Palos Heights, IL",41.668163,-87.79628
11475,"Forest Park, IL",41.879498,-87.8137
31516,"Fairview Heights, IL",38.58894,-89.99038
36409,"Warrenville, IL",41.817932,-88.174095
14697,"Wood Dale, IL",41.963364,-87.97896
54064,"Rantoul, IL",40.30837,-88.155876
49397,"Harvard, IL",42.42224,-88.61371
20012,"Pontiac, IL",40.880867,-88.62978
34876,"Winnetka, IL",42.10807,-87.73653
28425,"Hazel Crest, IL",41.571712,-87.69457
44572,"Chicago Ridge, IL",41.70142,-87.77922
26169,"North Aurora, IL",41.80614,-88.32729
32352,"La Grange Park, IL",41.833366,-87.86773
51202,"Burr Ridge, IL",41.750298,-87.91618
35727,"Justice, IL",41.745678,-87.83919
54183,"Rock Falls, IL",41.781624,-89.692604
19026,"Lincolnwood, IL",42.0056,-87.73557
34773,"Western Springs, IL",41.809612,-87.90067
13548,"Rochelle, IL",41.92392,-89.06871
27341,"Swansea, IL",38.53394,-89.98899
35387,"Kewanee, IL",41.245594,-89.92483
25726,"Manhattan, IL",41.42253,-87.985886
25758,"Markham, IL",41.593647,-87.69477
395497,"Campton Hills, IL",41.936134,-88.39976
7971,"Winfield, IL",41.861694,-88.160904
24851,"Geneseo, IL",41.45252,-90.15484
12433,"Long Grove, IL",42.17836,-87.99785
18476,"Harrisburg, IL",37.7385,-88.54052
9085,"Northlake, IL",41.91725,-87.89562
49415,"Olney, IL",38.729652,-88.08469
20853,"Troy, IL",38.729214,-89.883156
46993,"Paris, IL",39.611145,-87.69614
15978,"Sugar Grove, IL",41.76162,-88.443924
25753,"Marengo, IL",42.25015,-88.60813
36257,"Sandwich, IL",41.645863,-88.62174
13608,"Round Lake, IL",42.353355,-88.093414
20191,"River Forest, IL",41.897808,-87.81395
39442,"Lindenhurst, IL",42.410576,-88.02619
26755,"Richton Park, IL",41.4846,-87.70905
5917,"Metropolis, IL",37.151165,-88.731995
53110,"Mahomet, IL",40.19514,-88.40523
29308,"Wilmington, IL",39.479443,-90.48746
27318,"Summit, IL",41.788086,-87.81033
5789,"Manteno, IL",41.250675,-87.83143
4045,"Channahon, IL",41.429474,-88.228676
23903,"Cahokia, IL",38.566162,-90.17942
40782,"Schiller Park, IL",41.955864,-87.870895
12796,"Monmouth, IL",40.912712,-90.64725
29979,"Flossmoor, IL",41.542812,-87.68477
6783,"Riverdale, IL",41.63337,-87.6331
14795,"Carterville, IL",37.761936,-89.07727
45903,"Itasca, IL",41.975174,-88.00675
27859,"West Frankfort, IL",37.897827,-88.93146
44074,"Beach Park, IL",42.422245,-87.85729
50968,"Benton, IL",37.996716,-88.92007
29422,"Taylorville, IL",39.548744,-89.29415
40315,"Peru, IL",41.327293,-89.12876
51365,"Chatham, IL",39.676163,-89.704544
16400,"Lyons, IL",41.811108,-87.82327
7994,"Wood River, IL",38.86116,-90.09761
20316,"Salem, IL",38.62699,-88.94562
13906,"South Beloit, IL",42.493073,-89.03677
52394,"Hampshire, IL",42.0978,-88.530365
53186,"Mascoutah, IL",38.490326,-89.79315
40578,"River Grove, IL",41.925865,-87.83589
3960,"Canton, IL",40.558094,-90.03512
3650,"Bethalto, IL",38.909378,-90.04066
16897,"Barrington Hills, IL",42.14475,-88.15563
28971,"Palos Park, IL",41.667362,-87.8305
12053,"Inverness, IL",42.11808,-88.09618
32356,"La Salle, IL",41.333366,-89.09175
45754,"Hillside, IL",41.877808,-87.90284
13362,"Poplar Grove, IL",42.36835,-88.822044
38802,"Greenville, IL",38.89227,-89.41314
56647,"Worth, IL",41.68998,-87.79742
53374,"Monee, IL",41.42035,-87.74476
53316,"Milan, IL",41.45309,-90.57208
44574,"Chillicothe, IL",40.916164,-89.48844
17624,"Crestwood, IL",41.661144,-87.75255
13061,"Oak Brook, IL",41.83281,-87.92895
30909,"Clarendon Hills, IL",41.796124,-87.95514
49651,"Riverside, IL",41.832348,-87.81532
5087,"Harwood Heights, IL",41.96696,-87.80767
32523,"Litchfield, IL",39.17686,-89.65562
48870,"Clinton, IL",38.58962,-89.42007
14357,"Vandalia, IL",38.9606,-89.09368
42738,"Rockton, IL",42.452515,-89.072334
42219,"Hillsboro, IL",39.160957,-89.49339
11600,"Gilberts, IL",42.103436,-88.37451
48562,"Wonder Lake, IL",42.3853,-88.34731
45728,"Herrin, IL",37.803104,-89.02757
33433,"Pingree Grove, IL",42.068638,-88.413414
25600,"Lincolnshire, IL",42.190025,-87.9084
4424,"Du Quoin, IL",38.01144,-89.23619
44323,"Broadview, IL",41.863964,-87.85337
41948,"Bradley, IL",41.14219,-87.86132
4538,"Elburn, IL",41.89225,-88.4723
49831,"Steger, IL",41.470036,-87.63643
44035,"Barrington, IL",42.153915,-88.13619
22817,"Wauconda, IL",42.25891,-88.139244
12809,"Monticello, IL",40.026295,-88.567955
10714,"Carlinville, IL",39.27977,-89.88177
30391,"Beecher, IL",41.34054,-87.62151
28578,"Glencoe, IL",42.135025,-87.75812
9540,"Spring Grove, IL",42.44363,-88.23648
38469,"Fairfield, IL",38.378937,-88.35977
37335,"Beardstown, IL",40.016792,-90.43454
50474,"Pana, IL",39.38893,-89.08008
27309,"Sullivan, IL",39.59948,-88.60784
53741,"Oregon, IL",42.01475,-89.33233
15442,"Dunlap, IL",40.861652,-89.677765
52845,"Lake Bluff, IL",42.27891,-87.834236
36831,"Byron, IL",42.12697,-89.25566
28888,"Morrison, IL",41.809406,-89.96495
24780,"Fox Lake, IL",42.396687,-88.18369
34360,"Tuscola, IL",39.79986,-88.28845
49282,"Island Lake, IL",42.276134,-88.192024
19942,"Pinckneyville, IL",38.08033,-89.382034
12582,"Marseilles, IL",41.330868,-88.70813
53335,"Millstadt, IL",38.46144,-90.091774
33999,"Silvis, IL",41.512257,-90.41513
12599,"Maryville, IL",38.72366,-89.95593
14002,"Stickney, IL",41.81933,-87.779686
23111,"Lynwood, IL",41.525566,-87.54056
27224,"Spring Valley, IL",41.327534,-89.19981
50025,"Shelbyville, IL",39.40643,-88.79007
38274,"East Alton, IL",38.880325,-90.11122
49047,"Gages Lake, IL",42.353474,-87.98197
36276,"Sauk Village, IL",41.48837,-87.56754
30097,"Beckemeyer, IL",38.605606,-89.43591
49870,"Willow Springs, IL",41.7366,-87.869316
29009,"Marshall, IL",41.032455,-89.29984
18306,"Glenwood, IL",41.54249,-87.60228
23377,"Galena, IL",42.41573,-90.429474
45691,"Hawthorn Woods, IL",42.21697,-88.04952
19681,"North Riverside, IL",41.84686,-87.8152
23239,"Eureka, IL",40.721302,-89.272675
48096,"University Park, IL",41.440033,-87.68338
52038,"Flora, IL",38.668938,-88.4856
53955,"Pontoon Beach, IL",38.731716,-90.08038
37699,"Calumet Park, IL",41.663906,-87.65758
51561,"Countryside, IL",41.77716,-87.87298
32233,"Johnsburg, IL",42.38002,-88.242035
54178,"Rochester, IL",39.749493,-89.53176
42040,"Coal Valley, IL",41.443096,-90.461365
47310,"Red Bud, IL",38.211716,-89.99427
53859,"Peotone, IL",41.33281,-87.78976
42237,"Genoa, IL",42.097248,-88.69287
50671,"Aledo, IL",41.199856,-90.748634
54274,"Saint Joseph, IL",31.795574,35.232136
3813,"Brighton, IL",39.039772,-90.141
10138,"Anna, IL",37.460327,-89.247025
15260,"Hoopeston, IL",40.46726,-87.66836
56120,"Orland Hills, IL",41.58531,-87.84311
51494,"Colona, IL",41.475464,-90.36035
48549,"Winthrop Harbor, IL",42.478935,-87.823845
27856,"West Dundee, IL",42.09808,-88.28286
6402,"Park City, IL",42.348354,-87.88424
26856,"Round Lake Park, IL",42.356968,-88.076744
22183,"Olympia Fields, IL",41.516403,-87.702896
16472,"Deer Park, IL",42.16086,-88.08147
4540,"Eldorado, IL",37.81366,-88.4381
40877,"Sheridan, IL",41.530052,-88.67994
54327,"Savoy, IL",40.054752,-88.25172
24799,"Freeburg, IL",38.427586,-89.91376
50877,"Bartonville, IL",40.650314,-89.65205
9585,"Sparta, IL",38.123104,-89.70177
42755,"Peoria Heights, IL",40.747276,-89.57403
33356,"Paxton, IL",40.46031,-88.09532
26782,"Riverwoods, IL",42.167606,-87.8971
5421,"Kildeer, IL",42.17058,-88.04785
54715,"Tolono, IL",39.98614,-88.25894
40012,"Newton, IL",38.990437,-88.161964
6291,"Oglesby, IL",41.29531,-89.059525
17625,"Creve Coeur, IL",40.64726,-89.59121
28509,"Highwood, IL",42.199886,-87.809326
51115,"Braidwood, IL",41.26503,-88.21228
24814,"Fulton, IL",40.47143,-90.184555
15502,"Princeton, IL",41.36809,-89.46481
32236,"Johnston City, IL",37.820606,-88.92757
44536,"Centreville, IL",38.583385,-90.12511
55390,"Arcola, IL",39.684757,-88.306305
40087,"Northfield, IL",42.09975,-87.7809
53845,"Pecatonica, IL",42.313892,-89.359375
27986,"Winnebago, IL",42.325527,-89.14966
5484,"Lake Barrington, IL",42.212627,-88.16715
44139,"Berkeley, IL",41.88892,-87.9034
139410,"McLeansboro, IL",38.09338,-88.53561
53868,"Petersburg, IL",40.011715,-89.84817
33973,"Sherman, IL",39.89366,-89.60482
11884,"Heyworth, IL",40.313377,-88.97366
40587,"Robbins, IL",41.64392,-87.70366
37665,"Burnham, IL",41.638924,-87.55671
12764,"Minonk, IL",40.904476,-89.03452
34790,"Westville, IL",40.04226,-87.63863
55065,"Wayne, IL",38.425198,-88.41977
39869,"Moro, IL",38.92477,-90.02205
35291,"Caledonia, IL",42.369465,-88.8926
44295,"Breese, IL",38.610634,-89.52593
21572,"Cherry Valley, IL",42.239296,-88.95971
47750,"South Barrington, IL",42.088524,-88.14841
11185,"Dwight, IL",41.094475,-88.42506
43541,"Altamont, IL",39.062035,-88.74812
4794,"Fox River Grove, IL",42.20086,-88.21452
27395,"Teutopolis, IL",39.133095,-88.47199
46402,"Maple Park, IL",41.907528,-88.59925
53979,"Posen, IL",41.631702,-87.681435
36828,"New Baden, IL",38.534958,-89.70076
11835,"Havana, IL",40.30143,-90.06336
3998,"Caseyville, IL",38.636715,-90.02566
21077,"Vienna, IL",37.41533,-88.89784
38844,"Hainesville, IL",42.34502,-88.067856
6889,"Saint Jacob, IL",38.713936,-89.76815
44469,"Casey, IL",39.299385,-87.99175
6062,"Mount Carmel, IL",38.41088,-87.76141
6867,"Rushville, IL",40.12116,-90.56319
29522,"Tremont, IL",40.52754,-89.4926
22279,"Robinson, IL",39.00532,-87.7392
8513,"Hometown, IL",41.731247,-87.73096
7734,"Wadsworth, IL",42.42868,-87.90672
43636,"East Dundee, IL",42.098915,-88.27147
13512,"Richmond, IL",42.475853,-88.30592
48874,"Coal City, IL",41.28779,-88.28552
16218,"West Peoria, IL",40.69254,-89.62788
9238,"Stone Park, IL",41.905586,-87.883675
31739,"Gibson City, IL",40.465313,-88.375885
42586,"Mackinaw, IL",40.536846,-89.357574
19567,"New Athens, IL",38.32644,-89.877045
13994,"Staunton, IL",39.012188,-89.78849
40390,"Polo, IL",41.98614,-89.57928
38466,"Fairbury, IL",40.747257,-88.51478
15474,"East Dubuque, IL",42.492226,-90.64291
26778,"Riverton, IL",39.844215,-89.53954
31431,"Elwood, IL",41.40392,-88.111725
25705,"Madison, IL",38.81106,-89.90171
39904,"Mount Zion, IL",39.771423,-88.87424
38677,"Georgetown, IL",39.975315,-87.63586
9667,"Pawnee, IL",39.591717,-89.580376
17964,"Elmwood, IL",40.777817,-89.9665
5055,"Hanna City, IL",40.69169,-89.79517
29409,"Virden, IL",39.500885,-89.767876
27129,"Smithton, IL",38.40866,-89.99205
19316,"Mendota, IL",41.547256,-89.117584
50935,"Bedford Park, IL",41.76905,-87.77701
26246,"Oakbrook Terrace, IL",41.85003,-87.96451
20371,"Savanna, IL",42.094467,-90.15679
37023,"Bunker Hill, IL",39.042824,-89.95177
14220,"Union, IL",37.461647,-89.25048
36498,"Somonauk, IL",41.63364,-88.68119
23395,"Abingdon, IL",40.80448,-90.401794
38257,"Dupo, IL",38.516163,-90.21039
4840,"Galva, IL",41.16607,-90.04556
56605,"Sumner, IL",38.717022,-87.86135
51294,"Carthage, IL",40.41643,-91.13625
55728,"Edwards, IL",38.410255,-88.05843
49386,"Earlville, IL",41.589474,-88.92203
36717,"Leland, IL",41.61253,-88.79952
17318,"Carrollton, IL",39.30227,-90.40707
22127,"Jerseyville, IL",39.12005,-90.328445
6215,"North Barrington, IL",42.2078,-88.14063
42362,"Grant Park, IL",41.876537,-87.61929
17501,"Cobden, IL",37.531437,-89.25342
56667,"Seneca, IL",41.310715,-88.609085
53963,"Port Byron, IL",41.606323,-90.33578
32243,"Jonesboro, IL",37.451717,-89.26814
8335,"Albion, IL",38.37755,-88.056145
22440,"Lewistown, IL",40.393097,-90.15484
43948,"Arthur, IL",39.714756,-88.472275
19604,"Newark, IL",41.537495,-88.58297
43968,"Athens, IL",39.960884,-89.72399
25484,"Lakemoor, IL",42.328632,-88.198975
40969,"South Chicago Heights, IL",41.48087,-87.63782
15601,"Palestine, IL",39.003654,-87.6128
42720,"Mason City, IL",40.202267,-89.698166
3908,"Bushnell, IL",40.551167,-90.50984
50718,"Amboy, IL",41.7142,-89.328705
10797,"Chenoa, IL",40.741703,-88.71979
15301,"Hudson, IL",40.60587,-88.9873
22727,"Volo, IL",42.326134,-88.16786
17714,"Davis Junction, IL",42.101692,-89.093155
36308,"Worden, IL",38.931435,-89.83899
31236,"Dixmoor, IL",41.631702,-87.66088
31179,"Davis, IL",42.422516,-89.41373
52910,"Lawrenceville, IL",38.729214,-87.681694
49659,"Medinah, IL",41.97817,-88.05094
5687,"Long Lake, IL",42.376026,-88.12641
12925,"Neoga, IL",39.31948,-88.45283
16258,"Kingston, IL",42.099747,-88.75898
5453,"Knoxville, IL",40.90837,-90.28485
38856,"Hamilton, IL",38.06196,-88.53011
33457,"Pleasant Plains, IL",39.872826,-89.92122
39349,"Lanark, IL",42.102097,-89.83297
16851,"Aviston, IL",38.60672,-89.60759
12533,"Manito, IL",40.425873,-89.779274
41227,"Thornton, IL",41.572582,-87.60953
53437,"Mount Morris, IL",42.050304,-89.43122
7267,"Stockton, IL",42.349735,-90.00679
33214,"Oblong, IL",39.001987,-87.90892
45870,"Indian Head Park, IL",41.772354,-87.90127
139933,"Pistakee Highlands, IL",42.401382,-88.20912
30250,"Argenta, IL",39.98198,-88.82285
38493,"Farmington, IL",40.698093,-90.00595
42692,"Maroa, IL",40.036427,-88.95702
42547,"Princeville, IL",40.92976,-89.7576
24421,"Downs, IL",40.39698,-88.87063
32583,"Louisville, IL",38.77227,-88.50255
47062,"Percy, IL",38.01644,-89.618706
22441,"Lexington, IL",40.641422,-88.7834
8574,"Lacon, IL",41.024757,-89.4112
39900,"Mount Pulaski, IL",40.010876,-89.28231
29653,"Prophetstown, IL",41.67142,-89.936226
25871,"Mettawa, IL",42.233356,-87.9259
24833,"Garden Prairie, IL",42.253353,-88.72482
18542,"Henry, IL",41.341854,-90.117744
50076,"Watseka, IL",40.776146,-87.73642
37212,"Atlanta, IL",40.25965,-89.233246
24454,"Durand, IL",42.43589,-89.33195
51275,"Carmi, IL",38.09088,-88.158646
8956,"Martinsville, IL",39.335594,-87.88197
21515,"Creal Springs, IL",37.619495,-88.83673
29676,"Greenup, IL",39.247814,-88.16337
9451,"Roxana, IL",38.84826,-90.07689
16099,"Thompsonville, IL",37.91755,-88.76228
17160,"Bridgeport, IL",41.836395,-87.64938
31510,"Fairmont City, IL",38.649773,-90.09316
49443,"Orion, IL",41.353844,-90.381424
42393,"Le Roy, IL",40.35198,-88.76424
50492,"Fox Lake Hills, IL",42.413696,-88.123665
32706,"Marissa, IL",38.25005,-89.7501
57352,"Hinckley, IL",41.768917,-88.640915
7908,"White Hall, IL",39.436882,-90.40242
6678,"Ramsey, IL",39.14449,-89.10869
5442,"Kirkland, IL",42.092525,-88.851204
39716,"McCullom Lake, IL",42.368355,-88.29259
53116,"Makanda, IL",37.617508,-89.20906
54237,"Royalton, IL",37.876995,-89.114525
45440,"Girard, IL",39.44588,-89.77825
46013,"Kenilworth, IL",42.089474,-87.71493
31069,"Coulterville, IL",38.18644,-89.60565
39565,"Macon, IL",39.84552,-88.960236
56758,"Washington Park, IL",38.63505,-90.09289
41175,"Tamaroa, IL",38.13783,-89.23008
53431,"Mount Carroll, IL",42.09486,-89.97771
20182,"Ringwood, IL",42.392242,-88.297035
140196,"Rosewood Heights, IL",38.886612,-90.07333
11613,"Glasford, IL",40.57254,-89.81344
48755,"Auburn, IL",39.59172,-89.74649
6277,"Oakwood, IL",40.116146,-87.77836
7051,"Sherrard, IL",41.318924,-90.50597
36450,"Sleepy Hollow, IL",42.094193,-88.30258
30974,"Colchester, IL",40.42643,-90.79263
4602,"Erie, IL",41.65633,-90.07902
9343,"Sesser, IL",38.091717,-89.050354
51719,"Dieterich, IL",39.06206,-88.380165
38906,"Hartford, IL",38.83338,-90.09594
12878,"Moweaqua, IL",39.62476,-89.01897
20820,"Toledo, IL",39.273647,-88.24365
22453,"Pittsfield, IL",39.607826,-90.80513
55062,"Waverly, IL",39.591717,-89.95288
25890,"Milford, IL",40.62837,-87.69614
30790,"Catlin, IL",40.065037,-87.701965
38154,"De Soto, IL",37.81755,-89.22786
33138,"Norris City, IL",37.98116,-88.32921
39526,"Lovington, IL",39.71559,-88.63256
29505,"Roodhouse, IL",39.483936,-90.37151
39688,"Mazon, IL",41.24142,-88.41951
24949,"Green Valley, IL",40.40747,-89.64298
5304,"Iuka, IL",38.616158,-88.79034
37765,"Carrier Mills, IL",37.684216,-88.632835
7716,"Virginia, IL",39.95116,-90.21234
8662,"Gridley, IL",40.74337,-88.881454
26846,"Rosemont, IL",41.994133,-87.87567
22781,"Warsaw, IL",40.35921,-91.4346
45488,"Goreville, IL",37.554497,-88.97229
32731,"Mason, IL",40.23023,-89.86604
16417,"Chrisman, IL",39.803646,-87.67364
33360,"Payson, IL",39.81699,-91.24236
24932,"Granville, IL",41.261147,-89.227585
21633,"Brookport, IL",37.123665,-88.630325
28256,"Brimfield, IL",40.838924,-89.8865
51994,"Farmer City, IL",40.243366,-88.64257
23134,"Mendon, IL",40.08838,-91.28376
4881,"Germantown, IL",38.553806,-89.53825
26905,"Saint Elmo, IL",39.027267,-88.848114
24539,"Edinburg, IL",39.65727,-89.389534
19759,"Onarga, IL",40.715034,-88.00615
46239,"Liberty, IL",39.87949,-91.10792
53693,"Okawville, IL",38.434216,-89.55037
24119,"Clifton, IL",40.93531,-87.93449
22601,"Stillman Valley, IL",42.107246,-89.17927
52469,"Hebron, IL",42.471684,-88.43232
17946,"Elizabeth, IL",42.31779,-90.22152
4376,"Divernon, IL",39.56561,-89.65732
36607,"Marine, IL",38.786438,-89.777596
24057,"Chester, IL",37.913662,-89.82205
28379,"Alhambra, IL",38.88838,-89.73148
140448,"South Jacksonville, IL",39.708656,-90.22818
45635,"Hampton, IL",41.55615,-90.40968
50960,"Bement, IL",39.921978,-88.57201
42912,"Odin, IL",38.61727,-89.052284
22587,"Steeleville, IL",38.007275,-89.65843
53584,"Noble, IL",38.697548,-88.223656
56766,"Rossville, IL",40.379204,-87.66863
21144,"Walnut, IL",41.5567,-89.59343
39614,"Mapleton, IL",40.56643,-89.73177
4389,"Dongola, IL",37.36116,-89.16591
11723,"Greenview, IL",40.083103,-89.73817
54962,"Villa Grove, IL",39.865467,-88.15253
54725,"Toulon, IL",41.093468,-89.865875
28478,"Galatia, IL",37.840603,-88.60922
38567,"Forreston, IL",42.126175,-89.57912
34957,"Capron, IL",42.39942,-88.740585
8644,"Greenfield, IL",39.34366,-90.212616
23701,"Big Rock, IL",41.76392,-88.54702
28317,"Bartelso, IL",38.536438,-89.46648
44211,"Blue Mound, IL",39.701153,-89.12314
50850,"Bannockburn, IL",42.19336,-87.866455
21058,"Venice, IL",38.67227,-90.16983
42013,"Cuba, IL",40.492817,-90.190674
31260,"Dow, IL",39.013382,-90.3415
55659,"Franklin Grove, IL",41.841698,-89.30038
55901,"Grantsburg, IL",37.390884,-88.747
4894,"Gilman, IL",40.7667,-87.99226
16531,"Elkville, IL",37.910156,-89.23581
38692,"Gillespie, IL",39.12665,-89.816345
53841,"Pearl City, IL",42.265297,-89.82595
17200,"Brownstown, IL",38.995876,-88.95284
43417,"Homer, IL",40.034756,-87.95809
10339,"Bellevue, IL",40.684483,-89.6801
28194,"Cerro Gordo, IL",39.89059,-88.72813
38816,"Groveland, IL",40.592537,-89.534546
33752,"Round Lake Heights, IL",42.38002,-88.10425
50810,"Ava, IL",37.888386,-89.49482
36747,"Malta, IL",41.929222,-88.86231
52274,"Grafton, IL",38.96985,-90.431435
26253,"Oakland, IL",39.653923,-88.026146
21313,"Williamsville, IL",39.954216,-89.54871
52918,"Lebanon, IL",38.60394,-89.80732
21460,"Carlyle, IL",38.610325,-89.37258
11040,"Danvers, IL",40.52948,-89.17731
37199,"Ashland, IL",41.88534,-87.66628
9592,"Roanoke, IL",40.796146,-89.1973
55229,"Windsor, IL",41.20226,-90.44235
55229,"Windsor, IL",41.20226,-90.44235
53773,"Ozark, IL",37.54194,-88.76404
49165,"Golconda, IL",37.367275,-88.486435
7799,"Wayne City, IL",38.345325,-88.58783
12538,"Mansfield, IL",40.211422,-88.50617
30003,"Griggsville, IL",39.708935,-90.72457
27049,"Shannon, IL",42.154747,-89.73984
43151,"Seymour, IL",40.106976,-88.42673
10717,"Carlock, IL",40.58226,-89.13203
56650,"Wyoming, IL",41.061703,-89.773155
30650,"Bull Valley, IL",42.320576,-88.35509
31586,"Ford Heights, IL",41.506424,-87.59171
9785,"Valmeyer, IL",38.305378,-90.300156
16822,"Ashley, IL",38.329494,-89.19091
24942,"Grayville, IL",38.257545,-87.993645
18026,"Evansville, IL",38.09033,-89.93844
46627,"Mounds, IL",37.114216,-89.19785
48721,"Chadwick, IL",42.01336,-89.89068
16139,"Roseville, IL",40.73226,-90.66458
55268,"Wyanet, IL",41.36534,-89.580734
55271,"Xenia, IL",38.63588,-88.63477
33018,"Murrayville, IL",39.5856,-90.25207
24565,"Elizabethtown, IL",37.44591,-88.3051
49361,"Forrest, IL",40.75198,-88.41116
17515,"Colfax, IL",40.56698,-88.61645
27097,"Shumway, IL",39.185043,-88.652275
14126,"Thomson, IL",41.958916,-90.09929
47590,"Scales Mound, IL",42.475845,-90.252975
30168,"Allendale, IL",38.526714,-87.70975
21715,"Cairo, IL",37.005795,-89.177246
20669,"Stonefort, IL",37.614216,-88.708115
50394,"Bethany, IL",39.64559,-88.73813
20454,"Sheffield, IL",41.358482,-89.73691
8176,"Atkinson, IL",41.420868,-90.015114
6289,"Ogden, IL",40.113922,-87.95615
40505,"Raymond, IL",39.319492,-89.57204
35105,"Assumption, IL",39.520317,-89.04897
44626,"Clay City, IL",38.68866,-88.35421
35587,"Indian Creek, IL",42.226967,-87.9798
6387,"Palmyra, IL",39.43477,-89.99594
39874,"Morrisonville, IL",39.42005,-89.45565
17682,"Dallas City, IL",40.636326,-91.16756
41177,"Tampico, IL",41.63248,-89.78504
19927,"Philo, IL",40.006977,-88.1581
26311,"Orangeville, IL",42.46803,-89.64488
39913,"Mulberry Grove, IL",38.925045,-89.26896
50782,"Astoria, IL",40.227547,-90.359566
51844,"Edelstein, IL",40.94087,-89.629265
52937,"Lerna, IL",39.41837,-88.28866
44255,"Bonfield, IL",41.146698,-88.05783
17270,"Camp Point, IL",40.039215,-91.069305
44613,"Claremont, IL",38.719494,-87.97142
15029,"Buncombe, IL",37.47144,-88.97701
37378,"Benld, IL",39.092823,-89.803986
18987,"Leland Grove, IL",39.779087,-89.68225
22329,"Ridge Farm, IL",39.89559,-87.65197
9145,"Odell, IL",41.003643,-88.52534
32225,"Jerome, IL",39.76736,-89.67756
29727,"Ashton, IL",41.866142,-89.22121
4710,"Fieldon, IL",39.108658,-90.49845
50047,"Toluca, IL",41.002254,-89.133415
56366,"Meredosia, IL",39.831158,-90.55957
35192,"Cisne, IL",38.51588,-88.437546
3596,"Beecher City, IL",39.1881,-88.78673
17872,"East Hazel Crest, IL",41.573647,-87.64643
26306,"Oquawka, IL",40.93198,-90.94708
396045,"Windsor, IL",41.20226,-90.44235
396045,"Windsor, IL",41.20226,-90.44235
45509,"Grand Ridge, IL",41.236137,-88.831245
37147,"Annawan, IL",41.39726,-89.90455
53370,"Momence, IL",41.164738,-87.6625
43261,"Wenona, IL",41.052532,-89.05036
55436,"Delavan, IL",40.372543,-89.547325
48340,"Washburn, IL",40.91816,-89.29125
34601,"Viola, IL",41.20309,-90.58708
52621,"Illinois City, IL",41.39753,-90.89959
6881,"Saint Anne, IL",41.0252,-87.71338
33988,"Sidney, IL",40.025032,-88.07337
4590,"Enfield, IL",38.09949,-88.33755
53722,"Oneida, IL",41.072258,-90.2254
9812,"Deer Creek, IL",40.629864,-89.33239
43913,"Apple River, IL",42.34493,-90.193726
138310,"Fairmont, IL",41.564133,-88.06153
27428,"Tiskilwa, IL",41.29226,-89.5062
51413,"Cissna Park, IL",40.56476,-87.89309
8216,"Dawson, IL",39.852825,-89.463425
15222,"Hoffman, IL",38.54137,-89.263596
24381,"Diamond, IL",41.288643,-88.25173
15647,"New Boston, IL",41.17031,-90.99681
25866,"Merrionette Park, IL",41.681038,-87.700966
20208,"Rock City, IL",42.413284,-89.46864
39004,"Hillsdale, IL",41.613644,-90.1729
29490,"Warrensburg, IL",39.932816,-89.06203
5959,"Milledgeville, IL",41.96336,-89.77456
9075,"Pittsburg, IL",37.776993,-88.84951
54923,"Varna, IL",41.036423,-89.2262
21436,"Cantrall, IL",39.937828,-89.675934
14124,"Thomasboro, IL",40.2417,-88.18421
38478,"Fairmount, IL",40.04559,-87.83058
49441,"Oreana, IL",39.93865,-88.86563
19878,"Paw Paw, IL",41.68866,-88.981255
51640,"Dalton City, IL",39.71198,-88.80452
47321,"Reddick, IL",41.097256,-88.25061
5982,"Minier, IL",40.43365,-89.31315
30486,"Blandinsville, IL",40.556152,-90.86597
16820,"Ashkum, IL",40.88031,-87.95504
38072,"Creston, IL",41.930706,-88.96452
45652,"Hardin, IL",37.49997,-88.23891
19985,"Pleasant Hill, IL",39.443382,-90.87235
9444,"Tower Hill, IL",39.387817,-88.96063
26277,"Ohio, IL",41.557533,-89.46093
53240,"McLean, IL",40.46318,-88.819664
51191,"Burlington, IL",42.052803,-88.54814
3439,"Arenzville, IL",39.87699,-90.37346
23527,"Ashmore, IL",39.533092,-88.022255
48704,"Crainville, IL",37.751995,-89.067856
52573,"Hopedale, IL",40.42087,-89.41454
12417,"Loami, IL",39.675606,-89.84677
35925,"Patoka, IL",38.755325,-89.095345
18111,"Fithian, IL",40.113926,-87.873085
14492,"Waterman, IL",41.771698,-88.7737
55910,"Illiopolis, IL",39.853653,-89.24203
53995,"Prairie du Rocher, IL",38.083107,-90.09595
20824,"Tonica, IL",41.21587,-89.06675
50285,"Trivoli, IL",40.690594,-89.89205
45642,"Hanover, IL",42.256405,-90.27957
28750,"Dorsey, IL",38.973656,-90.001495
47707,"Simpson, IL",37.467274,-88.75506
39189,"Kansas, IL",39.552814,-87.939476
54558,"Stewardson, IL",39.263096,-88.629776
43803,"Germantown Hills, IL",40.766426,-89.46787
29447,"Shabbona, IL",41.767967,-88.874275
57257,"Hoyleton, IL",38.441715,-89.27425
16256,"Keithsburg, IL",41.09948,-90.94264
54330,"Saybrook, IL",40.4267,-88.52617
23303,"Lenzburg, IL",38.28727,-89.81732
51709,"Dewey, IL",40.318924,-88.282
20594,"Sparland, IL",41.02865,-89.43842
36499,"Sorento, IL",38.998936,-89.5737
9441,"Towanda, IL",40.563923,-88.898964
14790,"Bismarck, IL",40.263924,-87.60808
42160,"Kenney, IL",40.096706,-89.08592
16557,"Fisher, IL",40.314754,-88.35005
47288,"Rankin, IL",40.465034,-87.89642
15236,"La Moille, IL",41.5317,-89.27981
33488,"Port Barrington, IL",42.242523,-88.20203
54532,"Stanford, IL",40.43476,-89.217865
43981,"Atwood, IL",39.799477,-88.46228
8153,"Arrowsmith, IL",40.44948,-88.63173
49787,"Potomac, IL",40.305035,-87.80058
17610,"Cowden, IL",39.248375,-88.86229
39744,"Melvin, IL",40.567535,-88.247826
47128,"Piper City, IL",40.756702,-88.191154
12937,"New Douglas, IL",38.970047,-89.66648
41809,"Yates City, IL",40.779015,-90.01534
45428,"Gifford, IL",40.305866,-88.02115
26480,"Phoenix, IL",41.614716,-87.63238
28114,"Cordova, IL",41.68031,-90.319016
41926,"Chandlerville, IL",40.048103,-90.15512
11435,"Findlay, IL",39.522537,-88.753685
8824,"Lyndon, IL",41.71753,-89.92595
42200,"Kinmundy, IL",38.77338,-88.846725
32325,"Kirkwood, IL",40.866745,-90.74994
36260,"Stonington, IL",39.64004,-89.19286
14777,"Altona, IL",41.114758,-90.164566
40890,"Shipman, IL",39.117546,-90.04427
19335,"Metamora, IL",40.79074,-89.36144
3341,"Albany, IL",41.789474,-90.21929
34639,"Walnut Hill, IL",38.477272,-89.0434
11263,"Edgewood, IL",38.9206,-88.66144
37020,"Buckley, IL",40.59698,-88.03809
38028,"Cortland, IL",41.92003,-88.6887
49337,"Hamel, IL",38.888935,-89.845375
8923,"Nauvoo, IL",40.55004,-91.38487
31476,"Ewing, IL",38.08866,-88.85229
28966,"Naplate, IL",41.333645,-88.878136
39665,"Matherville, IL",41.259758,-90.60791
56705,"Thebes, IL",37.220882,-89.46092
24854,"German Valley, IL",42.21558,-89.47345
55830,"Leaf River, IL",42.12558,-89.40372
38366,"Ellsworth, IL",40.450314,-88.716736
31406,"Ellis Grove, IL",38.00894,-89.90594
33038,"Nebo, IL",39.44263,-90.79059
13878,"Smithboro, IL",38.896156,-89.34063
31637,"Franklin, IL",37.97654,-88.93353
8162,"Chapin, IL",39.76588,-90.39901
28228,"Bradford, IL",41.177494,-89.65788
43718,"Pearl, IL",39.45977,-90.62596
35939,"Martinton, IL",40.915867,-87.72531
46677,"Nashville, IL",38.34349,-89.38098
53016,"Loda, IL",40.517536,-88.07198
7983,"Witt, IL",39.256435,-89.348145
44545,"Chana, IL",41.980263,-89.221725
43186,"Tilton, IL",40.095314,-87.64752
33463,"Plymouth, IL",40.291798,-90.91914
50187,"Gardner, IL",41.185844,-88.30977
49637,"Niantic, IL",39.85556,-89.16645
5818,"Marquette Heights, IL",40.61754,-89.60038
26801,"Rockdale, IL",41.50614,-88.1145
39300,"La Harpe, IL",40.583374,-90.96931
52965,"Lily Lake, IL",41.948917,-88.47786
5136,"Herrick, IL",39.220318,-88.98452
38017,"Cornell, IL",40.990032,-88.72923
24707,"Fillmore, IL",39.115322,-89.27897
27367,"Tamms, IL",37.23505,-89.27008
48033,"Trenton, IL",38.605083,-89.68176
24184,"Congerville, IL",40.61698,-89.20425
32275,"Kell, IL",38.49116,-88.90645
16558,"Flanagan, IL",40.87809,-88.86118
44555,"Chatsworth, IL",40.753647,-88.29199
31594,"Forestview, IL",42.058693,-87.71439
47290,"Ransom, IL",41.156143,-88.64951
56075,"Monroe Center, IL",42.09836,-89.000656
4932,"Goodfield, IL",40.62976,-89.27481
48966,"Benson, IL",40.85059,-89.1223
14168,"Tower Lakes, IL",42.231968,-88.15202
25840,"Mechanicsburg, IL",39.80949,-89.39731
4154,"Coffeen, IL",39.089214,-89.39064
25654,"Lostant, IL",41.14281,-89.06008
56703,"Thawville, IL",40.67587,-88.11616
3948,"Campbell Hill, IL",37.93005,-89.54899
55050,"Wataga, IL",41.025314,-90.27985
49177,"Hull, IL",39.70699,-91.20681
21253,"Westfield, IL",39.456425,-87.99615
30709,"Cameron, IL",40.888927,-90.51736
35098,"Dahinda, IL",40.925144,-90.11045
18182,"Fowler, IL",40.007824,-91.25848
6029,"Montrose, IL",39.165318,-88.37921
29527,"Watson, IL",39.025322,-88.56977
12159,"Karnak, IL",37.293663,-88.97535
45513,"Grandview, IL",39.81748,-89.61878
6270,"Oakdale, IL",38.26172,-89.50148
6920,"San Jose, IL",40.3056,-89.60288
40833,"Serena, IL",41.48646,-88.73123
22638,"Ursa, IL",40.074768,-91.36737
31795,"Golf, IL",42.057045,-87.789986
15728,"Newman, IL",39.798645,-87.98587
51928,"Essex, IL",41.17714,-88.18553
53668,"Oakwood Hills, IL",42.246414,-88.24286
28978,"Maquon, IL",40.798927,-90.16568
15895,"White Heath, IL",40.086143,-88.51284
15297,"Good Hope, IL",40.55782,-90.67346
3605,"Belknap, IL",37.32505,-88.93896
15717,"Reynolds, IL",41.329758,-90.67042
37107,"Alto Pass, IL",37.570328,-89.31759
56586,"Sublette, IL",41.64309,-89.22787
48568,"Woodhull, IL",41.178925,-90.315956
40065,"North Pekin, IL",40.61504,-89.62232
4422,"Du Bois, IL",38.221966,-89.21446
21060,"Vergennes, IL",37.90227,-89.33564
56853,"Southern View, IL",39.75732,-89.653694
54684,"Third Lake, IL",42.37391,-88.01091
16660,"Hennepin, IL",41.254204,-89.34231
33560,"Putnam, IL",41.20259,-89.26764
44873,"De Land, IL",40.122257,-88.64535
56248,"Richview, IL",38.378384,-89.18008
46269,"Little York, IL",41.011147,-90.74625
51828,"Easton, IL",40.232544,-89.84261
45876,"Indianola, IL",39.927258,-87.74003
10041,"Addieville, IL",38.391438,-89.49009
34160,"Strasburg, IL",39.35254,-88.619225
51403,"Christopher, IL",37.97255,-89.053406
21946,"Lee, IL",41.74731,-89.286026
4691,"Farmersville, IL",39.443386,-89.651764
18150,"Forsyth, IL",39.932537,-88.951195
25406,"Kincaid, IL",39.58866,-89.414536
137729,"Cave in Rock, IL",37.468006,-88.166145
45842,"Humboldt, IL",39.6042,-88.31894
57311,"West Brooklyn, IL",41.692932,-89.14701
15650,"New Holland, IL",40.18477,-89.58094
5348,"Jewett, IL",39.207817,-88.24587
54416,"Sidell, IL",39.909756,-87.82114
4754,"Forest Lake, IL",42.20793,-88.05329
49023,"Keyesport, IL",38.741993,-89.27368
25667,"Lowpoint, IL",40.919292,-89.28105
23920,"Camargo, IL",39.800312,-88.16393
8270,"Cullom, IL",40.87781,-88.26922
139246,"Long Creek, IL",39.81198,-88.84757
54557,"Steward, IL",41.84794,-89.01948
17833,"Dundas, IL",38.835045,-88.08504
11586,"Gays, IL",39.458088,-88.49394
42390,"Industry, IL",40.32782,-90.60707
13838,"Sigel, IL",39.22615,-88.494225
8909,"Roberts, IL",40.612812,-88.18338
28692,"Laura, IL",40.921425,-89.9265
30363,"Baylis, IL",39.728382,-90.90819
23350,"Williamsfield, IL",40.92254,-90.01456
25881,"Middletown, IL",40.100323,-89.590935
57104,"Alma, IL",38.721714,-88.909225
18708,"Irving, IL",39.20588,-89.40453
56679,"Waggoner, IL",39.377552,-89.65315
3403,"Andalusia, IL",41.442787,-90.72023
3447,"Armington, IL",40.338936,-89.312325
40316,"Pesotum, IL",39.914753,-88.273384
21692,"Beason, IL",40.14365,-89.19342
31425,"Elsah, IL",38.956158,-90.35983
38006,"Cooksville, IL",40.54309,-88.71645
26396,"Parkersburg, IL",38.58977,-88.0567
36620,"Sadorus, IL",39.966976,-88.34644
49390,"East Cape Girardeau, IL",37.295883,-89.4962
45633,"Hammond, IL",39.796978,-88.59173
19977,"Plainville, IL",39.783653,-91.181915
48860,"Buckingham, IL",41.04733,-88.17443
29792,"Broadlands, IL",39.908646,-87.9942
48237,"Vernon, IL",38.80227,-89.087006
50949,"Bellflower, IL",40.340034,-88.52701
23201,"North Henderson, IL",41.089203,-90.47541
18773,"Joy, IL",41.1967,-90.88042
139120,"Lakewood, IL",42.22919,-88.35509
51109,"Braceville, IL",41.22698,-88.264786
23520,"Armstrong, IL",40.30651,-87.87747
50460,"Energy, IL",37.774006,-89.02663
36108,"Lindenwood, IL",42.05308,-89.030655
43624,"Glenarm, IL",39.623665,-89.64899
13088,"Oconee, IL",39.2856,-89.10758
35964,"Rockport, IL",39.53901,-91.00869
40487,"Raleigh, IL",37.826992,-88.532
30162,"Alexis, IL",41.06337,-90.55597
56047,"Harmon, IL",41.71948,-89.55606
54747,"Trout Valley, IL",42.19808,-88.25342
17691,"Danforth, IL",40.820312,-87.97782
11090,"Dennison, IL",39.46087,-87.5978
137931,"Coyne Center, IL",41.40103,-90.56331
32015,"Herod, IL",37.580326,-88.43616
56335,"Nokomis, IL",39.301277,-89.28529
25156,"Holiday Hills, IL",42.290024,-88.22481
37881,"Cisco, IL",40.011425,-88.72618
9411,"Wapella, IL",40.220314,-88.96202
40391,"Pomona, IL",37.628105,-89.336754
11827,"Harvel, IL",39.356163,-89.53232
56069,"Kampsville, IL",39.297874,-90.60899
9311,"Verona, IL",41.21781,-88.50146
46274,"Livingston, IL",40.868248,-88.56311
44852,"Dana, IL",40.95769,-88.95057
44343,"Browns, IL",38.37699,-87.983086
28748,"Donnellson, IL",39.027824,-89.47342
140659,"Timberlane, IL",42.33474,-88.86121
10924,"Compton, IL",41.69429,-89.085686
37626,"Brussels, IL",38.949493,-90.58873
16872,"Baldwin, IL",38.183105,-89.842606
45423,"Gerlaw, IL",40.98698,-90.6018
10013,"Baileyville, IL",42.197456,-89.59464
56963,"South Roxana, IL",38.82949,-90.06288
26005,"Mount Auburn, IL",39.766155,-89.26175
28681,"Graymont, IL",40.87781,-88.77701
51335,"Central City, IL",38.54894,-89.127014
46219,"Lena, IL",42.380497,-89.822075
36268,"Zeigler, IL",37.899494,-89.05202
39216,"Kempton, IL",40.93559,-88.237274
138016,"De Witt, IL",40.18115,-88.78619
25931,"Mode, IL",39.26643,-88.73367
47691,"Sibley, IL",40.58698,-88.381165
28366,"Cabery, IL",40.995865,-88.20533
23434,"Alexander, IL",37.180153,-89.35028
56741,"Shobonier, IL",38.86949,-89.08868
40111,"Oakford, IL",40.102547,-89.96317
16226,"Spaulding, IL",39.866325,-89.540344
21150,"Wamac, IL",38.508938,-89.140625
7874,"West York, IL",39.17115,-87.67364
31920,"Hamburg, IL",39.23005,-90.71762
7813,"Weldon, IL",40.121147,-88.745346
33912,"Secor, IL",40.74198,-89.13535
20727,"Sutter, IL",40.396706,-89.36954
31587,"Forest City, IL",40.37004,-89.827614
16163,"Smithshire, IL",40.792435,-90.77833
34693,"Waynesville, IL",40.238926,-89.12314
38391,"Emington, IL",40.969753,-88.35811
5688,"Long Point, IL",41.004753,-88.89174
28721,"Fenton, IL",41.730587,-90.03012
10108,"Alvin, IL",40.30837,-87.60835
29045,"New Milford, IL",42.179806,-89.0567
20370,"Saunemin, IL",40.89309,-88.405334
7754,"Walsh, IL",38.089497,-89.85094
40383,"Pocahontas, IL",38.827824,-89.540085
22895,"South Pekin, IL",40.494484,-89.65177
5142,"Herscher, IL",41.04953,-88.09621
26369,"Palmer, IL",39.45783,-89.403984
55080,"Wellington, IL",40.539204,-87.68002
18872,"La Fayette, IL",41.108093,-89.9715
39006,"Hindsboro, IL",39.68503,-88.13365
26294,"Olive Branch, IL",37.168663,-89.351746
48973,"Berwick, IL",40.799206,-90.53847
18626,"Hopkins Park, IL",41.063366,-87.62504
10833,"Clare, IL",42.01614,-88.82926
42629,"Rapids City, IL",41.581696,-90.34345
3933,"Cambridge, IL",41.302525,-90.19629
46096,"Ladd, IL",41.382534,-89.21897
15478,"Harristown, IL",39.853928,-89.08397
55557,"Barry, IL",39.694214,-91.039024
46703,"New Berlin, IL",39.725327,-89.91066
20606,"Spring Bay, IL",40.824482,-89.522316
19684,"North Utica, IL",41.34059,-89.01008
46555,"Milton, IL",39.56449,-90.650406
47562,"Sandoval, IL",38.615604,-89.114235
4292,"Dalzell, IL",41.35781,-89.17619
44724,"Concord, IL",39.816715,-90.3729
46639,"Mount Olive, IL",39.07222,-89.72717
399097,"Limestone, IL",41.13401,-87.96741
12846,"Mossville, IL",40.815594,-89.56787
44798,"Crescent City, IL",40.770035,-87.858925
35485,"Hopewell, IL",40.98476,-89.45731
27769,"Warren, IL",40.844284,-90.616844
56720,"Sheldon, IL",40.769203,-87.56392
38337,"El Paso, IL",40.7392,-89.016464
6500,"Pierron, IL",38.78005,-89.598145
17406,"Chebanse, IL",41.002697,-87.909325
48799,"Damiansville, IL",38.510048,-89.61954
8007,"Woodson, IL",39.62641,-90.22665
24570,"Elkhart, IL",40.02073,-89.48225
16571,"Grantfork, IL",38.830048,-89.66564
37075,"Albers, IL",38.54338,-89.61231
40102,"Norwood, IL",40.705593,-89.698715
32149,"Indianapolis, IN",39.768333,-86.15835
18170,"Fort Wayne, IN",41.07999,-85.1386
31471,"Evansville, IN",37.970493,-87.57156
20555,"South Bend, IN",41.68338,-86.25001
17070,"Bloomington, IN",39.167038,-86.53429
52839,"Lafayette, IN",40.419125,-86.8919
45127,"Elkhart, IN",41.60128,-85.85906
38529,"Fishers, IN",39.955593,-86.01387
17309,"Carmel, IN",39.97842,-86.128365
20776,"Terre Haute, IN",39.4667,-87.41391
52333,"Greenwood, IN",39.613697,-86.10954
12886,"Muncie, IN",40.193687,-85.38653
41460,"Valparaiso, IN",41.467255,-87.06045
53585,"Noblesville, IN",40.045593,-86.0086
45401,"Gary, IN",41.570255,-87.33655
44704,"Columbus, IN",39.20144,-85.92138
46061,"Kokomo, IN",40.486443,-86.13364
41643,"West Lafayette, IN",40.42587,-86.908066
52390,"Hammond, IN",41.617397,-87.52201
31125,"Crown Point, IN",41.41698,-87.36531
19410,"Mishawaka, IN",41.661163,-86.1807
52262,"Goshen, IN",41.58504,-85.83445
30219,"Anderson, IN",40.10532,-85.68025
6137,"New Albany, IN",38.285625,-85.824135
52905,"Lawrence, IN",38.84004,-86.488075
272603,"La Porte, IN",41.6106,-86.72252
5335,"Jeffersonville, IN",38.277023,-85.73716
20165,"Richmond, IN",39.82869,-84.889854
39634,"Marion, IN",40.558372,-85.65914
8201,"Avon, IN",39.76282,-86.39972
23858,"Brownsburg, IN",39.843697,-86.39701
19328,"Merrillville, IN",41.482815,-87.33282
36557,"Westfield, IN",40.042816,-86.12749
53969,"Portage, IN",41.57587,-87.17615
53562,"Newburgh, IN",37.945683,-87.404655
56396,"Plainfield, IN",39.703873,-86.399475
55043,"Warsaw, IN",41.238102,-85.85306
11523,"Franklin, IN",39.4149,-85.05632
20430,"Seymour, IN",38.95922,-85.89025
4977,"Greenfield, IN",39.78551,-85.768196
28072,"Zionsville, IN",39.950726,-86.261696
25774,"Martinsville, IN",39.427826,-86.42833
24926,"Granger, IN",41.753384,-86.11084
25145,"Hobart, IN",41.53226,-87.255035
40780,"Schererville, IN",41.478924,-87.45476
19342,"Michigan City, IN",41.70754,-86.89503
6147,"New Castle, IN",39.928936,-85.37025
54391,"Shelbyville, IN",39.52144,-85.776924
9953,"Logansport, IN",40.75424,-86.36252
15050,"Bedford, IN",38.86116,-86.48721
39074,"Huntington, IN",40.800827,-85.50185
4242,"Crawfordsville, IN",40.040863,-86.89974
28833,"East Chicago, IN",41.639786,-87.45485
33395,"Peru, IN",40.753727,-86.06903
30994,"Columbia City, IN",41.15693,-85.488464
29408,"Vincennes, IN",38.67727,-87.52863
4799,"Frankfort, IN",40.279766,-86.510826
26044,"Munster, IN",41.56448,-87.51254
22195,"Mooresville, IN",39.612823,-86.37416
396711,"Highland, IN",38.045063,-87.56293
6543,"Plymouth, IN",41.343655,-86.30973
32634,"Madison, IN",40.162453,-85.72608
32209,"Jasper, IN",41.03218,-87.10666
32461,"Lebanon, IN",40.048374,-86.46917
24189,"Connersville, IN",39.64116,-85.141075
4446,"Dyer, IN",41.4942,-87.521706
24956,"Greensburg, IN",39.337273,-85.48358
37217,"Auburn, IN",41.36699,-85.05886
33068,"New Haven, IN",41.073307,-85.01731
44623,"Clarksville, IN",38.29678,-85.76021
42405,"Greencastle, IN",39.64449,-86.86473
55358,"Decatur, IN",39.286213,-85.49431
42427,"Griffith, IN",41.534508,-87.42553
37552,"Brazil, IN",39.52365,-87.125015
19113,"Lowell, IN",41.291424,-87.42059
6241,"North Vernon, IN",39.006165,-85.62358
3412,"Angola, IN",41.634872,-84.99928
31059,"Corydon, IN",38.212933,-86.12539
27203,"Speedway, IN",39.788124,-86.240715
7013,"Sellersburg, IN",38.397972,-85.75507
47054,"Pendleton, IN",40.00248,-85.74595
51645,"Danville, IN",39.7606,-86.52639
22891,"Saint John, IN",38.079212,-87.45001
48290,"Wabash, IN",40.806534,-85.783356
17397,"Charlestown, IN",38.442856,-85.66203
10751,"Cedar Lake, IN",41.364758,-87.44115
21785,"Kendallville, IN",41.441437,-85.26498
3753,"Boonville, IN",38.049328,-87.27466
36538,"Salem, IN",11.646961,78.21069
42724,"New Palestine, IN",39.72199,-85.889145
56191,"Rochester, IN",41.064884,-86.215996
28856,"Monticello, IN",40.74487,-86.76189
10318,"Beech Grove, IN",39.72219,-86.08942
57147,"Mount Vernon, IN",37.9318,-87.89478
22486,"Middlebury, IN",41.67507,-85.706024
41956,"Chesterton, IN",41.610725,-87.05227
35816,"Osceola, IN",41.66505,-86.075836
26597,"Portland, IN",40.43449,-84.977745
42340,"Lagrange, IN",41.637257,-85.42169
45296,"Floyds Knobs, IN",38.324383,-85.87353
35452,"Georgetown, IN",38.294548,-85.97545
396632,"DeMotte, IN",41.195038,-87.19864
41698,"Whiting, IN",41.67976,-87.49446
25476,"Lake Station, IN",41.575035,-87.23892
36543,"Spencer, IN",38.02888,-86.99764
44053,"Batesville, IN",39.300007,-85.22218
39934,"Nappanee, IN",41.442787,-86.00137
33771,"Rushville, IN",39.608047,-85.445366
14108,"Tell City, IN",37.950848,-86.7697
47239,"Princeton, IN",38.35544,-87.5678
53229,"McCordsville, IN",39.893967,-85.92194
30160,"Alexandria, IN",40.263546,-85.674484
34221,"Syracuse, IN",41.42784,-85.752495
45705,"Hebron, IN",41.31865,-87.20031
15271,"Elwood, IN",40.276985,-85.84193
52809,"Knox, IN",38.687008,-87.38115
6728,"Rensselaer, IN",40.936703,-87.150856
37559,"Bremen, IN",41.446438,-86.148056
10867,"Clinton, IN",40.29928,-86.46928
21165,"Washington, IN",38.561256,-86.11797
51141,"Bristol, IN",41.721443,-85.817535
27885,"West Terre Haute, IN",39.465034,-87.45002
33159,"North Manchester, IN",41.0006,-85.7686
23849,"Brookville, IN",39.423107,-85.01274
25587,"Ligonier, IN",41.46384,-85.58753
20811,"Tipton, IN",40.289917,-86.05844
35561,"Huntingburg, IN",38.298943,-86.954994
22656,"Sullivan, IN",39.04927,-87.41727
50180,"Westville, IN",41.54632,-86.89693
24354,"Delphi, IN",40.587536,-86.675
15991,"Winchester, IN",40.17199,-84.98135
9398,"Sheridan, IN",40.134968,-86.220276
13743,"Scottsburg, IN",38.685616,-85.77025
29245,"Mitchell, IN",38.73283,-86.4736
53795,"Paoli, IN",38.556168,-86.46832
37225,"Aurora, IN",39.057003,-84.90134
30152,"Albion, IN",41.395782,-85.424255
27741,"Walkerton, IN",41.466713,-86.48307
28967,"Nashville, IN",39.207237,-86.246956
16364,"Shipshewana, IN",41.67283,-85.58026
5648,"Linton, IN",39.034767,-87.16585
47406,"Roanoke, IN",40.962547,-85.37331
37466,"Bluffton, IN",40.73866,-85.17164
48465,"Wheatfield, IN",41.192944,-87.05482
50981,"Berne, IN",40.657825,-84.95191
37273,"Bargersville, IN",39.52088,-86.16776
10446,"Bloomfield, IN",39.02699,-86.93751
43047,"Sunman, IN",39.236996,-85.09468
24542,"Edinburgh, IN",39.354218,-85.96666
48482,"Whitestown, IN",39.99726,-86.34583
55494,"Churubusco, IN",41.230602,-85.31943
25982,"Morgantown, IN",39.37145,-86.26218
41963,"Austin, IN",38.742344,-85.8048
9361,"Wolcottville, IN",41.52588,-85.366646
21226,"West Harrison, IN",39.260887,-84.820786
36169,"Loogootee, IN",38.676994,-86.91417
11303,"Ellettsville, IN",39.233936,-86.625
11504,"Fortville, IN",39.932262,-85.84804
14945,"Cicero, IN",40.123924,-86.01332
13134,"Ossian, IN",40.880604,-85.16636
21329,"Winamac, IN",41.05143,-86.603065
56278,"Rockville, IN",39.76254,-87.22918
25578,"Liberty, IN",39.635605,-84.93107
55286,"Yorktown, IN",40.173656,-85.49414
20213,"Rockport, IN",37.883106,-87.04944
33060,"New Carlisle, IN",41.700325,-86.50946
22575,"Whiteland, IN",39.55005,-86.079704
16566,"Petersburg, IN",38.491993,-87.278625
18256,"Gas City, IN",40.48802,-85.612564
23541,"Attica, IN",40.294155,-87.24881
22452,"Pittsboro, IN",39.863934,-86.46694
37902,"Clayton, IN",39.689213,-86.5225
42856,"Milan, IN",39.121166,-85.13135
41255,"Topeka, IN",41.539436,-85.53945
49239,"Greentown, IN",40.478092,-85.96665
45846,"Huntertown, IN",41.228382,-85.17248
50110,"Russiaville, IN",40.417538,-86.271385
53610,"North Judson, IN",41.21579,-86.77762
15457,"Hanover, IN",38.714226,-85.47357
10580,"Brownstown, IN",38.878944,-86.04192
396719,"Milford, IN",41.40977,-85.84555
35242,"Cloverdale, IN",39.514767,-86.7939
26770,"Rising Sun, IN",38.949505,-84.853836
55835,"Leesburg, IN",41.33199,-85.84999
46861,"Odon, IN",38.842827,-86.991394
46069,"Kouts, IN",41.316708,-87.025856
31549,"Ferdinand, IN",38.223946,-86.86221
13122,"Orleans, IN",38.66172,-86.45165
34381,"Union City, IN",40.201992,-84.80913
30675,"Butler, IN",41.429768,-84.87135
14871,"Chandler, IN",38.04171,-87.368065
20897,"Upland, IN",40.475597,-85.494415
35537,"Gosport, IN",39.35088,-86.66695
4663,"Fairmount, IN",40.415676,-85.65065
43080,"Vevay, IN",38.74784,-85.06717
53302,"Middletown, IN",40.057266,-85.53719
49057,"Knightstown, IN",39.7956,-85.52636
11659,"Grabill, IN",41.210884,-84.96691
9187,"Springville, IN",38.93616,-86.619446
11014,"Cumberland, IN",39.776154,-85.95721
15749,"Memphis, IN",38.483395,-85.761635
10971,"Covington, IN",40.137035,-87.39709
43802,"Geneva, IN",40.592445,-84.961296
49396,"Hartford City, IN",40.451153,-85.36997
42886,"Oakland City, IN",38.338657,-87.34502
14931,"Avilla, IN",41.365883,-85.23887
49908,"Veedersburg, IN",40.113094,-87.26251
49911,"Winona Lake, IN",41.22727,-85.82194
142429,"Hidden Valley, IN",39.168865,-84.844574
5093,"Haubstadt, IN",38.205044,-87.57419
396485,"Lexington, IN",40.458923,-86.488884
29755,"Trafalgar, IN",39.41616,-86.150826
57244,"Fort Branch, IN",38.251152,-87.581116
9363,"Woodburn, IN",41.125328,-84.853294
30652,"Bunker Hill, IN",40.660564,-86.10308
28357,"Albany, IN",40.300877,-85.24191
15785,"North Liberty, IN",41.534767,-86.42691
34552,"Versailles, IN",39.072002,-85.251915
31630,"Fowler, IN",40.616703,-87.320854
45123,"Elizabeth, IN",38.12118,-85.97413
4029,"Centerville, IN",39.817825,-84.99635
29711,"Henryville, IN",38.54173,-85.767746
21916,"Hope, IN",39.30346,-85.770836
48352,"Waterloo, IN",41.431835,-85.02139
49238,"Greendale, IN",39.112556,-84.86412
141421,"Bright, IN",39.218388,-84.856064
43419,"Howe, IN",41.72137,-85.420654
23698,"Bicknell, IN",38.77421,-87.30779
14444,"Wakarusa, IN",41.53616,-86.020836
30253,"Argos, IN",41.2373,-86.24522
39793,"Millersburg, IN",41.52783,-85.694435
15000,"Battle Ground, IN",40.50837,-86.841675
25525,"Lawrenceburg, IN",39.090893,-84.84995
47208,"Poseyville, IN",38.170044,-87.78308
15603,"Palmyra, IN",38.40784,-86.10998
11012,"Culver, IN",41.21893,-86.423065
41937,"Bourbon, IN",41.2956,-86.11639
47777,"South Whitley, IN",41.084766,-85.62804
46725,"New Paris, IN",41.504547,-85.82411
17193,"Brookston, IN",40.602814,-86.86723
49072,"Garrett, IN",41.34949,-85.13553
48903,"Coatesville, IN",39.687824,-86.67028
30727,"Cannelton, IN",37.911446,-86.74443
33505,"Porter, IN",41.4457,-87.072495
25972,"Moores Hill, IN",39.113388,-85.08801
8771,"Monroeville, IN",40.97477,-84.86829
31509,"Fairland, IN",39.585995,-85.86347
36872,"Elberfeld, IN",38.159767,-87.44835
41682,"Westport, IN",39.175884,-85.57303
20795,"Thorntown, IN",40.129482,-86.606674
44446,"Carlisle, IN",38.96221,-87.40287
21802,"French Lick, IN",38.550255,-86.619965
22878,"West Baden Springs, IN",38.5702,-86.60968
22034,"Greenville, IN",38.372566,-85.98636
50311,"Lake Village, IN",41.130062,-87.438896
45166,"English, IN",38.334503,-86.46415
12999,"Norman, IN",38.952553,-86.27499
43214,"Rosedale, IN",39.622818,-87.28335
42456,"Hagerstown, IN",39.91116,-85.16163
17639,"Crothersville, IN",38.800613,-85.84164
38600,"Frankton, IN",40.222816,-85.77887
49067,"Galveston, IN",40.578926,-86.19027
48297,"Wadesville, IN",38.102543,-87.78614
39836,"Monrovia, IN",39.578938,-86.482216
16462,"Williamsport, IN",40.288372,-87.2939
39137,"Jamestown, IN",39.926094,-86.62797
8012,"Worthington, IN",39.118557,-86.9766
35040,"Arcadia, IN",40.17587,-86.02165
35680,"Flora, IN",40.54726,-86.524445
33728,"Rolling Prairie, IN",41.67455,-86.61602
5561,"Laurel, IN",39.50088,-85.186356
9182,"Monroe, IN",39.12961,-86.51864
50659,"Akron, IN",41.03878,-86.02827
39352,"Lanesville, IN",38.23691,-85.98603
51440,"Claypool, IN",41.12921,-85.88055
42866,"Poland, IN",39.44421,-86.95084
56030,"Dunkirk, IN",40.37532,-85.20941
46732,"New Salisbury, IN",38.313675,-86.09497
26995,"Scipio, IN",39.07922,-85.717476
14476,"Warren, IN",40.342453,-87.35642
41754,"Winslow, IN",38.38227,-87.21278
54455,"Solsberry, IN",39.083378,-86.75611
39336,"Lakeville, IN",41.52449,-86.27334
45590,"Guilford, IN",39.16811,-84.911896
25965,"Montpelier, IN",40.553932,-85.27747
20251,"Rossville, IN",40.41698,-86.59473
43602,"Dillsboro, IN",39.017834,-85.058846
11410,"Farmland, IN",40.18782,-85.127464
31215,"Depauw, IN",38.335064,-86.217476
33098,"New Whiteland, IN",39.555862,-86.096436
38351,"Elizabethtown, IN",39.13505,-85.81332
57246,"Fountain City, IN",39.955658,-84.917336
16420,"Clay City, IN",39.276707,-87.11279
7758,"Wanatah, IN",41.430595,-86.89836
8708,"Dubois, IN",38.364433,-86.88703
37213,"Atlanta, IN",40.21607,-86.02648
30666,"Burns Harbor, IN",41.62587,-87.13337
40255,"Parker City, IN",40.188934,-85.20413
43648,"Hamilton, IN",40.07498,-86.04989
43194,"Shirley, IN",39.891705,-85.57702
39833,"Monon, IN",40.863037,-86.87931
39557,"Lynn, IN",40.04977,-84.93968
5550,"Lapel, IN",40.068726,-85.84791
4861,"Gaston, IN",40.31393,-85.50053
46502,"Mentone, IN",41.173378,-86.03472
54312,"Santa Claus, IN",38.12756,-86.91244
28824,"Jonesboro, IN",40.479763,-85.627754
15908,"Staunton, IN",39.48754,-87.1889
46419,"Markle, IN",40.829212,-85.335526
13847,"Silver Lake, IN",41.072266,-85.891655
31182,"Dayton, IN",40.374203,-86.7689
46420,"Markleville, IN",39.97782,-85.6147
53161,"Marengo, IN",38.36923,-86.34359
18442,"Hamlet, IN",41.380917,-86.582504
27056,"Sharpsville, IN",40.379482,-86.0886
46085,"La Fontaine, IN",40.67393,-85.72137
18894,"Ladoga, IN",39.913654,-86.80112
39877,"Morristown, IN",39.673206,-85.698975
14040,"Summitville, IN",40.33865,-85.64442
40534,"Remington, IN",40.76087,-87.15085
16350,"Pleasant Lake, IN",41.57533,-85.016075
44008,"Bainbridge, IN",39.763462,-86.81039
25038,"Harlan, IN",41.19616,-84.919685
16263,"Selma, IN",40.19148,-85.26862
39065,"Hudson, IN",41.53283,-85.08108
28632,"Etna Green, IN",41.278934,-86.04611
38591,"Fountaintown, IN",39.694767,-85.783035
31535,"Farmersburg, IN",39.24865,-87.381966
26255,"Oaktown, IN",38.871155,-87.44141
10134,"Andrews, IN",40.862545,-85.60165
38314,"Eaton, IN",40.34032,-85.35081
47442,"Rome City, IN",41.496162,-85.37665
10595,"Bryant, IN",40.53338,-84.96386
47682,"Shoals, IN",38.66644,-86.79111
53336,"Milltown, IN",38.342285,-86.27609
45271,"Fillmore, IN",39.667545,-86.75334
142763,"Leo-Cedarville, IN",41.21255,-85.01663
33288,"Owensville, IN",38.271988,-87.687805
12180,"Kentland, IN",40.770298,-87.44534
12497,"Macy, IN",40.959347,-86.12764
8906,"Roachdale, IN",39.848934,-86.80223
7196,"Spiceland, IN",39.83838,-85.43886
48725,"Dale, IN",38.16894,-86.99
141582,"Center Point, IN",39.416985,-87.07723
24073,"Chrisney, IN",38.014774,-87.036385
29191,"Lizton, IN",39.88671,-86.543335
7803,"Waynetown, IN",40.08754,-87.05973
53525,"New Chicago, IN",41.55837,-87.27448
12189,"Kewanna, IN",41.018654,-86.41334
11956,"Holton, IN",39.075054,-85.387184
16483,"New Harmony, IN",38.129658,-87.93541
8802,"Morocco, IN",40.946365,-87.452934
143833,"Shadeland, IN",40.373646,-86.9489
47469,"Royal Center, IN",40.864487,-86.499725
24782,"Francesville, IN",40.985317,-86.87946
46814,"North Webster, IN",41.32563,-85.69787
43547,"Waldron, IN",39.453693,-85.66666
20589,"Southport, IN",39.659058,-86.1157
15174,"Kirklin, IN",40.19337,-86.36056
14465,"Walton, IN",40.660812,-86.24199
46603,"Mooreland, IN",39.997322,-85.250824
31000,"Commiskey, IN",38.8595,-85.64552
20834,"Trail Creek, IN",41.69837,-86.85919
40565,"Ridgeville, IN",40.28921,-85.028854
53501,"Needham, IN",39.53005,-85.97109
24273,"Cromwell, IN",41.400604,-85.61582
54094,"Reelsville, IN",39.557545,-86.96696
41067,"Stilesville, IN",39.63838,-86.63361
4201,"Converse, IN",40.57791,-85.87262
15493,"Montgomery, IN",40.036144,-86.90071
41462,"Van Buren, IN",40.617264,-85.50469
42725,"New Point, IN",39.309772,-85.32913
44496,"Cayuga, IN",39.94865,-87.45974
9574,"Richland, IN",39.497746,-85.39482
3939,"Camden, IN",40.60865,-86.54
29440,"Wolcott, IN",40.75801,-87.04142
56943,"Marysville, IN",38.585617,-85.64358
6236,"North Salem, IN",39.859768,-86.6425
4954,"Grandview, IN",37.933662,-86.98111
55334,"Carthage, IN",39.738377,-85.57192
42647,"Paragon, IN",39.395046,-86.5625
55484,"Bringhurst, IN",40.525314,-86.525
53031,"Long Beach, IN",41.73893,-86.85697
38798,"Greens Fork, IN",39.892452,-85.041916
39987,"New Ross, IN",39.96467,-86.71423
4733,"Florence, IN",38.78423,-84.92439
10449,"Bloomingdale, IN",39.833374,-87.24973
19295,"Medaryville, IN",41.080597,-86.89196
51007,"Birdseye, IN",38.31698,-86.69468
42467,"Dugger, IN",39.07004,-87.261406
51650,"Darlington, IN",40.11004,-86.77195
25956,"Montezuma, IN",39.792816,-87.37085
23009,"Saint Paul, IN",39.427906,-85.62802
15572,"Mulberry, IN",40.34448,-86.66528
55514,"Brook, IN",40.865482,-87.36353
34204,"Swayzee, IN",40.508373,-85.82554
42224,"Hoagland, IN",40.948082,-84.99104
53771,"Oxford, IN",40.51976,-87.247795
21180,"Waveland, IN",39.876987,-87.04446
11447,"Flat Rock, IN",39.364216,-85.83165
47963,"Tennyson, IN",38.08227,-87.11833
45586,"Grovertown, IN",41.375042,-86.50473
9029,"Medora, IN",38.825054,-86.16998
44911,"Deputy, IN",38.794224,-85.6533
12312,"Laotto, IN",41.28976,-85.19797
142317,"Gulivoire Park, IN",41.61338,-86.245285
45779,"Holland, IN",38.24561,-87.03611
43030,"Vallonia, IN",38.846996,-86.097755
56620,"Windfall, IN",40.363094,-85.956375
18870,"La Crosse, IN",41.31754,-86.89141
50535,"Metamora, IN",39.44977,-85.139404
35578,"Fair Oaks, IN",41.075035,-87.25753
7891,"Westpoint, IN",39.933598,-86.03032
54087,"Redkey, IN",40.348934,-85.14997
8416,"Heltonville, IN",38.92783,-86.37555
53383,"Monroe City, IN",38.615326,-87.35446
52679,"Jasonville, IN",39.163097,-87.19918
53392,"Monterey, IN",41.156986,-86.48279
19504,"Mount Summit, IN",40.00449,-85.38469
14784,"Amboy, IN",40.60143,-85.92888
24255,"Crane, IN",38.89116,-86.90389
13661,"Saint Joe, IN",41.315742,-84.901665
47405,"Roann, IN",40.91171,-85.92443
37380,"Bennington, IN",38.858948,-85.14051
51147,"Bristow, IN",38.140057,-86.72166
143963,"Spring Lake, IN",39.77667,-85.85281
48088,"Unionville, IN",39.23005,-86.41611
49572,"Patriot, IN",38.838673,-84.82689
49444,"Orland, IN",41.730606,-85.17164
41710,"Wilkinson, IN",39.885876,-85.608864
34538,"Velpen, IN",38.355328,-87.10195
48369,"Wawaka, IN",41.456993,-85.4822
24157,"Colfax, IN",40.195038,-86.66723
24366,"Denver, IN",40.86387,-86.0775
9566,"Goodland, IN",40.763798,-87.29462
55209,"Williamsburg, IN",39.95088,-84.99635
23894,"Butlerville, IN",39.0345,-85.51274
22232,"Otterbein, IN",40.489056,-87.09619
45335,"Francisco, IN",38.332268,-87.4453
37201,"Ashley, IN",41.52727,-85.06552
16374,"Larwill, IN",41.180603,-85.62554
19397,"Milroy, IN",39.497158,-85.46952
44619,"Clarks Hill, IN",40.24698,-86.725006
33383,"Pennville, IN",40.493935,-85.14831
12198,"Kimmell, IN",41.395374,-85.548355
18893,"Laconia, IN",38.031563,-86.08563
51325,"Celestine, IN",38.384773,-86.7791
44880,"Decker, IN",38.518936,-87.52308
34173,"Sulphur Springs, IN",40.00477,-85.44275
54037,"Quincy, IN",39.45366,-86.7125
57335,"Dana, IN",39.807816,-87.49502
53862,"Perrysville, IN",40.051426,-87.43335
27280,"Stockwell, IN",40.286148,-86.770836
19527,"Nabb, IN",38.605618,-85.632744
3399,"Amo, IN",39.688103,-86.61361
13137,"Otwell, IN",38.454773,-87.092224
7523,"Underwood, IN",38.603672,-85.774414
39334,"Laketon, IN",40.974213,-85.83582
14995,"Cutler, IN",40.476425,-86.52416
26340,"Otisco, IN",38.542286,-85.66718
22862,"Somerville, IN",38.276436,-87.37779
40746,"Sandborn, IN",38.896435,-87.186676
40136,"Ogden Dunes, IN",41.622814,-87.1917
7242,"Star City, IN",40.971985,-86.556114
23188,"Chesterfield, IN",40.11253,-85.59703
40553,"Reynolds, IN",40.749485,-86.87168
56091,"Oolitic, IN",38.900883,-86.52527
21553,"Bowling Green, IN",39.3831,-87.01168
11539,"Freetown, IN",38.973106,-86.129425
16283,"Lyons, IN",38.98931,-87.08239
57057,"Cambridge City, IN",39.812927,-85.1709
44763,"Corunna, IN",41.43727,-85.147194
12733,"Mill Creek, IN",39.497192,-86.93344
30538,"Boswell, IN",40.52115,-87.37835
36155,"Milton, IN",39.7881,-85.15524
56146,"Ramsey, IN",38.323677,-86.15469
12968,"New Washington, IN",38.563118,-85.53968
4575,"Elnora, IN",38.87838,-87.085846
25369,"Kempton, IN",40.288372,-86.22971
31649,"Fredericksburg, IN",38.433117,-86.1897
37620,"Bruceville, IN",38.75949,-87.41557
4442,"Dupont, IN",38.890057,-85.51413
55706,"Edgewood, IN",40.103374,-85.734146
12206,"Kingsford Heights, IN",41.480408,-86.69207
30662,"Burnettsville, IN",40.76115,-86.59362
27231,"Springport, IN",40.047546,-85.394135
22438,"Lewis, IN",39.26004,-87.257515
12958,"New Richmond, IN",40.195595,-86.9789
36566,"Modoc, IN",40.045322,-85.12635
50217,"Hanna, IN",41.411987,-86.78002
49884,"Urbana, IN",40.898376,-85.79276
25602,"Linden, IN",40.188095,-86.90389
20234,"Romney, IN",40.24948,-86.904175
17676,"Cynthiana, IN",38.187546,-87.710304
44864,"Darmstadt, IN",38.09921,-87.57891
11255,"Eckerty, IN",38.320335,-86.61193
43006,"San Pierre, IN",41.19868,-86.89279
5619,"Lewisville, IN",39.471157,-86.63194
29148,"Michigantown, IN",40.326424,-86.39278
28463,"Kingman, IN",39.96754,-87.27751
45881,"Ingalls, IN",39.956985,-85.80526
31944,"Hardinsburg, IN",38.46089,-86.278595
23058,"Pimento, IN",39.309483,-87.37919
55824,"Glenwood, IN",39.624718,-85.300644
34294,"Tippecanoe, IN",40.391605,-86.88797
143751,"Saint Leon, IN",39.291996,-84.958015
53047,"Losantville, IN",40.024754,-85.18312
44540,"Chalmers, IN",40.663094,-86.86945
5257,"Idaville, IN",40.756985,-86.64945
16199,"Saint Anthony, IN",38.3145,-86.82666
28629,"Lagro, IN",40.8381,-85.73026
141898,"Dune Acres, IN",41.649483,-87.08587
30956,"Coal City, IN",39.23032,-87.045845
26511,"Pine Village, IN",40.450314,-87.254456
141928,"East Germantown, IN",39.812546,-85.13747
34960,"Carbon, IN",39.59785,-87.10644
5111,"Hazleton, IN",38.488937,-87.54169
141177,"Arlington, IN",39.642357,-85.576675
47659,"Shelburn, IN",39.178375,-87.39363
15181,"Edwardsport, IN",38.811993,-87.252235
35636,"Griffin, IN",38.20415,-87.914665
37617,"Brownsville, IN",39.664494,-85.004684
55113,"West Lebanon, IN",40.27004,-87.38668
5080,"Hartsville, IN",39.268105,-85.69844
11193,"Earl Park, IN",40.682816,-87.41169
31087,"Craigville, IN",40.77838,-85.090805
40272,"Patoka, IN",38.40699,-87.58558
45196,"Evanston, IN",38.0395,-86.84166
26291,"Oldenburg, IN",39.33977,-85.20441
36207,"Wheatland, IN",38.66366,-87.30946
26390,"Paris Crossing, IN",38.829502,-85.64802
19179,"Manilla, IN",39.574215,-85.61942
29954,"Falmouth, IN",39.701084,-85.30125
49700,"Liberty Center, IN",40.69921,-85.280525
14860,"Boggstown, IN",39.563103,-85.916374
39756,"Merom, IN",39.05643,-87.56752
20889,"Uniondale, IN",40.830605,-85.24164
144154,"Pines, IN",29.38843,79.48053
32483,"Leopold, IN",38.10395,-86.58331
18825,"Keystone, IN",40.5956,-85.259415
14211,"Twelve Mile, IN",40.86643,-86.22527
13794,"Shamrock Lakes, IN",40.41115,-85.42636
21830,"Economy, IN",39.978104,-85.08802
22501,"Poneto, IN",40.65699,-85.221634
15213,"Gentryville, IN",38.104218,-87.03305
12469,"Lucerne, IN",40.86643,-86.403336
14019,"Straughn, IN",39.808933,-85.29136
44765,"Cory, IN",39.382263,-87.20585
16288,"Saint Meinrad, IN",38.171165,-86.80916
31675,"Fulton, IN",41.04214,-86.28752
40005,"Newport, IN",39.884205,-87.40863
46056,"Knightsville, IN",39.52531,-87.08971
6886,"Saint Croix, IN",38.22395,-86.58637
31500,"Fairbanks, IN",39.219482,-87.52225
53914,"Plainville, IN",38.80616,-87.15224
14684,"Wingate, IN",40.17226,-87.072784
54663,"Taswell, IN",38.334225,-86.5611
55682,"Fremont, IN",41.730885,-84.93274
27261,"Stendal, IN",38.266716,-87.14445
13963,"Spring Grove, IN",39.84838,-84.89413
14874,"Daleville, IN",40.121155,-85.55803
26881,"Russellville, IN",39.85838,-86.9839
37124,"Ambia, IN",40.490036,-87.51697
31517,"Fairview Park, IN",39.68069,-87.41639
17634,"Cross Plains, IN",38.943947,-85.20468
143207,"New Pekin, IN",38.50506,-86.01692
24369,"Derby, IN",38.03034,-86.5272
54642,"Sweetser, IN",40.571983,-85.76915
141605,"Charlottesville, IN",39.792088,-85.612015
12701,"Michiana Shores, IN",41.755875,-86.816696
47091,"Pierceton, IN",41.20032,-85.70554
29503,"Rome, IN",37.923393,-86.52359
24745,"Forest, IN",40.37365,-86.33277
6970,"Schneider, IN",41.18698,-87.448364
10275,"Bath, IN",31.075909,75.50298
27026,"Seelyville, IN",39.49198,-87.26724
19141,"Lynnville, IN",38.19616,-87.29668
143548,"Princes Lakes, IN",39.35366,-86.098045
32714,"Marshall, IN",41.32284,-86.28096
45658,"Harmony, IN",39.53644,-87.07235
14069,"Switz City, IN",39.035,-87.053
30928,"Clear Lake, IN",41.729935,-84.84077
40187,"Osgood, IN",39.12922,-85.291626
399178,"Pottawattamie Park, IN",41.722538,-86.866974
31269,"Dublin, IN",39.81203,-85.20886
31652,"Freedom, IN",39.20699,-86.86917
29329,"Utica, IN",38.33368,-85.65357
27377,"Taylorsville, IN",39.295883,-85.95083
30719,"Campbellsburg, IN",38.651443,-86.26109
33254,"Orestes, IN",40.269485,-85.728035
48412,"West College Corner, IN",39.56755,-84.81607
42368,"Hymera, IN",39.18643,-87.30168
34339,"Troy, IN",37.995335,-86.79777
48606,"Zanesville, IN",40.91735,-85.28057
10044,"Advance, IN",39.995876,-86.62
5168,"Hillsboro, IN",40.10797,-87.155975
55400,"Borden, IN",38.46673,-85.9458
21694,"Burlington, IN",40.480316,-86.39472
21787,"Kennard, IN",39.90394,-85.51942
27675,"Vernon, IN",38.984776,-85.60941
43559,"Mexico, IN",40.81786,-86.111206
32458,"Leavenworth, IN",38.199787,-86.34415
7929,"Wichita, KS",37.692238,-97.33755
40202,"Overland Park, KS",38.97425,-94.68517
41256,"Topeka, KS",39.04901,-95.67756
39191,"Kansas City, KS",39.113457,-94.626495
33230,"Olathe, KS",38.883884,-94.81887
32452,"Lawrence, KS",38.971912,-95.23594
7039,"Shawnee, KS",39.027367,-95.76276
53133,"Manhattan, KS",39.18361,-96.57167
25550,"Lenexa, KS",38.969746,-94.784584
13678,"Salina, KS",38.84028,-97.61143
39087,"Hutchinson, KS",38.060844,-97.92977
32459,"Leavenworth, KS",39.311325,-94.92276
31694,"Garden City, KS",37.97169,-100.872665
46194,"Leawood, KS",38.966675,-94.6169
14972,"Derby, KS",37.545574,-97.268936
51723,"Dodge City, KS",37.7528,-100.01708
45976,"Junction City, KS",39.02861,-96.8314
38395,"Emporia, KS",38.404007,-96.181625
19966,"Pittsburg, KS",37.410885,-94.70496
11575,"Gardner, KS",38.810925,-94.9273
11843,"Hays, KS",38.871,-99.331154
19619,"Newton, KS",38.046917,-97.34473
13385,"Prairie Village, KS",38.99141,-94.63328
12382,"Liberal, KS",37.04308,-100.921
15337,"Great Bend, KS",38.362507,-98.78041
45106,"El Dorado, KS",37.817303,-96.85374
16647,"Andover, KS",37.713905,-97.13643
15726,"McPherson, KS",38.365902,-97.65752
33280,"Ottawa, KS",39.127365,-97.65681
43933,"Arkansas City, KS",37.062256,-97.03883
48536,"Winfield, KS",37.23975,-96.99559
50784,"Atchison, KS",39.545815,-95.3326
11844,"Haysville, KS",37.56446,-97.352264
15342,"Independence, KS",37.224236,-95.70831
6392,"Paola, KS",38.57233,-94.87865
33339,"Parsons, KS",37.340782,-95.25963
37224,"Augusta, KS",37.680916,-96.97712
54910,"Valley Center, KS",37.834736,-97.373375
27220,"Spring Hill, KS",38.743065,-94.825516
8760,"Fort Scott, KS",37.839977,-94.70829
43749,"Tonganoxie, KS",39.109722,-95.087746
25863,"Merriam, KS",39.016808,-94.68995
10005,"Chanute, KS",37.681683,-95.4518
4924,"Goddard, KS",37.659737,-97.575325
39816,"Mission, KS",39.027782,-94.65579
23393,"Abilene, KS",38.91725,-97.21377
21656,"Basehor, KS",39.14167,-94.938576
51941,"Eudora, KS",38.943336,-95.09858
27828,"Wellington, KS",37.26751,-97.39994
44102,"Bel Aire, KS",37.762512,-97.26699
41551,"Wamego, KS",39.201942,-96.305
41328,"Ulysses, KS",37.58141,-101.35517
25656,"Louisburg, KS",38.61956,-94.68102
46657,"Mulvane, KS",37.47808,-97.24072
51082,"Bonner Springs, KS",39.05971,-94.88376
30333,"Baldwin City, KS",38.775005,-95.18636
6403,"Park City, KS",37.80001,-97.318375
43383,"Roeland Park, KS",39.03587,-94.638916
15102,"Concordia, KS",39.571545,-97.66114
29507,"Rose Hill, KS",37.558353,-97.13504
10897,"Colby, KS",39.395966,-101.05269
52891,"Lansing, KS",39.248714,-94.90007
37898,"Clay Center, KS",39.37694,-97.12474
17508,"Coffeyville, KS",37.0373,-95.61636
30932,"Clearwater, KS",37.502796,-97.50449
16914,"Baxter Springs, KS",37.023575,-94.73524
17540,"Columbus, KS",37.169228,-94.844124
23024,"Holton, KS",39.465286,-95.736664
38155,"De Soto, KS",38.97917,-94.96858
26333,"Osawatomie, KS",38.501606,-94.95219
45386,"Galena, KS",37.07415,-94.63904
47483,"Russell, KS",38.89705,-98.79804
35440,"Larned, KS",38.18057,-99.09872
12518,"Maize, KS",37.77918,-97.46727
29370,"Scott City, KS",38.48252,-100.9071
42319,"Goodland, KS",39.350834,-101.710175
46255,"Lindsborg, KS",38.573616,-97.674484
32109,"Hugoton, KS",37.1753,-101.3496
18835,"Kingman, KS",37.542095,-98.12217
4527,"Edwardsville, KS",39.061115,-94.81969
19144,"Lyons, KS",38.34501,-98.20173
25923,"Mission Hills, KS",39.017784,-94.6169
7818,"Wellsville, KS",38.71834,-95.081635
57188,"Ellsworth, KS",38.694202,-98.21493
55799,"Girard, KS",37.511158,-94.83802
44123,"Beloit, KS",39.458683,-98.108284
22336,"Marysville, KS",39.84173,-96.64806
37028,"Berryton, KS",38.940834,-95.631645
4068,"Cheney, KS",37.63003,-97.782684
18438,"Halstead, KS",38.0014,-97.50865
22716,"Sedgwick, KS",37.644814,-97.46414
26220,"Norton, KS",39.79447,-99.91
30997,"Colwich, KS",37.77918,-97.53644
11913,"Hillsboro, KS",38.353306,-97.204735
9275,"Valley Falls, KS",39.34323,-95.459724
56136,"Osage City, KS",38.6339,-95.82582
16223,"Saint Marys, KS",39.194164,-96.071106
40825,"Seneca, KS",39.834164,-96.06417
38039,"Council Grove, KS",38.660923,-96.49196
24055,"Cherryvale, KS",37.270344,-95.552475
45227,"Fairway, KS",39.02223,-94.631905
15774,"Meriden, KS",39.18889,-95.5697
16179,"Sabetha, KS",39.903427,-95.80183
50334,"Tecumseh, KS",39.048058,-95.57915
3610,"Belle Plaine, KS",37.39391,-97.28116
51944,"Eureka, KS",37.823917,-96.28917
34135,"Sterling, KS",38.21001,-98.20701
11531,"Fredonia, KS",37.53394,-95.826645
37878,"Cimarron, KS",37.80648,-100.34726
28985,"Neodesha, KS",37.418392,-95.68026
57120,"Wathena, KS",39.759922,-94.9478
12726,"Milford, KS",39.175243,-96.90948
52636,"Inman, KS",38.23202,-97.77333
42189,"Edgerton, KS",38.76473,-95.008026
40306,"Perry, KS",39.075832,-95.39331
26910,"Saint George, KS",39.19111,-96.42028
52878,"Lakin, KS",37.940575,-101.25489
22315,"Marion, KS",38.373455,-97.13059
24415,"Douglass, KS",37.519463,-97.01282
41808,"Yates Center, KS",37.881542,-95.73269
145435,"McLouth, KS",39.195835,-95.208305
18546,"Herington, KS",38.67112,-96.94251
52638,"Iola, KS",37.92448,-95.39998
12761,"Minneapolis, KS",39.1224,-97.70871
20052,"Pratt, KS",37.62806,-98.74853
4563,"Ellis, KS",38.915302,-99.31725
48026,"Towanda, KS",37.797516,-96.999756
12006,"Humboldt, KS",37.810596,-95.43693
30292,"Auburn, KS",38.906113,-95.81609
13140,"Overbrook, KS",38.78056,-95.557205
28421,"Haven, KS",37.8989,-97.78283
396210,"Oaklawn-Sunview, KS",37.60818,-97.29985
44113,"Belleville, KS",39.82467,-97.63255
33210,"Oakley, KS",39.126385,-100.85561
15830,"Pomona, KS",38.608345,-95.451645
43906,"Anthony, KS",37.153355,-98.03117
55774,"Holcomb, KS",37.985916,-100.988754
13335,"Pleasanton, KS",38.177807,-94.71135
7738,"WaKeeney, KS",39.02501,-99.87956
17956,"Ellinwood, KS",38.355568,-98.58091
42601,"Oskaloosa, KS",39.21507,-95.31272
27734,"Wakarusa, KS",38.885838,-95.695816
42025,"Bucyrus, KS",38.7264,-94.71829
17299,"Carbondale, KS",38.818615,-95.68915
9055,"Leon, KS",37.690296,-96.78225
36423,"Silver Lake, KS",39.104164,-95.8586
28091,"Conway Springs, KS",37.390297,-97.64227
39046,"Horton, KS",39.659725,-95.52537
9860,"Frontenac, KS",37.455605,-94.689125
44135,"Benton, KS",37.788902,-97.10865
32801,"Medicine Lodge, KS",37.281136,-98.58036
37646,"Buhler, KS",38.134975,-97.77166
40119,"Oberlin, KS",39.818336,-100.5282
52168,"Garden Plain, KS",37.658558,-97.683716
35810,"Moundridge, KS",38.203064,-97.51921
27144,"Solomon, KS",38.92026,-97.370834
53242,"Meade, KS",37.20911,-100.3963
38415,"Erie, KS",37.568108,-95.24331
39447,"Linwood, KS",39.001392,-95.03914
41837,"Canton, KS",38.38612,-97.42809
43500,"Burrton, KS",38.024128,-97.671776
34017,"Smith Center, KS",39.77918,-98.78507
57153,"Chapman, KS",38.97222,-97.022514
32749,"Mayetta, KS",39.338886,-95.72248
45953,"Johnson, KS",38.883793,-94.83891
32484,"Leoti, KS",38.47974,-101.35877
14025,"Sublette, KS",37.48169,-100.84377
39264,"Kinsley, KS",37.923073,-99.409836
5589,"Lecompton, KS",39.045055,-95.39493
38655,"Garnett, KS",38.28058,-95.24192
47858,"Stockton, KS",39.436703,-99.27437
19138,"Lyndon, KS",38.61001,-95.684425
51190,"Burlingame, KS",38.753895,-95.834984
48075,"Udall, KS",37.387524,-97.114204
52496,"Hesston, KS",38.13853,-97.43149
25123,"Hill City, KS",39.364727,-99.842064
47001,"Parkerfield, KS",37.066788,-96.99018
6037,"Moran, KS",37.91615,-95.17026
22227,"Mount Hope, KS",37.86862,-97.66505
25202,"Hoyt, KS",39.247776,-95.70637
13655,"Saint Francis, KS",39.772217,-101.7999
39059,"Hoxie, KS",39.357506,-100.44181
45064,"Easton, KS",39.344997,-95.1158
9550,"Westwood, KS",39.04056,-94.6169
31393,"Elkhart, KS",37.002766,-101.89733
9432,"Rossville, KS",39.13611,-95.95165
19564,"Ness City, KS",38.452793,-99.90652
49461,"Osborne, KS",39.335155,-98.79335
9864,"Lake Quivira, KS",39.037518,-94.76674
10010,"Atwood, KS",39.806667,-101.0421
10173,"Arma, KS",37.544163,-94.69688
15580,"Oxford, KS",37.27419,-97.16893
10458,"Blue Rapids, KS",39.681946,-96.65974
36084,"Lincoln, KS",39.03436,-98.21555
24136,"Clyde, KS",39.59111,-97.398926
23275,"Harper, KS",37.192207,-98.08359
44401,"Caldwell, KS",37.03248,-97.60694
33446,"Plains, KS",37.26396,-100.58982
30726,"Caney, KS",37.01146,-95.93526
9994,"Wright, KS",37.782455,-99.891655
21257,"Westmoreland, KS",39.39299,-96.412994
52367,"Gypsum, KS",38.70556,-97.428085
14389,"Victoria, KS",38.849834,-99.14629
12885,"Mulberry, KS",37.55699,-94.6219
46196,"Lebo, KS",38.416683,-95.85304
18237,"Galva, KS",38.381756,-97.53736
26978,"Satanta, KS",37.437065,-100.98827
56131,"Mound City, KS",38.142773,-94.812744
21166,"Washington, KS",39.78875,-97.091736
42529,"Montezuma, KS",37.59782,-100.44285
42574,"Quinter, KS",39.068317,-100.23732
30189,"Altamont, KS",37.190346,-95.297195
26759,"Riley, KS",39.302635,-96.770935
40277,"Peabody, KS",38.16946,-97.1067
24786,"Frankfort, KS",39.705555,-96.416954
36788,"Waverly, KS",38.39344,-95.6021
9902,"Peck, KS",37.47752,-97.37227
47233,"Pretty Prairie, KS",37.780014,-98.019775
39568,"Madison, KS",38.13558,-96.135826
36349,"Wakefield, KS",39.21682,-97.01454
7352,"Syracuse, KS",37.980568,-101.75267
36971,"Scranton, KS",38.781673,-95.738594
41214,"Thayer, KS",37.4886,-95.47264
5781,"Mankato, KS",39.78692,-98.20934
35146,"Chetopa, KS",37.037292,-95.08996
30638,"Bucklin, KS",37.54724,-99.63429
36536,"Saint Paul, KS",37.518578,-95.17236
54365,"Sedan, KS",37.12672,-96.186935
38201,"Dighton, KS",38.48196,-100.46709
24152,"Coldwater, KS",37.268913,-99.32678
23007,"St. John, KS",38.002113,-98.7601
28866,"Princeton, KS",38.488903,-95.27525
32270,"Kechi, KS",37.795994,-97.27943
30428,"Bentley, KS",37.886124,-97.51699
50725,"Andale, KS",37.790565,-97.62949
34831,"Whitewater, KS",37.964737,-97.14754
13797,"Sharon Springs, KS",38.897785,-101.75211
11338,"Eskridge, KS",38.85889,-96.10916
56665,"Viola, KS",37.483074,-97.643936
10167,"Argonia, KS",37.265854,-97.76561
34258,"Tescott, KS",39.00806,-97.875595
45096,"Effingham, KS",39.52222,-95.40081
13456,"Reading, KS",38.519455,-95.9586
43257,"Weir, KS",37.310055,-94.771904
15661,"Paxico, KS",39.069443,-96.16638
18387,"Greensburg, KS",37.603188,-99.29296
12234,"La Crosse, KS",38.53124,-99.308334
7965,"Winchester, KS",39.32222,-95.266914
15618,"Maple Hill, KS",39.08472,-96.028046
47376,"Richmond, KS",38.402794,-95.25386
36021,"Nickerson, KS",38.147232,-98.08367
33587,"Randolph, KS",39.430553,-96.76001
53811,"Parker, KS",38.328354,-94.99191
28295,"Brookville, KS",38.775005,-97.86838
38353,"Elk City, KS",37.289227,-95.91165
22617,"Williamsburg, KS",38.478752,-95.467545
49789,"Potwin, KS",37.938908,-97.01975
48983,"Haviland, KS",37.61946,-99.1065
12934,"New Cambria, KS",38.87917,-97.50587
38879,"Hanover, KS",39.89389,-96.87947
16428,"Almena, KS",39.892227,-99.70706
16494,"Ashland, KS",37.188637,-99.765686
56496,"Stafford, KS",38.03501,-98.71882
36862,"Cottonwood Falls, KS",38.37224,-96.542786
45882,"Ingalls, KS",37.8278,-100.45459
42623,"Ozawkie, KS",39.233334,-95.46692
52571,"Hope, KS",38.690285,-97.07668
40151,"Olpe, KS",38.262516,-96.16694
38228,"Downs, KS",39.503235,-98.54295
7119,"Soldier, KS",39.536106,-95.96416
8188,"Attica, KS",37.24141,-98.22674
4860,"Gas, KS",37.923645,-95.34609
55652,"Fowler, KS",37.38558,-100.195694
11988,"Howard, KS",37.47031,-96.2636
21846,"Hiawatha, KS",39.8524,-95.5365
28314,"Cunningham, KS",37.643906,-98.43119
52924,"Lehigh, KS",38.372787,-97.303085
32776,"McCune, KS",37.35478,-95.01663
34878,"Winona, KS",39.06334,-101.24432
15526,"Quenemo, KS",38.579735,-95.526924
10631,"Burns, KS",38.090294,-96.88641
15289,"Enterprise, KS",38.90278,-97.11696
48965,"Bennington, KS",39.030556,-97.5942
5817,"Marquette, KS",38.555565,-97.83366
14670,"Wilson, KS",37.56921,-95.74526
29260,"White City, KS",38.79556,-96.73584
33187,"Nortonville, KS",39.416664,-95.33359
7192,"Spearville, KS",37.850018,-99.75679
5072,"Hartford, KS",38.30839,-95.95709
28684,"Greeley, KS",38.457035,-101.818504
48750,"Delia, KS",39.24055,-95.966934
25323,"Jetmore, KS",38.084515,-99.89367
9915,"Melvern, KS",38.506958,-95.637764
54065,"Rantoul, KS",38.548626,-95.10025
3395,"Americus, KS",38.506954,-96.26194
37205,"Assaria, KS",38.680283,-97.60448
24871,"Glen Elder, KS",39.498505,-98.308624
46897,"Onaga, KS",39.488884,-96.17
23466,"Alta Vista, KS",38.86389,-96.48917
54741,"Tribune, KS",38.469738,-101.75267
14861,"Bogue, KS",39.362507,-99.68734
43168,"Walton, KS",38.11779,-97.2567
38479,"Fairview, KS",39.84111,-95.72804
17411,"Cherokee, KS",37.171806,-94.848206
51823,"Eastborough, KS",37.68807,-97.26366
10170,"Arlington, KS",37.89668,-98.17867
50526,"Partridge, KS",37.967236,-98.09256
5612,"Leonardville, KS",39.36444,-96.8589
54332,"Scammon, KS",37.277805,-94.818886
42101,"Colony, KS",38.07086,-95.36553
48455,"Westphalia, KS",38.18197,-95.49026
40978,"South Hutchinson, KS",38.02807,-97.94033
48234,"Vermillion, KS",39.719444,-96.26584
5159,"Highland, KS",39.859722,-95.2697
27488,"Turon, KS",37.80724,-98.42674
10227,"Axtell, KS",39.87155,-96.25831
9685,"Lancaster, KS",39.572777,-95.30275
23747,"Blue Mound, KS",38.09003,-95.00636
30414,"Belvue, KS",39.216663,-96.178055
6059,"Mound Valley, KS",37.205345,-95.404976
37884,"Claflin, KS",38.52501,-98.53368
9733,"Logan, KS",38.905823,-101.155235
28860,"Olsburg, KS",39.430553,-96.61556
5578,"Le Roy, KS",38.083916,-95.63443
11465,"Fontana, KS",38.42585,-94.838295
52338,"Gridley, KS",38.0978,-95.8836
24211,"Copeland, KS",37.54197,-100.6296
5985,"Minneola, KS",37.443356,-100.01514
8614,"Grantville, KS",39.083332,-95.56136
31212,"Denison, KS",39.391663,-95.62804
21857,"Edna, KS",37.059795,-95.35941
15233,"La Harpe, KS",37.91698,-95.29915
41970,"Brewster, KS",39.363445,-101.376396
48680,"Cawker City, KS",39.51251,-98.43367
32327,"Kismet, KS",37.20572,-100.70202
37437,"Bison, KS",38.52279,-99.19732
37654,"Burden, KS",37.3128,-96.754196
33051,"Neosho Rapids, KS",38.36946,-95.991936
22947,"Glasco, KS",39.35667,-97.84115
27358,"Sylvia, KS",37.958096,-98.40844
12467,"Lucas, KS",39.058247,-98.537766
21647,"Cummings, KS",39.462776,-95.247475
38167,"Deerfield, KS",37.979744,-101.133224
44177,"Bird City, KS",39.750828,-101.53294
29596,"Tyro, KS",37.037853,-95.821365
11456,"Florence, KS",38.24446,-96.92808
23126,"Centralia, KS",39.72583,-96.12723
8945,"Netawaka, KS",39.602776,-95.718315
12376,"Lewis, KS",37.936127,-99.25261
16585,"Prescott, KS",38.063644,-94.69551
9589,"Greenleaf, KS",39.728336,-96.976135
50074,"Waterville, KS",39.691113,-96.74752
46801,"North Newton, KS",38.072235,-97.34559
39388,"Lebanon, KS",39.809734,-98.55562
3383,"Altoona, KS",37.523945,-95.66137
36099,"Norwich, KS",37.45724,-97.848946
52260,"Gorham, KS",38.881756,-99.02321
5656,"Little River, KS",38.398064,-98.01199
46862,"Ogden, KS",39.11111,-96.706116
4133,"Clifton, KS",39.567223,-97.27864
22220,"Macksville, KS",37.959183,-98.96871
3896,"Burdett, KS",38.19196,-99.52679
32515,"Linn, KS",38.196594,-94.85783
37675,"Bushton, KS",38.512512,-98.39535
15693,"Rolla, KS",37.118893,-101.63218
16868,"Baileyville, KS",39.844444,-96.185005
44600,"Circleville, KS",39.508327,-95.8586
7350,"Sylvan Grove, KS",39.009453,-98.394226
25910,"Miltonvale, KS",39.349365,-97.44901
49399,"Harveyville, KS",38.790005,-95.961655
33632,"Republic, KS",39.82665,-97.65808
21322,"Wilsey, KS",38.63612,-96.675285
42059,"Beattie, KS",39.86111,-96.41974
54163,"Riverton, KS",37.07506,-94.70467
19793,"Otis, KS",38.534737,-99.053154
31524,"Fall River, KS",37.607815,-96.028046
18027,"Everest, KS",39.677223,-95.4247
24355,"Delphos, KS",39.273888,-97.77198
53488,"Natoma, KS",39.18965,-99.023994
32897,"Mission Woods, KS",39.035004,-94.60857
9100,"Linn Valley, KS",38.377518,-94.709404
32876,"Milton, KS",37.431686,-97.77144
31076,"Courtland, KS",39.783234,-97.89493
8387,"Havana, KS",37.091736,-95.941925
25324,"Jewell, KS",39.78485,-98.219086
11740,"Grinnell, KS",39.12723,-100.62903
48989,"Kensington, KS",39.766956,-99.03175
25027,"Hanston, KS",38.121964,-99.7129
24791,"Franklin, KS",38.572002,-95.31845
32913,"Moline, KS",37.360435,-96.30396
44552,"Chase, KS",38.29281,-96.615295
40454,"Protection, KS",37.201416,-99.48401
35540,"Hudson, KS",38.105568,-98.66008
145431,"McDonald, KS",39.78426,-101.37197
20379,"Scandia, KS",39.794453,-97.78365
30671,"Burr Oak, KS",39.866123,-98.30505
23382,"Holyrood, KS",38.586956,-98.41118
27505,"Uniontown, KS",37.847263,-94.97525
49206,"Lane, KS",38.465168,-100.47767
31294,"Dwight, KS",38.844448,-96.59334
32320,"Kiowa, KS",37.55296,-99.296555
7896,"Westwood Hills, KS",39.038895,-94.609955
37660,"Burlington, KS",38.194466,-95.74277
19644,"Norcatur, KS",39.83695,-100.18791
49906,"Vassar, KS",38.647232,-95.62248
56585,"Strong City, KS",38.397236,-96.53695
8393,"Healy, KS",38.60216,-100.61696
31252,"Dorrance, KS",38.84668,-98.589516
10374,"Bern, KS",39.962223,-95.97194
13766,"Selden, KS",39.540836,-100.56764
50904,"Bazine, KS",38.4445,-99.692055
52975,"Lincolnville, KS",38.493347,-96.960014
9161,"Offerle, KS",37.89082,-99.55776
26983,"Sawyer, KS",37.497242,-98.68231
34795,"Wetmore, KS",39.63333,-95.81138
13441,"Ransom, KS",38.636124,-99.93373
16592,"Farlington, KS",37.617825,-94.82774
31446,"Ensign, KS",37.6528,-100.23375
26363,"Palco, KS",39.25223,-99.56289
45499,"Grainfield, KS",39.11362,-100.46514
50567,"Tipton, KS",39.343063,-98.470894
37076,"Albert, KS",38.45279,-99.01148
32960,"Moscow, KS",37.324062,-101.20546
43862,"Alma, KS",39.016666,-96.28916
17725,"Dearing, KS",37.05869,-95.71331
50454,"Oswego, KS",37.167564,-95.10996
25983,"Morland, KS",39.34945,-100.07568
13274,"Phillipsburg, KS",39.756123,-99.32398
38380,"Elwood, KS",39.75555,-94.87247
44364,"Buffalo, KS",37.709766,-95.69748
11875,"Herndon, KS",39.909725,-100.78516
24892,"Goessel, KS",38.2464,-97.34892
9089,"Plainville, KS",39.234734,-99.29816
47227,"Prairie View, KS",39.832508,-99.57261
52727,"Kanopolis, KS",38.71112,-98.15728
19519,"Mullinville, KS",37.586132,-99.47568
145287,"La Cygne, KS",38.35002,-94.761345
9467,"Troy, KS",39.7858,-95.08954
8212,"Damar, KS",39.318897,-99.58261
15681,"New Strawn, KS",38.26252,-95.74193
25149,"Hoisington, KS",38.518066,-98.77814
12455,"Louisville, KY",38.25424,-85.75941
25574,"Lexington, KY",38.046406,-84.49704
17133,"Bowling Green, KY",36.99292,-86.44287
33287,"Owensboro, KY",37.774216,-87.11333
6750,"Richmond, KY",37.747856,-84.294655
46954,"Paducah, KY",37.08339,-88.600044
17948,"Elizabethtown, KY",37.69395,-85.85913
18124,"Florence, KY",38.99895,-84.62661
11520,"Frankfort, KY",38.200905,-84.87328
31724,"Georgetown, KY",38.209984,-84.559715
53028,"London, KY",37.128334,-84.08356
33117,"Nicholasville, KY",37.880634,-84.573
4232,"Covington, KY",39.08317,-84.51076
34033,"Somerset, KY",37.092022,-84.60411
32081,"Hopkinsville, KY",36.865765,-87.48895
38955,"Henderson, KY",37.76721,-87.55737
48523,"Winchester, KY",37.990078,-84.17965
18286,"Glasgow, KY",36.995907,-85.91248
40869,"Shelbyville, KY",38.212013,-85.223564
18679,"Independence, KY",38.94312,-84.544106
39923,"Murray, KY",36.61061,-88.30211
37272,"Bardstown, KY",37.809246,-85.4669
51543,"Corbin, KY",36.9487,-84.09688
49478,"Madisonville, KY",37.328003,-87.498695
50972,"Berea, KY",37.568695,-84.296326
19465,"Morehead, KY",38.18397,-83.432686
10684,"Campbellsville, KY",37.3434,-85.3419
11041,"Danville, KY",37.64565,-84.77218
5844,"Mayfield, KY",36.741364,-88.63526
39297,"La Grange, KY",38.40755,-85.37882
28341,"Burlington, KY",39.021763,-84.72034
9312,"Versailles, KY",38.052574,-84.72995
54785,"Union, KY",37.637245,-87.95804
7945,"Williamsburg, KY",36.743416,-84.15965
35597,"Lawrenceburg, KY",38.037136,-84.896255
19507,"Mount Washington, KY",38.050064,-85.545784
24267,"Crestwood, KY",38.323544,-85.47262
26667,"Radcliff, KY",37.840347,-85.94913
18482,"Harrodsburg, KY",37.7623,-84.843285
37200,"Ashland, KY",38.478413,-82.63794
47095,"Pikeville, KY",37.479267,-82.51876
4603,"Erlanger, KY",39.016727,-84.60078
35765,"Prospect, KY",38.345963,-85.60461
53806,"Paris, KY",38.209797,-84.25299
37083,"Alexandria, KY",38.959507,-84.38799
52108,"Franklin, KY",38.25204,-84.86338
47667,"Shepherdsville, KY",37.988594,-85.71583
18524,"Hebron, KY",39.06581,-84.70276
43132,"Taylorsville, KY",38.03173,-85.34254
46590,"Monticello, KY",36.829792,-84.84911
55622,"Columbia, KY",37.10284,-85.30635
56651,"Scottsville, KY",36.75338,-86.190544
56662,"Vine Grove, KY",37.810066,-85.98135
19251,"Maysville, KY",38.647457,-83.76448
18520,"Hazard, KY",37.248962,-83.19339
35583,"Grayson, KY",37.453743,-86.33894
52081,"Fort Thomas, KY",39.078625,-84.44834
18984,"Leitchfield, KY",37.48017,-86.29366
34646,"Walton, KY",38.875618,-84.61022
12976,"Newport, KY",39.088947,-84.49195
6312,"Olive Hill, KY",38.30008,-83.174065
36493,"Russellville, KY",36.84532,-86.88722
5536,"Lancaster, KY",37.619526,-84.577995
42964,"Stanford, KY",37.531166,-84.66189
39580,"Manchester, KY",37.1537,-83.76186
23370,"Cadiz, KY",36.86231,-87.83738
12064,"Irvine, KY",37.700638,-83.973816
18975,"Lebanon, KY",37.569786,-85.25274
29882,"Cynthiana, KY",38.390354,-84.2941
29559,"Russell Springs, KY",37.056625,-85.087585
3786,"Brandenburg, KY",37.99896,-86.16941
54011,"Princeton, KY",37.109215,-87.88196
4991,"Greenville, KY",37.201153,-87.17889
19351,"Middlesboro, KY",36.607296,-83.71433
24431,"Dry Ridge, KY",38.68201,-84.58994
44488,"Catlettsburg, KY",38.404804,-82.60043
25284,"Jackson, KY",37.420025,-83.99139
9071,"Pineville, KY",36.76203,-83.694916
13392,"Prestonsburg, KY",37.665653,-82.771545
40726,"Salyersville, KY",37.752594,-83.06878
14846,"Central City, KY",37.293934,-87.12333
5623,"Liberty, KY",37.318405,-84.9394
14559,"West Liberty, KY",37.92065,-83.262146
49106,"Hodgenville, KY",37.57375,-85.74036
55924,"Greensburg, KY",37.260895,-85.498856
19467,"Morganfield, KY",37.683376,-87.916695
36216,"Stanton, KY",37.84564,-83.85825
14976,"Barbourville, KY",36.866478,-83.88882
22556,"Springfield, KY",37.68534,-85.22218
3973,"Carlisle, KY",36.843277,-88.963684
148741,"McKee, KY",37.430363,-83.997986
53768,"Owingsville, KY",38.144802,-83.764084
48259,"Villa Hills, KY",39.063393,-84.593
57255,"Hillview, KY",38.06979,-85.68552
50929,"Beaver Dam, KY",37.401993,-86.875824
38377,"Elsmere, KY",39.01256,-84.60467
48481,"Whitesburg, KY",37.11843,-82.82683
54718,"Tompkinsville, KY",36.70228,-85.69164
11496,"Fort Mitchell, KY",39.059505,-84.54744
19106,"Louisa, KY",38.114487,-82.603096
10306,"Beattyville, KY",37.571754,-83.70686
11264,"Edgewood, KY",39.018673,-84.58189
9775,"Albany, KY",36.691788,-85.13538
5811,"Marion, KY",37.541374,-85.26504
24718,"Flemingsburg, KY",38.4223,-83.73381
28760,"Flatwoods, KY",38.52258,-82.71711
46841,"Oak Grove, KY",36.665047,-87.44279
10022,"Campton, KY",37.734253,-83.54741
35845,"Paintsville, KY",37.814537,-82.807106
24674,"Falmouth, KY",38.676735,-84.33046
45653,"Hardinsburg, KY",37.78006,-86.46053
35026,"Cave City, KY",37.136753,-85.956215
42969,"Stearns, KY",36.695076,-84.47358
49062,"Edmonton, KY",36.980057,-85.61219
8876,"Munfordville, KY",37.272274,-85.89108
13879,"Smiths Grove, KY",37.052544,-86.20776
35737,"Fort Wright, KY",39.051727,-84.53411
30069,"Williamstown, KY",38.638126,-84.5605
38279,"East Bernstadt, KY",37.189533,-84.11771
45490,"Goshen, KY",38.401863,-85.581024
51572,"Coxs Creek, KY",37.89867,-85.473564
10624,"Burkesville, KY",36.79034,-85.37052
54426,"Simpsonville, KY",38.22257,-85.35523
15564,"Mount Vernon, KY",37.352943,-84.340416
33895,"Science Hill, KY",37.17702,-84.63578
48941,"Calvert City, KY",37.03339,-88.35004
38907,"Hartford, KY",37.45116,-86.90916
25295,"Jamestown, KY",36.98479,-85.06301
3840,"Brooksville, KY",38.68257,-84.065765
38079,"Crittenden, KY",37.360096,-88.08851
43004,"Wilmore, KY",37.86404,-84.6602
36776,"Alvaton, KY",36.873375,-86.35304
34509,"Utica, KY",37.60227,-87.11305
23279,"Eubank, KY",37.27841,-84.658554
47391,"Rineyville, KY",37.751038,-85.973015
44869,"Dawson Springs, KY",37.167267,-87.692505
49022,"Kevil, KY",37.085052,-88.88673
55598,"Cold Spring, KY",39.02173,-84.43994
14103,"Taylor Mill, KY",38.997562,-84.49633
40987,"South Shore, KY",38.719456,-82.96337
18744,"Jeffersonville, KY",37.97369,-83.841866
9699,"Rockholds, KY",36.828697,-84.11632
30469,"Bimble, KY",36.875088,-83.830475
14901,"Auburn, KY",36.86421,-86.71027
36027,"Philpot, KY",37.733105,-86.988884
4311,"Dayton, KY",39.11284,-84.47272
21779,"Hawesville, KY",37.900055,-86.75499
35194,"Clarkson, KY",37.495335,-86.22136
33026,"Nancy, KY",37.07163,-84.74797
55044,"Warsaw, KY",38.783398,-84.90161
23736,"Bloomfield, KY",37.91034,-85.31662
10340,"Bellevue, KY",39.10671,-84.48265
50145,"Tyner, KY",37.345367,-83.90409
29796,"Lewisburg, KY",36.986435,-86.94722
35470,"Elkton, KY",36.810043,-87.15417
38446,"Evarts, KY",36.865498,-83.19868
8141,"Crab Orchard, KY",37.464527,-84.50661
29881,"Cumberland, KY",36.79346,-85.37951
21832,"Eddyville, KY",37.094498,-88.0803
45813,"Horse Cave, KY",37.179497,-85.90691
46715,"New Haven, KY",37.65784,-85.59107
8842,"Mount Sterling, KY",38.056107,-83.9432
51228,"Calhoun, KY",37.538937,-87.25833
52950,"Lewisport, KY",37.936996,-86.902214
16196,"Sadieville, KY",38.38924,-84.537445
44093,"Bedford, KY",38.592564,-85.31773
36572,"Fulton, KY",36.55771,-89.10208
32466,"Lebanon Junction, KY",37.834507,-85.7319
14983,"Brownsville, KY",37.192547,-86.26775
30924,"Clay City, KY",37.85925,-83.91853
25040,"Harlan, KY",36.841133,-83.22678
16515,"Nortonville, KY",37.190876,-87.452774
17977,"Eminence, KY",38.370068,-85.18051
43507,"Cecilia, KY",37.665897,-85.95663
150423,"Westwood, KY",38.28007,-85.58274
39086,"Hustonville, KY",37.473133,-84.81578
42791,"Melbourne, KY",39.029785,-84.366325
11901,"Highland Heights, KY",39.03309,-84.45215
55460,"Crofton, KY",37.04782,-87.485
13624,"Rush, KY",38.33536,-82.781555
24938,"Gray, KY",36.94259,-84.00826
42501,"Harold, KY",37.536766,-82.63321
34111,"Stamping Ground, KY",38.27174,-84.68633
48947,"Caneyville, KY",37.424217,-86.48831
25673,"Ludlow, KY",39.09256,-84.54745
7935,"Wilder, KY",39.056473,-84.48677
18419,"Guston, KY",37.892845,-86.22192
17238,"Burnside, KY",36.988968,-84.59994
21659,"Baxter, KY",36.85981,-83.330734
22252,"Paint Lick, KY",37.61675,-84.40938
7802,"Waynesburg, KY",37.332855,-84.67161
45431,"Gilbertsville, KY",37.0245,-88.29976
54595,"Sturgis, KY",37.546715,-87.98392
23839,"Bronston, KY",36.985634,-84.62299
39158,"Jenkins, KY",37.17344,-82.63099
23308,"Milton, KY",38.72367,-85.3694
54017,"Providence, KY",37.397545,-87.76279
38841,"Hagerhill, KY",37.786205,-82.793495
21672,"Clinton, KY",36.719,-85.1426
27931,"Whitesville, KY",37.683105,-86.87138
13754,"Sebree, KY",37.606987,-87.52862
55001,"Waddy, KY",38.137016,-85.074394
23838,"Brodhead, KY",37.40425,-84.413826
13336,"Pleasureville, KY",38.351254,-85.11095
37500,"Booneville, KY",37.4762,-83.67491
19363,"Midway, KY",38.15091,-84.68384
37026,"Belfry, KY",37.62038,-82.26903
53852,"Pembroke, KY",36.77588,-87.35556
28116,"Corinth, KY",38.49674,-84.56411
16261,"Woodlawn, KY",39.091595,-84.471954
21236,"West Paducah, KY",37.08311,-88.74422
31103,"Crescent Springs, KY",39.05145,-84.58161
6910,"Salt Lick, KY",38.12008,-83.61463
52963,"Lily, KY",37.02459,-84.07489
54493,"Southgate, KY",39.072006,-84.47272
17623,"Crestview Hills, KY",39.027283,-84.584946
18674,"Hyden, KY",37.160927,-83.37324
7931,"Wickliffe, KY",36.964745,-89.08934
48946,"Campbellsburg, KY",38.523678,-85.202736
54248,"Russell, KY",38.517303,-82.69766
25106,"Hickman, KY",36.690353,-88.958725
23019,"Morning View, KY",38.832012,-84.45633
46371,"Magnolia, KY",37.443947,-85.743576
16276,"Hanson, KY",37.417267,-87.480835
7309,"Summer Shade, KY",36.884224,-85.70247
48240,"Verona, KY",38.818398,-84.660774
25107,"Hickory, KY",36.822556,-88.64755
45282,"Flatgap, KY",37.934258,-82.88738
19851,"Park Hills, KY",39.07145,-84.532166
17246,"Butler, KY",37.240158,-86.67392
27984,"Wingo, KY",36.642414,-88.73915
24552,"Ekron, KY",37.929234,-86.17941
21142,"Wallins Creek, KY",36.8312,-83.416855
56275,"Rockfield, KY",36.91032,-86.56444
37612,"Brooks, KY",38.06158,-85.72049
25487,"Lakeside Park, KY",39.035618,-84.56911
149303,"Pioneer Village, KY",38.060623,-85.677734
39650,"Martin, KY",37.802223,-82.50772
30921,"Clay, KY",37.154045,-83.723145
47411,"Robards, KY",37.67393,-87.54668
54986,"Viper, KY",37.18261,-83.14883
40962,"Sonora, KY",37.524227,-85.89302
48882,"Adolphus, KY",36.65171,-86.261375
27126,"Smithfield, KY",38.386734,-85.2569
49117,"Kuttawa, KY",37.05894,-88.13252
47096,"Pilgrim, KY",37.799263,-82.42126
146577,"Boston, KY",38.237293,-85.435234
3483,"Augusta, KY",38.771736,-84.00576
7190,"Sparta, KY",38.688076,-84.8988
24360,"Demossville, KY",38.80507,-84.416885
57136,"Big Clifty, KY",37.545612,-86.15358
24397,"Dixon, KY",37.517822,-87.69029
14620,"White Plains, KY",37.183655,-87.383606
20617,"Staffordsville, KY",37.829815,-82.84211
32253,"Junction City, KY",37.586742,-84.79384
25650,"Loretto, KY",37.63534,-85.400795
24338,"Debord, KY",37.826485,-82.55126
38892,"Hardyville, KY",37.254223,-85.78608
10302,"Bear Branch, KY",36.917538,-83.172714
45425,"Ghent, KY",38.737564,-85.05828
40483,"Raccoon, KY",37.49038,-82.43987
27959,"Willisburg, KY",37.809788,-85.12635
50576,"Waco, KY",37.74258,-84.1441
45360,"Frenchburg, KY",37.950916,-83.62575
9024,"Pewee Valley, KY",38.310623,-85.48746
50826,"Bagdad, KY",38.26229,-85.05773
49154,"Ledbetter, KY",37.056213,-88.47714
42214,"Garrison, KY",38.604473,-83.17209
55998,"Drakesboro, KY",37.21754,-87.04888
30516,"Boaz, KY",36.885612,-88.63449
44259,"Bonnyman, KY",37.289818,-83.23629
3415,"Annville, KY",37.319256,-83.97048
26935,"Salvisa, KY",37.91674,-84.85773
40321,"Phelps, KY",37.51196,-82.1583
6404,"Park City, KY",37.093937,-86.046364
49250,"Irvington, KY",37.880344,-86.28386
4505,"Eastview, KY",37.588947,-86.0558
46037,"Kimper, KY",37.497047,-82.350426
49452,"Maceo, KY",37.86394,-86.99388
24876,"Glendale, KY",37.601727,-85.90552
10722,"Carrollton, KY",38.680897,-85.1794
17891,"East Point, KY",37.74621,-82.79072
7860,"West Point, KY",37.998608,-85.95179
35374,"Fredonia, KY",37.208107,-88.05669
29629,"Upton, KY",37.465324,-85.90102
19488,"Mount Eden, KY",38.05618,-85.15106
20839,"Trenton, KY",36.723248,-87.26235
52289,"Grand Rivers, KY",37.003113,-88.234474
22181,"Olmstead, KY",36.752262,-87.015
17592,"Corydon, KY",37.743374,-87.7039
53936,"Plum Springs, KY",37.018375,-86.38138
9656,"Keavy, KY",37.003696,-84.16104
28618,"Hueysville, KY",37.49511,-82.84361
49470,"Raceland, KY",38.539974,-82.728325
52051,"Fordsville, KY",37.636166,-86.71748
23447,"Allensville, KY",36.715504,-87.06859
30028,"Petersburg, KY",39.069225,-84.868286
50692,"Almo, KY",36.69478,-88.278366
52363,"Guthrie, KY",36.648563,-87.16612
8431,"Herndon, KY",36.733658,-87.56529
50890,"Battletown, KY",38.063957,-86.29386
30534,"Boons Camp, KY",37.833187,-82.70149
56164,"Ravenna, KY",37.68453,-83.95298
6629,"Printer, KY",37.529823,-82.74627
56310,"Means, KY",37.94925,-83.772415
17648,"Cub Run, KY",37.305607,-86.06081
5779,"Manitou, KY",37.371155,-87.57973
28406,"Benton, KY",36.857277,-88.35031
28230,"Bradfordsville, KY",37.494236,-85.14885
27054,"Sharpsburg, KY",38.202023,-83.92937
25137,"Hindman, KY",37.335358,-82.98129
147976,"Hebron Estates, KY",38.04951,-85.66607
33820,"Salem, KY",37.2645,-88.244194
8147,"Argillite, KY",38.489803,-82.828224
15987,"Van Lear, KY",37.771206,-82.757935
29015,"New Castle, KY",38.4334,-85.16968
5463,"La Center, KY",37.07672,-88.97368
10876,"Cloverport, KY",37.83339,-86.63276
42047,"Adairville, KY",36.667347,-86.85267
57169,"Dunnville, KY",37.20007,-85.00996
35959,"Pendleton, KY",38.69146,-84.36891
4122,"Clearfield, KY",38.162025,-83.428795
29766,"Berry, KY",38.52063,-84.384384
11506,"Foster, KY",38.799236,-84.21299
21766,"Fountain Run, KY",36.722485,-85.967285
7099,"Slaughters, KY",37.488934,-87.50222
52414,"Hardin, KY",37.66458,-85.96349
23881,"Bulan, KY",37.301483,-83.164894
31149,"Custer, KY",37.738396,-86.25469
10492,"Bonnieville, KY",37.378666,-85.90302
31527,"Falls of Rough, KY",37.590054,-86.548874
8415,"Helton, KY",36.95398,-83.39074
35405,"Hi Hat, KY",37.39177,-82.72905
13805,"Shelbiana, KY",37.42538,-82.49293
14923,"Cromwell, KY",37.340324,-86.78805
47301,"Raywick, KY",37.56034,-85.43052
36321,"Symsonia, KY",36.920334,-88.52004
21865,"Hillsboro, KY",38.29341,-83.658806
18631,"Horse Branch, KY",37.455883,-86.67665
40271,"Pathfork, KY",36.75592,-83.46464
44926,"Dexter, KY",36.742832,-88.296425
5298,"Island, KY",37.445045,-87.14388
8104,"Bledsoe, KY",36.9237,-83.36685
11688,"Gravel Switch, KY",37.578682,-85.05218
52458,"Hazel, KY",36.502277,-88.325874
26072,"Nebo, KY",37.383656,-87.642784
23266,"Pippa Passes, KY",37.334824,-82.87405
36698,"Sedalia, KY",36.641167,-88.60532
30579,"Bremen, KY",37.361435,-87.218605
41812,"Yeaddiss, KY",37.068703,-83.217674
36761,"Strunk, KY",36.622025,-84.43355
17245,"Busy, KY",37.278427,-83.29046
19722,"Oakland, KY",37.04199,-86.248314
14672,"Wilsonville, KY",37.594242,-84.87745
34556,"Vicco, KY",37.215652,-83.061554
18101,"Finchville, KY",38.15368,-85.31274
7997,"Woodburn, KY",36.84254,-86.5275
30811,"Centertown, KY",37.417267,-86.99611
19912,"Perryville, KY",37.650352,-84.95162
29955,"Fancy Farm, KY",36.7995,-88.79144
42676,"Parksville, KY",37.59785,-84.89134
39130,"Ivel, KY",37.59121,-82.66821
48459,"Westview, KY",37.700058,-86.40914
148408,"Lakeview Heights, KY",38.15147,-83.50436
18254,"Garrett, KY",37.47982,-82.83155
10600,"Buckhorn, KY",37.3487,-83.476295
46273,"Livermore, KY",37.493103,-87.13194
150387,"Wellington, KY",38.216457,-85.66913
38891,"Hardy, KY",37.62149,-82.244026
4551,"Elk Horn, KY",37.316456,-85.28524
28361,"Bee Spring, KY",37.289494,-86.2847
21391,"Worthville, KY",38.609787,-85.06745
6448,"Payneville, KY",37.98951,-86.31303
6684,"Ransom, KY",37.566494,-82.188194
4988,"Greenup, KY",38.51081,-82.91802
30646,"Buffalo, KY",37.512005,-85.69857
30821,"Cerulean, KY",36.95949,-87.710014
19221,"Martha, KY",38.009254,-82.91322
54259,"Sacramento, KY",37.41588,-87.26556
48059,"Turners Station, KY",38.555622,-85.16773
15864,"Lost Creek, KY",37.48176,-83.32518
27100,"Sidney, KY",37.620102,-82.35654
52275,"Graham, KY",37.25171,-87.27972
25028,"Happy, KY",37.203983,-83.09656
20620,"Stambaugh, KY",37.865234,-82.80314
19248,"Mayking, KY",37.133434,-82.76599
17807,"Dover, KY",38.75813,-83.88298
4842,"Gamaliel, KY",36.63978,-85.796646
5443,"Kirksey, KY",36.698666,-88.39532
148736,"McDowell, KY",37.455933,-82.73627
49484,"Mouthcard, KY",37.384274,-82.25514
16890,"Barlow, KY",37.05172,-89.04674
49567,"New Concord, KY",36.548386,-88.154755
40748,"Sanders, KY",38.655342,-84.947174
51969,"Ezel, KY",37.891197,-83.44435
54713,"Tollesboro, KY",38.55952,-83.57603
6509,"Pine Knot, KY",36.6638,-84.44604
56804,"Smithland, KY",37.138943,-88.40337
15443,"Dunmor, KY",37.073654,-86.99611
27820,"Webbville, KY",38.179527,-82.87128
43713,"Mammoth Cave, KY",37.18417,-86.12299
55168,"Wheelwright, KY",37.332603,-82.72099
38424,"Essie, KY",37.061756,-83.45185
44853,"Dana, KY",37.554264,-82.69099
16882,"Banner, KY",37.599266,-82.70127
47699,"Siler, KY",36.9412,-84.03965
27212,"Spottsville, KY",37.857544,-87.41362
14723,"Wooton, KY",37.17898,-83.302124
28178,"Arlington, KY",36.790337,-89.01284
56575,"Stopover, KY",37.51674,-82.09299
147587,"Forest Hills, KY",38.215347,-85.58579
12877,"Mousie, KY",37.418434,-82.87822
38494,"Farmington, KY",38.214527,-85.668144
8182,"Chavies, KY",37.34787,-83.35629
42558,"Moorefield, KY",38.273132,-83.93104
16358,"Kings Mountain, KY",37.372578,-84.688
37369,"Belton, KY",37.16004,-87.02833
26858,"Roundhill, KY",37.23699,-86.43082
27807,"Waverly, KY",37.709766,-87.8128
5966,"Millstone, KY",37.167324,-82.75155
34651,"Warbranch, KY",36.956757,-83.45019
23524,"Ashcamp, KY",37.26622,-82.434875
26101,"New Hope, KY",37.632008,-85.50829
5034,"Hallie, KY",37.102318,-83.02127
3687,"Blackey, KY",37.140095,-82.97905
149139,"Orchard Grass Hills, KY",38.32365,-85.52322
25421,"Kite, KY",37.321213,-82.80294
15611,"Robinson Creek, KY",37.387047,-82.53738
39125,"Isom, KY",37.187878,-82.89877
20446,"Sharon Grove, KY",36.913376,-87.097496
43041,"Summersville, KY",37.32617,-85.54441
55819,"Emmalena, KY",37.336674,-83.07669
19497,"Mount Olivet, KY",38.531464,-84.03687
4598,"Eolia, KY",37.053707,-82.79155
4707,"Ferguson, KY",37.066746,-84.599945
53880,"Phyllis, KY",37.442604,-82.335976
26873,"Rumsey, KY",37.53199,-87.25806
35829,"Majestic, KY",37.533997,-82.09985
35277,"Coldiron, KY",36.82675,-83.45352
8245,"Bardwell, KY",36.87061,-89.00979
44111,"Bellefonte, KY",38.49258,-82.69016
20794,"Thornton, KY",37.173435,-82.77849
26890,"Ryland Heights, KY",38.95756,-84.463
28036,"Wurtland, KY",38.550358,-82.77795
48616,"Betsy Layne, KY",37.551487,-82.63349
54605,"Sulphur, KY",38.49479,-85.27357
38507,"Fedscreek, KY",37.403442,-82.24514
28884,"Morgantown, KY",37.2256,-86.6836
25168,"Holmes Mill, KY",36.868423,-83.00239
41964,"Austin, KY",36.82533,-86.01915
30302,"Auxier, KY",37.73704,-82.75822
51578,"Cranks, KY",36.76481,-83.17212
9773,"Melber, KY",36.946445,-88.72533
43612,"Cunningham, KY",36.907555,-88.88978
56475,"Olaton, KY",37.525887,-86.687485
21560,"Dema, KY",37.42038,-82.80516
26510,"Pine Top, KY",37.272602,-82.882385
148747,"McRoberts, KY",37.21401,-82.667366
29620,"Uniontown, KY",37.775322,-87.93058
17356,"Center, KY",37.142277,-85.69302
22312,"Regina, KY",19.284925,-81.26604
56803,"Smilax, KY",37.13565,-83.28212
4015,"Cawood, KY",36.783978,-83.22823
31450,"Ermine, KY",37.121212,-82.79211
19743,"Oil Springs, KY",37.810093,-82.94239
36672,"Topmost, KY",37.35445,-82.79757
51257,"Canmer, KY",37.290333,-85.76719
16028,"Worthington, KY",38.548893,-82.72451
8464,"Hitchins, KY",38.280914,-82.920166
38020,"Cornettsville, KY",37.133984,-83.076836
44151,"Bethelridge, KY",37.23369,-84.75828
148730,"McCarr, KY",37.61094,-82.16985
9290,"Windsor, KY",37.12785,-84.91217
16401,"Mackville, KY",37.736736,-85.06746
38713,"Glencoe, KY",38.714508,-84.82272
47579,"Sassafras, KY",37.220654,-83.05517
15284,"Leburn, KY",37.348152,-82.95516
7775,"Water Valley, KY",36.565617,-88.811165
7808,"Webster, KY",37.513992,-87.6651
55641,"Alpha, KY",36.76229,-85.01023
22182,"Olympia, KY",38.098137,-83.69575
17724,"Deane, KY",37.238712,-82.77322
149991,"Stone, KY",37.584877,-82.270805
8837,"Mount Hermon, KY",36.80672,-85.82081
54269,"Saint Charles, KY",37.186157,-87.55583
25427,"Knob Lick, KY",37.07839,-85.69441
9359,"Wittensville, KY",37.86287,-82.79961
36460,"Wayland, KY",37.4451,-82.80516
44085,"Beaver, KY",37.39677,-82.65432
21264,"Westport, KY",38.478954,-85.47496
49083,"Langley, KY",37.531765,-82.79072
34363,"Tutor Key, KY",37.84454,-82.76682
14741,"Yosemite, KY",37.34674,-84.82467
147608,"Fox Chase, KY",38.045624,-85.69273
22848,"Weeksbury, KY",37.32788,-82.68821
36243,"Stinnett, KY",37.09037,-83.39546
53233,"McDaniels, KY",37.606724,-86.42498
54919,"Vanceburg, KY",38.599243,-83.318794
33610,"Redfox, KY",37.21482,-82.94377
12707,"Middleburg, KY",37.357853,-84.82106
8578,"Gracey, KY",36.8781,-87.66223
5342,"Jeremiah, KY",37.16732,-82.92905
43217,"Sitka, KY",37.88065,-82.83822
21537,"Chaplin, KY",37.897842,-85.221344
11047,"David, KY",37.59954,-82.89072
53442,"Mount Sherman, KY",37.45256,-85.6683
3598,"Beechmont, KY",37.174488,-87.03249
35415,"Knifley, KY",37.242844,-85.1894
49323,"Drift, KY",37.480377,-82.74766
50253,"Ary, KY",37.366486,-83.15073
24886,"Glens Fork, KY",37.013954,-85.25052
50141,"South Williamson, KY",37.67208,-82.28393
146750,"Camargo, KY",37.994247,-83.887695
24471,"Earlington, KY",37.27421,-87.51194
43731,"Millwood, KY",37.45033,-86.39053
54090,"Reed, KY",37.851154,-87.35417
18269,"Germantown, KY",38.65563,-83.96417
146935,"Coal Run Village, KY",37.513157,-82.55849
43725,"Letcher, KY",37.120884,-82.84517
34537,"Varney, KY",37.63871,-82.42376
39469,"Livingston, KY",37.18986,-88.33438
12404,"Littcarr, KY",37.240932,-82.94878
28418,"Frakes, KY",36.64286,-83.927704
147558,"Fleming-Neon, KY",37.192326,-82.70571
39372,"Latonia Lakes, KY",38.967564,-84.49772
56152,"Mallie, KY",37.279953,-82.920265
3794,"Breeding, KY",36.95923,-85.43441
3592,"Beech Creek, KY",37.176987,-87.06305
30166,"Allen, KY",36.752895,-86.19241
15507,"Lucas, KY",36.891716,-86.03748
51252,"Canada, KY",37.605656,-82.32431
44377,"Burna, KY",37.24561,-88.36059
30608,"Bromley, KY",39.082005,-84.56022
3845,"Browder, KY",37.197266,-87.036385
20207,"Rochester, KY",37.212543,-86.89305
148159,"Hunters Hollow, KY",38.07729,-85.692184
50316,"Silver Grove, KY",39.034508,-84.39022
51879,"Elkhorn City, KY",37.303997,-82.35098
35233,"Buckner, KY",38.39287,-85.4401
47979,"Thelma, KY",37.81926,-82.765434
52588,"Huddy, KY",37.594826,-82.27542
149537,"River Bluff, KY",38.37208,-85.60316
24439,"Dubre, KY",36.838947,-85.55858
5280,"Inez, KY",37.86648,-82.538765
4250,"Crestview, KY",39.02534,-84.41744
40209,"Owenton, KY",38.536457,-84.841896
44055,"Baton Rouge, LA",30.449415,-91.186966
19594,"New Orleans, LA",29.955914,-90.07303
40897,"Shreveport, LA",32.513535,-93.74779
39312,"Lafayette, LA",30.22622,-92.01782
5914,"Metairie, LA",29.989992,-90.15054
46101,"Lake Charles, LA",30.230509,-93.21698
32921,"Monroe, LA",32.50255,-92.11622
11087,"Denham Springs, LA",30.486856,-90.956215
7101,"Slidell, LA",30.275194,-89.78117
25193,"Houma, LA",29.59577,-90.719536
10497,"Bossier City, LA",32.51589,-93.73365
5395,"Kenner, LA",29.994226,-90.24178
38049,"Covington, LA",30.475353,-90.10104
26102,"New Iberia, LA",30.003536,-91.818726
38809,"Gretna, LA",29.91465,-90.05396
48433,"West Monroe, LA",32.51848,-92.14764
10068,"Alexandria, LA",31.311947,-92.44536
12579,"Marrero, LA",29.883505,-90.11845
52391,"Hammond, LA",30.504576,-90.47594
46389,"Mandeville, LA",30.35823,-90.06575
13386,"Prairieville, LA",30.312252,-90.94973
34266,"Thibodaux, LA",29.795763,-90.82287
18320,"Gonzales, LA",30.23853,-90.9201
11828,"Harvey, LA",29.903538,-90.07729
54606,"Sulphur, LA",30.236595,-93.37738
13110,"Opelousas, LA",30.53353,-92.08151
19956,"Pineville, LA",31.322405,-92.4343
55153,"Westwego, LA",29.906038,-90.142296
6871,"Ruston, LA",32.52975,-92.63866
33480,"Ponchatoula, LA",30.438805,-90.441475
18879,"La Place, LA",49.09367,-0.5445375
29334,"Zachary, LA",30.64852,-91.156494
55292,"Youngsville, LA",30.099648,-91.99012
53486,"Natchitoches, LA",31.760674,-93.08602
3792,"Breaux Bridge, LA",30.273533,-91.899284
23389,"Abbeville, LA",29.97465,-92.13429
43788,"Deridder, LA",30.8462,-93.28928
12355,"Leesville, LA",31.143126,-93.265114
38921,"Haughton, LA",32.53265,-93.50407
37820,"Chalmette, LA",29.94279,-89.96294
10272,"Bastrop, LA",32.7775,-91.91263
44010,"Baker, LA",30.588243,-91.16816
34981,"Carencro, LA",30.317144,-92.04901
54981,"Ville Platte, LA",30.690184,-92.27747
39862,"Morgan City, LA",29.699375,-91.20677
34630,"Walker, LA",30.487968,-90.86149
24277,"Crowley, LA",30.214092,-92.37457
30517,"Bogalusa, LA",30.79102,-89.84869
18191,"Franklinton, LA",30.847128,-90.15314
26915,"Saint Martinville, LA",30.1252,-91.83345
12754,"Minden, LA",32.61543,-93.286835
37353,"Belle Chasse, LA",29.854929,-89.99062
29986,"Port Allen, LA",30.45335,-91.21006
37384,"Benton, LA",32.694866,-93.741844
12503,"Madisonville, LA",30.40436,-90.15702
20112,"Rayne, LA",30.234924,-92.26846
53917,"Plaquemine, LA",30.284065,-91.237076
51942,"Eunice, LA",30.494368,-92.41763
13424,"Raceland, LA",29.727432,-90.598976
11728,"Greenwell Springs, LA",30.579632,-90.99427
33799,"Saint Francisville, LA",30.780724,-91.376335
10575,"Broussard, LA",30.14715,-91.96124
56023,"Jennings, LA",30.22243,-92.65708
46342,"Luling, LA",29.93215,-90.36647
34877,"Winnsboro, LA",32.161877,-91.722694
17448,"Church Point, LA",30.403103,-92.21484
24460,"Duson, LA",30.237875,-92.18019
11524,"Franklin, LA",32.125423,-91.6778
40510,"Rayville, LA",32.474693,-91.75683
8078,"Amite, LA",30.726574,-90.50898
33366,"Pearl River, LA",30.376026,-89.7484
15831,"Livingston, LA",30.41587,-90.71893
20195,"River Ridge, LA",29.95466,-90.21608
38191,"Destrehan, LA",29.960934,-90.370544
15488,"Keithville, LA",32.333214,-93.836296
52755,"Kentwood, LA",30.938236,-90.50899
52833,"Lacombe, LA",30.309246,-89.9196
36560,"Westlake, LA",34.062923,-118.27282
8702,"Jeanerette, LA",29.911037,-91.66345
39639,"Marksville, LA",31.127966,-92.06624
4387,"Donaldsonville, LA",30.105194,-90.987595
28783,"Jefferson, LA",29.850266,-90.12939
49401,"Kaplan, LA",30.00319,-92.28602
38665,"Geismar, LA",30.204363,-91.0226
33206,"Oakdale, LA",30.814787,-92.65641
44912,"Dequincy, LA",30.449965,-93.434135
43067,"Scott, LA",30.235758,-92.09457
52642,"Iowa, LA",30.236877,-93.013756
6556,"Pollock, LA",31.525732,-92.40708
48544,"Winnfield, LA",31.925228,-92.63994
38885,"Harahan, LA",29.940483,-90.20313
44828,"Cut Off, LA",29.513767,-90.323906
27419,"Tickfaw, LA",30.577412,-90.48315
43816,"Abita Springs, LA",30.478525,-90.037575
31536,"Farmerville, LA",32.77473,-92.40467
28807,"Jena, LA",31.683228,-92.13374
47529,"Saint Rose, LA",29.94687,-90.323135
19239,"Maurice, LA",30.108538,-92.124565
22888,"Saint Amant, LA",30.224642,-90.86899
28680,"Gray, LA",29.686718,-90.7813
26735,"Reserve, LA",30.082397,-90.55852
46038,"Kinder, LA",30.48548,-92.8507
22118,"Folsom, LA",30.630188,-90.1873
11104,"Deville, LA",31.351639,-92.147934
56179,"Napoleonville, LA",29.940481,-91.02482
48277,"Vinton, LA",30.190763,-93.58127
5199,"Homer, LA",32.791813,-93.05572
39100,"Independence, LA",30.635466,-90.50092
151528,"Eden Isle, LA",30.22802,-89.79293
19095,"Loranger, LA",30.635744,-90.39815
27687,"Vidalia, LA",31.565445,-91.42595
38411,"Erath, LA",29.958261,-92.03596
15249,"Elmwood, LA",29.95289,-90.18682
18768,"Jonesville, LA",31.626143,-91.81358
27640,"Vacherie, LA",30.011036,-90.719536
23099,"Stonewall, LA",32.281826,-93.82407
39986,"New Roads, LA",30.693253,-91.434296
14523,"Welsh, LA",30.236898,-92.82213
34183,"Sunset, LA",30.41131,-92.06845
37690,"Calhoun, LA",32.512646,-92.358475
8486,"Holden, LA",30.504356,-90.66926
5308,"Jackson, LA",32.29327,-92.56284
49574,"Patterson, LA",29.694304,-91.30513
39363,"Larose, LA",29.566927,-90.38043
16627,"Violet, LA",29.899263,-89.89339
25716,"Mamou, LA",30.633707,-92.41978
8307,"Bunkie, LA",30.952864,-92.18579
19065,"Lockport, LA",29.646048,-90.53925
36195,"Springhill, LA",33.002296,-93.4612
37525,"Boyce, LA",31.390455,-92.66931
11077,"Delhi, LA",32.45764,-91.49317
25854,"Meraux, LA",29.926962,-89.91979
52866,"Lake Providence, LA",32.8043,-91.17011
47595,"Schriever, LA",29.738628,-90.810265
38035,"Cottonport, LA",30.98408,-92.05346
39605,"Mansura, LA",31.057966,-92.04901
10916,"Columbia, LA",32.105156,-92.07791
37955,"Colfax, LA",31.519407,-92.7068
6674,"Ragley, LA",30.5127,-93.23238
20300,"Saint Gabriel, LA",30.257696,-91.09927
11149,"Downsville, LA",32.626434,-92.41291
30945,"Clinton, LA",30.865736,-91.01566
20553,"Sorrento, LA",30.184364,-90.85926
15033,"Bush, LA",30.6088,-89.90007
9670,"Berwick, LA",29.69328,-91.223404
15657,"Paulina, LA",30.026314,-90.71315
39844,"Montegut, LA",29.467669,-90.56331
8964,"Maurepas, LA",30.296862,-90.66398
55172,"White Castle, LA",30.16992,-91.14705
20297,"Saint Bernard, LA",29.821756,-89.60087
55298,"Zwolle, LA",31.63141,-93.64307
16901,"Basile, LA",30.484936,-92.599396
44015,"Ball, LA",31.415445,-92.41154
33410,"Pierre Part, LA",29.95564,-91.211716
48685,"Arcadia, LA",32.54897,-92.921776
10821,"Choudrant, LA",32.530148,-92.51431
50661,"Albany, LA",30.504358,-90.58231
24048,"Chauvin, LA",29.446613,-90.59835
30547,"Bourg, LA",29.553549,-90.60231
28101,"Anacoco, LA",31.252129,-93.34128
56382,"Pitkin, LA",30.935373,-92.93588
35550,"Lake Arthur, LA",30.080765,-92.67153
3861,"Brusly, LA",30.39436,-91.25372
42410,"Iota, LA",30.331327,-92.495575
33487,"Port Barre, LA",30.560196,-91.954
56677,"Vivian, LA",32.87204,-93.98557
33742,"Roseland, LA",30.764908,-90.51176
53714,"Olla, LA",31.902943,-92.243195
19459,"Mooringsport, LA",32.687645,-93.96101
30238,"Arabi, LA",29.95349,-90.00029
24881,"Glenmora, LA",30.97658,-92.585144
18347,"Grambling, LA",32.52765,-92.71404
11691,"Grayson, LA",32.04988,-92.10931
9607,"Lutcher, LA",30.04048,-90.69898
27785,"Washington, LA",30.833752,-90.07214
18015,"Ethel, LA",30.791294,-91.13066
19330,"Merryville, LA",30.754368,-93.54045
6523,"Plain Dealing, LA",32.90514,-93.696846
28772,"Hahnville, LA",29.976593,-90.40897
30400,"Bell City, LA",30.113264,-92.962654
33539,"Princeton, LA",32.589317,-93.515175
3951,"Campti, LA",31.893496,-93.11822
57230,"Forest Hill, LA",31.041857,-92.53125
20653,"Sterlington, LA",32.69443,-92.07603
35909,"Marion, LA",32.90152,-92.24208
52253,"Golden Meadow, LA",29.37911,-90.26008
49153,"Lecompte, LA",31.094633,-92.40041
11750,"Gueydan, LA",30.026041,-92.50847
9036,"Norco, LA",29.999092,-90.41231
46612,"Moreauville, LA",31.034632,-91.97568
56770,"Simsboro, LA",32.534595,-92.78849
6282,"Oberlin, LA",30.6202,-92.76265
21763,"Bernice, LA",32.822086,-92.65793
46093,"Labadieville, LA",29.823895,-90.95293
46397,"Mansfield, LA",32.02183,-93.71435
46633,"Mount Hermon, LA",30.96018,-90.29592
27999,"Wisner, LA",31.980991,-91.65568
37056,"Addis, LA",30.353804,-91.26539
31815,"Gramercy, LA",30.047424,-90.68981
14391,"Vienna, LA",32.59098,-92.64793
50067,"Slaughter, LA",30.717407,-91.141495
152142,"Jean Lafitte, LA",29.734314,-90.12554
24606,"Eros, LA",32.392372,-92.424034
51896,"Elton, LA",30.481312,-92.6957
19442,"Montgomery, LA",31.667389,-92.89071
10502,"Boutte, LA",29.895168,-90.38943
31999,"Heflin, LA",32.456264,-93.26405
18554,"Hessmer, LA",31.059633,-92.12124
54007,"Pride, LA",30.693796,-90.97816
45568,"Greenwood, LA",32.442932,-93.97296
49772,"Longville, LA",30.605198,-93.23183
44476,"Castor, LA",32.253212,-93.16572
51533,"Converse, LA",31.781559,-93.693794
4567,"Elm Grove, LA",32.348213,-93.55267
18630,"Hornbeck, LA",31.325764,-93.39909
13947,"Spearsville, LA",32.935974,-92.60515
9654,"Jarreau, LA",30.620745,-91.45094
51699,"Des Allemands, LA",29.82382,-90.47508
22689,"Woodworth, LA",31.146576,-92.49736
20025,"Port Sulphur, LA",29.480167,-89.6942
46980,"Paradis, LA",29.879652,-90.433975
14890,"Cheneyville, LA",31.014914,-92.28735
51490,"Collinston, LA",32.69097,-91.871796
29647,"Gilbert, LA",32.049324,-91.65818
56413,"Norwood, LA",30.967678,-91.104
54931,"Ventress, LA",30.681852,-91.408165
44893,"Delcambre, LA",29.948261,-91.98873
8908,"Robert, LA",30.506302,-90.34092
53262,"Melville, LA",30.692965,-91.744
33205,"Oak Ridge, LA",32.624027,-91.7729
17000,"Bethany, LA",32.37321,-94.04269
25138,"Hineston, LA",31.143518,-92.75876
43885,"Ama, LA",29.952148,-90.29647
46071,"Krotz Springs, LA",30.53686,-91.75289
45359,"French Settlement, LA",30.29477,-90.79499
45095,"Effie, LA",31.216019,-92.155685
55793,"Elmer, LA",29.818817,-90.86593
20634,"Starks, LA",30.315588,-93.661835
50136,"Saint James, LA",30.009668,-90.79895
40703,"Saint Joseph, LA",31.917835,-91.23698
56953,"Atlanta, LA",31.807707,-92.73918
32004,"Henderson, LA",30.313253,-91.79039
15771,"Mer Rouge, LA",32.775135,-91.792625
40138,"Oil City, LA",32.744034,-93.97157
152739,"New Llano, LA",31.114084,-93.278046
42599,"Oscar, LA",30.615189,-91.46122
38003,"Convent, LA",30.020567,-90.82971
51920,"Epps, LA",32.60405,-91.478455
11770,"Hackberry, LA",29.96455,-93.41822
56762,"Rosepine, LA",30.919914,-93.28239
23806,"Braithwaite, LA",29.866318,-89.94368
28144,"Cecilia, LA",30.337252,-91.85127
56706,"Theriot, LA",29.411589,-90.783134
47407,"Roanoke, LA",30.23518,-92.74789
18163,"Fort Necessity, LA",32.047935,-91.81791
5254,"Ida, LA",33.002853,-93.893
37710,"Cameron, LA",29.888056,-93.1843
32277,"Kelly, LA",31.980871,-92.17565
24827,"Galliano, LA",29.43987,-90.307594
47435,"Rodessa, LA",32.971245,-93.9949
29745,"Belcher, LA",32.748753,-93.832954
41270,"Transylvania, LA",32.67815,-91.182144
12197,"Killian, LA",30.358805,-90.586205
51750,"Dubach, LA",32.699036,-92.656815
32360,"Lacassine, LA",30.235485,-92.92154
41129,"Sun, LA",30.649565,-89.89224
6419,"Parks, LA",30.214367,-91.83206
18351,"Grand Isle, LA",29.236618,-89.9873
40405,"Port Vincent, LA",30.334454,-90.84475
35075,"Arnaudville, LA",30.397648,-91.9316
9111,"Oak Grove, LA",32.860962,-91.38845
33671,"Ringgold, LA",32.32849,-93.27989
18828,"Kilbourne, LA",32.997208,-91.31638
44269,"Boston, MA",42.355434,-71.06051
14724,"Worcester, MA",42.26256,-71.80189
7221,"Springfield, MA",42.101875,-72.58868
3934,"Cambridge, MA",42.365635,-71.104004
25659,"Lowell, MA",42.641445,-71.30853
44328,"Brockton, MA",42.083435,-71.01838
39558,"Lynn, MA",42.466763,-70.94949
33058,"New Bedford, MA",41.636215,-70.934204
31525,"Fall River, MA",41.701065,-71.15464
40013,"Newton, MA",42.33704,-71.20922
6665,"Quincy, MA",42.25099,-71.00374
46179,"Lawrence, MA",42.707035,-71.16312
54458,"Somerville, MA",42.387596,-71.099495
31635,"Framingham, MA",42.277317,-71.41659
45689,"Haverhill, MA",42.777782,-71.076775
28939,"Malden, MA",42.42685,-71.068375
34644,"Waltham, MA",42.37624,-71.235565
17188,"Brookline, MA",42.332916,-71.11878
53250,"Medford, MA",42.41843,-71.10616
27374,"Taunton, MA",41.901924,-71.09315
14603,"Weymouth, MA",42.22122,-70.93916
54111,"Revere, MA",42.408432,-71.01199
30872,"Chicopee, MA",42.14877,-72.60711
26431,"Peabody, MA",42.527874,-70.92866
15796,"Methuen, MA",42.7262,-71.190895
398673,"Plymouth, MA",41.942665,-70.761856
37279,"Barnstable, MA",41.701694,-70.30362
4625,"Everett, MA",42.40859,-71.0542
43936,"Arlington, MA",42.415375,-71.15644
23542,"Attleboro, MA",41.94397,-71.28043
19967,"Pittsfield, MA",42.44848,-73.254105
39405,"Leominster, MA",42.526745,-71.76149
16567,"Fitchburg, MA",42.585438,-71.8046
33821,"Salem, MA",42.519527,-70.89672
44170,"Billerica, MA",42.558426,-71.26894
19212,"Marlborough, MA",42.34686,-71.55252
55142,"Westfield, MA",42.12054,-72.74892
21355,"Woburn, MA",42.479263,-71.152275
51370,"Chelsea, MA",42.391224,-71.036934
50721,"Amherst, MA",42.373196,-72.519875
51117,"Braintree, MA",42.220596,-71.00412
11959,"Holyoke, MA",42.20712,-72.60758
54414,"Shrewsbury, MA",42.29602,-71.71351
30450,"Beverly, MA",42.548973,-70.87819
6120,"Natick, MA",42.283638,-71.34699
397699,"Andover, MA",42.65717,-71.14088
37844,"Chelmsford, MA",42.596863,-71.35176
41579,"Watertown, MA",42.365253,-71.184326
54058,"Randolph, MA",42.1626,-71.041336
19005,"Lexington, MA",42.44732,-71.2245
51652,"Dartmouth, MA",41.63323,-70.98799
36921,"Franklin, MA",42.58962,-72.61106
31264,"Dracut, MA",42.668816,-71.30337
33039,"Needham, MA",42.280266,-71.23606
13005,"North Andover, MA",42.70297,-71.13091
6256,"Norwood, MA",42.194542,-71.1995
29459,"Tewksbury, MA",42.61065,-71.23422
26168,"North Attleboro, MA",41.984135,-71.33228
397497,"Milford, MA",42.14289,-71.516464
23017,"Melrose, MA",42.456432,-71.06418
20369,"Saugus, MA",42.464817,-71.01005
13038,"Northampton, MA",42.317898,-72.6311
41610,"Wellesley, MA",42.296486,-71.29256
55124,"West Springfield, MA",42.105236,-72.62137
15043,"Agawam, MA",42.068863,-72.61516
20679,"Stoughton, MA",42.125206,-71.1022
397539,"Bridgewater, MA",41.99022,-70.97544
39799,"Milton, MA",42.25014,-71.065575
31170,"Danvers, MA",42.566498,-70.936295
18311,"Gloucester, MA",42.61536,-70.66246
7739,"Wakefield, MA",42.506485,-71.07283
395584,"Walpole, MA",42.1459,-71.253876
10344,"Belmont, MA",42.39593,-71.178665
37661,"Burlington, MA",42.504818,-71.19561
6695,"Reading, MA",42.52603,-71.10203
45065,"Easton, MA",42.024544,-71.12866
41884,"Dedham, MA",42.248913,-71.175575
399034,"Yarmouth, MA",41.705666,-70.22863
37737,"Canton, MA",42.158432,-71.144775
397306,"Marshfield, MA",42.09177,-70.7056
21255,"Westford, MA",42.579258,-71.43784
398899,"Middleborough, MA",41.893158,-70.91115
43821,"Acton, MA",42.485092,-71.43284
5787,"Mansfield, MA",42.033432,-71.21894
41741,"Winchester, MA",42.452316,-71.137
399153,"Hingham, MA",42.241768,-70.88977
14668,"Wilmington, MA",42.546482,-71.17367
54571,"Stoneham, MA",42.480263,-71.09936
398346,"Bourne, MA",41.741215,-70.59892
399071,"Westborough, MA",42.269432,-71.61299
5725,"Ludlow, MA",42.158997,-72.48032
14474,"Wareham, MA",41.762604,-70.7217
31700,"Gardner, MA",42.57635,-71.99528
398234,"Hudson, MA",42.39135,-71.56769
40959,"Somerset, MA",41.769547,-71.128654
53633,"Norton, MA",41.96706,-71.18751
18596,"Holden, MA",42.356083,-71.86236
42355,"Grafton, MA",42.20634,-71.68539
27995,"Winthrop, MA",42.374653,-70.98258
34170,"Sudbury, MA",42.383427,-71.416176
398002,"Hopkinton, MA",42.228886,-71.519646
3461,"Ashland, MA",42.25996,-71.46426
398549,"Foxborough, MA",42.065376,-71.24783
8372,"Concord, MA",42.460518,-71.3489
397583,"Sharon, MA",42.123734,-71.17873
36503,"South Hadley, MA",42.25914,-72.575134
40001,"Newburyport, MA",42.81166,-70.871925
40287,"Pembroke, MA",42.07149,-70.809204
398403,"Webster, MA",42.050137,-71.88033
397274,"Greenfield, MA",42.587635,-72.600204
6807,"Rockland, MA",42.130657,-70.91615
398846,"Southbridge, MA",42.075047,-72.03374
47922,"Swansea, MA",41.748158,-71.189766
395478,"Amesbury, MA",42.857952,-70.93009
22976,"Abington, MA",42.104824,-70.94532
398586,"Bellingham, MA",42.08695,-71.47464
10206,"Auburn, MA",42.194546,-71.83581
17881,"East Longmeadow, MA",42.064907,-72.51293
27905,"Westport, MA",41.62204,-71.07802
26210,"Northbridge, MA",42.114517,-71.6544
49001,"Easthampton, MA",42.27088,-72.67196
29637,"Westwood, MA",42.218693,-71.22338
13033,"North Reading, MA",42.575092,-71.07867
39501,"Longmeadow, MA",42.05045,-72.582466
397319,"Scituate, MA",42.192448,-70.7262
398335,"Northborough, MA",42.319603,-71.64224
40816,"Seekonk, MA",41.808434,-71.337
398847,"Clinton, MA",42.421246,-71.68741
41699,"Whitman, MA",42.08066,-70.9356
54070,"Raynham, MA",41.94871,-71.0731
397357,"Belchertown, MA",42.277275,-72.400795
45785,"Holliston, MA",42.200096,-71.42451
38474,"Fairhaven, MA",41.637604,-70.90365
25026,"Hanover, MA",42.113155,-70.81199
31213,"Dennis, MA",41.735386,-70.19391
32730,"Mashpee, MA",41.64844,-70.48114
397747,"Wilbraham, MA",42.122337,-72.43131
30385,"Bedford, MA",42.49173,-71.28179
5802,"Marblehead, MA",42.500095,-70.85783
17859,"East Bridgewater, MA",42.033295,-70.95881
398947,"Duxbury, MA",42.04177,-70.67226
14340,"Uxbridge, MA",42.076817,-71.629845
21181,"Wayland, MA",42.363205,-71.36067
32864,"Millbury, MA",42.191383,-71.76039
9304,"Swampscott, MA",42.469925,-70.91715
397237,"Nantucket, MA",41.28444,-70.09842
395554,"Oxford, MA",42.117016,-71.86444
41938,"Charlton, MA",42.13408,-71.96981
19300,"Medway, MA",42.141766,-71.39673
56340,"North Adams, MA",42.699036,-73.1119
25688,"Lynnfield, MA",42.538982,-71.04811
397292,"Sandwich, MA",41.757904,-70.49682
397101,"Ipswich, MA",42.67927,-70.841156
399011,"Medfield, MA",42.18656,-71.30546
398052,"Kingston, MA",41.99455,-70.72448
13470,"Rehoboth, MA",41.840378,-71.2495
397739,"Palmer, MA",42.157448,-72.32998
36521,"Tyngsboro, MA",42.665886,-71.41016
8015,"Wrentham, MA",42.066765,-71.32811
397297,"Spencer, MA",42.243633,-71.993484
397669,"Athol, MA",42.594,-72.226814
31272,"Dudley, MA",42.0451,-71.89828
43334,"Weston, MA",42.366764,-71.303116
395684,"Lunenburg, MA",42.59509,-71.72448
399219,"Pepperell, MA",42.66503,-71.57859
397839,"Lakeville, MA",41.845936,-70.949486
17327,"Carver, MA",41.889442,-70.76933
46826,"Norwell, MA",42.16177,-70.79393
397057,"Groton, MA",42.611225,-71.57454
46209,"Leicester, MA",42.2459,-71.90815
35457,"Holbrook, MA",42.155224,-71.00896
9039,"Norfolk, MA",42.153862,-71.1828
39684,"Maynard, MA",42.432106,-71.45397
10036,"Acushnet, MA",41.68066,-70.907814
398556,"Hanson, MA",42.07531,-70.88006
25058,"Harwich, MA",41.686222,-70.07585
398050,"Winchendon, MA",42.68151,-72.04998
398434,"Brewster, MA",41.76011,-70.082794
20586,"Southborough, MA",42.30565,-71.524506
36634,"Hull, MA",42.302044,-70.90782
395580,"Ware, MA",42.25993,-72.239784
46271,"Littleton, MA",42.53759,-71.51201
399215,"Sturbridge, MA",42.10844,-72.08078
395746,"Plainville, MA",42.004036,-71.33576
5936,"Middleton, MA",42.5951,-71.015915
21801,"Freetown, MA",41.795025,-71.06764
14059,"Sutton, MA",42.14993,-71.76296
40999,"Southwick, MA",42.054817,-72.77039
48673,"Blackstone, MA",42.017834,-71.541115
398374,"Townsend, MA",42.667294,-71.70544
28752,"Douglas, MA",42.07235,-71.7133
398929,"Salisbury, MA",42.841885,-70.86023
398624,"Rutland, MA",42.376774,-71.954384
398019,"Falmouth, MA",41.5515,-70.61475
7884,"Westminster, MA",42.544903,-71.91079
395473,"Millis, MA",42.167507,-71.35728
15214,"Georgetown, MA",42.724564,-70.99197
56077,"Monson, MA",42.10309,-72.31894
395574,"Adams, MA",42.620945,-73.120415
396946,"Boxford, MA",42.660583,-70.99712
397841,"Ayer, MA",42.55958,-71.58826
21210,"West Boylston, MA",42.368008,-71.78453
27264,"Sterling, MA",42.437443,-71.760185
17772,"Dighton, MA",41.81449,-71.11961
398986,"Upton, MA",42.173817,-71.603134
11779,"Halifax, MA",41.990955,-70.86202
397228,"Williamstown, MA",42.713547,-73.20946
397132,"Orange, MA",42.590866,-72.30978
34727,"West Bridgewater, MA",42.019093,-71.007965
25015,"Hamilton, MA",42.636204,-70.8431
395507,"Shirley, MA",42.543804,-71.649796
398147,"Great Barrington, MA",42.193935,-73.36277
7277,"Stow, MA",42.436596,-71.505
6188,"Newbury, MA",42.7665,-70.8458
8665,"Groveland, MA",42.75988,-71.03182
50976,"Berkley, MA",41.845936,-71.082825
397593,"Topsfield, MA",42.639084,-70.950745
42070,"Cohasset, MA",42.241016,-70.80356
9791,"Merrimac, MA",42.83368,-71.002426
8961,"Mattapoisett, MA",41.658047,-70.81352
44848,"Dalton, MA",42.47417,-73.15997
3457,"Ashburnham, MA",42.635765,-71.90868
9057,"Mendon, MA",42.10757,-71.55352
9511,"Southampton, MA",42.22942,-72.72963
398569,"Hopedale, MA",42.130077,-71.54062
46144,"Lancaster, MA",42.443142,-71.68528
397235,"Granby, MA",42.257015,-72.51648
397299,"Dover, MA",42.245247,-71.28236
21526,"Bolton, MA",42.434235,-71.60977
399058,"Lee, MA",42.307346,-73.25049
47414,"Rochester, MA",41.731724,-70.8203
47431,"Rockport, MA",42.657333,-70.61783
31969,"Harvard, MA",42.36574,-71.122215
11773,"Hadley, MA",42.342327,-72.58912
395759,"Rowley, MA",42.7137,-70.881836
397826,"Chatham, MA",41.682274,-69.95952
37523,"Boxboro, MA",42.48275,-71.514275
5771,"Manchester, MA",42.57513,-70.77255
36771,"Marion, MA",41.700104,-70.76281
37751,"Carlisle, MA",42.52926,-71.3495
13224,"Paxton, MA",42.31147,-71.927475
398240,"Barre, MA",42.422802,-72.105156
397127,"Lenox, MA",42.356823,-73.28509
398045,"Orleans, MA",41.78831,-69.99001
46252,"Lincoln, MA",42.42593,-71.30395
398776,"Warren, MA",42.212864,-72.19265
38863,"Hampden, MA",42.128532,-72.606346
51826,"Eastham, MA",41.830593,-69.97405
41616,"Wenham, MA",42.60462,-70.88735
7855,"West Newbury, MA",42.80148,-70.98978
34250,"Templeton, MA",42.555725,-72.06739
395789,"North Brookfield, MA",42.26863,-72.08502
37235,"Avon, MA",42.13262,-71.04012
54393,"Sherborn, MA",42.239784,-71.37014
10514,"Boylston, MA",42.35328,-71.73436
50439,"Edgartown, MA",41.38942,-70.51297
8569,"Hubbardston, MA",42.476566,-72.00872
7144,"South Deerfield, MA",42.477306,-72.6079
396986,"Tisbury, MA",41.457623,-70.6157
54761,"Turners Falls, MA",42.60831,-72.556786
28817,"Forestdale, MA",41.691776,-70.49947
398005,"West Brookfield, MA",42.236244,-72.13795
9648,"Oak Bluffs, MA",41.45362,-70.568436
4492,"East Sandwich, MA",41.741776,-70.45169
48788,"Brimfield, MA",42.122402,-72.20031
397481,"Essex, MA",42.63265,-70.78036
34180,"Sunderland, MA",42.46369,-72.58057
22187,"Princeton, MA",42.44841,-71.87681
35189,"Brookfield, MA",42.21632,-72.1028
56034,"Dunstable, MA",42.674583,-71.481895
55647,"Berlin, MA",42.381367,-71.63726
47657,"Sheffield, MA",42.110474,-73.35334
398800,"Hatfield, MA",42.373207,-72.59609
40382,"Plympton, MA",41.95288,-70.81448
48390,"Wellfleet, MA",41.937607,-70.0328
51380,"Cheshire, MA",42.562187,-73.1616
43954,"Ashby, MA",42.677673,-71.81983
46552,"Millville, MA",42.027893,-71.58071
32422,"Lanesboro, MA",43.7208,-91.97682
398568,"Northfield, MA",42.694466,-72.45602
27886,"West Tisbury, MA",41.381004,-70.67449
398808,"Provincetown, MA",42.052563,-70.18587
49866,"Williamsburg, MA",42.392628,-72.73025
397517,"Holland, MA",42.065823,-72.160774
35715,"Hardwick, MA",42.349308,-72.19928
12011,"Huntington, MA",42.234394,-72.8799
50932,"Becket, MA",42.332375,-73.08376
56066,"Harwich Port, MA",41.66798,-70.07404
21661,"Buckland, MA",42.60344,-72.74206
397464,"East Brookfield, MA",42.226196,-72.04982
22173,"Montague, MA",42.590122,-72.549736
34628,"Wales, MA",42.07272,-72.220604
33404,"Phillipston, MA",42.54922,-72.133064
19721,"Oakham, MA",42.35485,-72.043465
18584,"Hinsdale, MA",42.438858,-73.12515
41076,"Stockbridge, MA",42.2824,-73.31237
31021,"Conway, MA",42.507854,-72.69616
22269,"Nahant, MA",42.426487,-70.91894
15765,"Leverett, MA",42.451443,-72.50125
7067,"Shutesbury, MA",42.452152,-72.4098
4109,"Clarksburg, MA",42.726593,-73.10568
43957,"Ashfield, MA",42.52604,-72.79092
52209,"Gill, MA",42.641197,-72.499344
10914,"Colrain, MA",42.672867,-72.69724
15115,"Bernardston, MA",42.67076,-72.54747
55903,"Granville, MA",42.067097,-72.86117
7881,"Westhampton, MA",42.30434,-72.774956
20854,"Truro, MA",41.99344,-70.04974
42310,"Erving, MA",42.599976,-72.40028
56246,"Richmond, MA",42.372337,-73.367805
54236,"Royalston, MA",42.67621,-72.187874
16341,"Otis, MA",42.19409,-73.092735
27063,"Shelburne, MA",42.58364,-72.71109
396814,"Devens, MA",42.53895,-71.609436
9525,"West Stockbridge, MA",42.33432,-73.367836
30857,"Chester, MA",42.279438,-72.98215
26878,"Russell, MA",42.189846,-72.85597
44575,"Chilmark, MA",41.343056,-70.744026
56269,"Pelham, MA",42.392418,-72.40347
36919,"Petersham, MA",42.488304,-72.186615
4080,"Chesterfield, MA",42.39197,-72.84092
33094,"New Salem, MA",42.50356,-72.33248
5622,"Leyden, MA",42.70174,-72.63053
6143,"New Braintree, MA",42.31664,-72.12654
3515,"Baldwinville, MA",42.607365,-72.07482
17738,"Deerfield, MA",42.543694,-72.60467
27979,"Windsor, MA",42.512882,-73.05885
398636,"Egremont, MA",42.167126,-73.44395
4278,"Cummington, MA",42.46075,-72.893776
27780,"Warwick, MA",42.68239,-72.33838
34798,"Whately, MA",42.439926,-72.63491
14524,"Wendell, MA",42.548523,-72.39717
42617,"Mount Washington, MA",42.09959,-73.45405
28134,"Blandford, MA",42.180607,-72.92791
20345,"Sandisfield, MA",42.111557,-73.13997
32932,"Montgomery, MA",42.207233,-72.804535
55852,"Goshen, MA",42.441746,-72.80003
24730,"Florida, MA",42.695087,-73.034584
34917,"Worthington, MA",42.396,-72.93584
45637,"Hancock, MA",42.543186,-73.31846
47072,"Peru, MA",42.43784,-73.04612
10024,"Heath, MA",42.67368,-72.82227
39847,"Monterey, MA",42.17939,-73.21219
40769,"Savoy, MA",42.569054,-73.0391
398154,"Aquinnah, MA",41.343147,-70.81368
47148,"Plainfield, MA",42.516,-72.916245
42851,"Middlefield, MA",42.348866,-73.015305
48985,"Hawley, MA",42.564404,-72.877556
17390,"Charlemont, MA",42.627537,-72.87449
48422,"West Harwich, MA",41.66961,-70.11732
26860,"Rowe, MA",42.695236,-72.89848
397142,"Tolland, MA",42.081524,-73.01231
54777,"Tyringham, MA",42.24577,-73.20402
9582,"Washington, MA",42.3663,-73.14312
42874,"Millers Falls, MA",42.577923,-72.49446
35536,"Gosnold, MA",41.42114,-70.92879
3523,"Baltimore, MD",39.290882,-76.610756
7081,"Silver Spring, MD",38.999763,-77.02404
4810,"Frederick, MD",39.41578,-77.41276
35593,"Laurel, MD",39.09843,-76.84851
33714,"Rockville, MD",39.0818,-77.15169
45383,"Gaithersburg, MD",39.13992,-77.192924
10917,"Columbia, MD",39.193844,-76.86461
30552,"Bowie, MD",38.942448,-76.73017
16773,"Annapolis, MD",38.97864,-76.49278
45449,"Glen Burnie, MD",39.159542,-76.61515
31403,"Ellicott City, MD",39.275738,-76.83174
14446,"Waldorf, MD",38.602394,-76.92741
31732,"Germantown, MD",39.171234,-77.265564
37406,"Bethesda, MD",38.981274,-77.12336
38842,"Hagerstown, MD",39.643047,-77.71911
30394,"Bel Air, MD",39.535507,-76.34904
20322,"Salisbury, MD",38.366028,-75.601
11170,"Dundalk, MD",39.262436,-76.48706
20831,"Towson, MD",39.396458,-76.614815
33341,"Pasadena, MD",39.155815,-76.55288
41675,"Westminster, MD",39.575172,-76.99592
28948,"Owings Mills, MD",39.414845,-76.791824
44490,"Catonsville, MD",39.260994,-76.745544
45324,"Fort Washington, MD",38.737995,-77.00431
47210,"Potomac, MD",39.01805,-77.19563
4557,"Elkton, MD",39.606506,-75.83309
48531,"Windsor Mill, MD",39.332836,-76.75945
17654,"Cumberland, MD",39.65265,-78.76238
11340,"Essex, MD",39.30106,-76.44249
4375,"District Heights, MD",38.86221,-76.88152
39357,"Lanham Seabrook, MD",38.970913,-76.84944
25879,"Middle River, MD",39.341698,-76.427185
39089,"Hyattsville, MD",38.952946,-76.940865
396136,"Lutherville Timonium, MD",39.418495,-76.631584
8283,"Clinton, MD",38.752262,-76.89692
53642,"Nottingham, MD",39.363995,-76.45219
29211,"Odenton, MD",39.06578,-76.687614
35469,"Elkridge, MD",39.193863,-76.74209
47334,"Reisterstown, MD",39.45867,-76.818535
4167,"College Park, MD",38.980667,-76.93692
31912,"Halethorpe, MD",39.23983,-76.680244
16040,"Sykesville, MD",39.365993,-76.96887
20425,"Severn, MD",39.135468,-76.70062
43815,"Abingdon, MD",39.46368,-76.27271
19445,"Montgomery Village, MD",39.175285,-77.20712
54056,"Randallstown, MD",39.36907,-76.79587
55490,"Chillum, MD",38.96532,-76.98647
30411,"Beltsville, MD",39.039772,-76.927185
32970,"Mount Airy, MD",39.37659,-77.15491
49547,"Parkville, MD",39.386852,-76.550865
20764,"Temple Hills, MD",38.810505,-76.950005
16993,"Berlin, MD",38.324505,-75.21886
36733,"Severna Park, MD",39.08262,-76.57197
160335,"Lochearn, MD",39.34795,-76.72839
47942,"Takoma Park, MD",38.97789,-77.00748
396161,"Greater Landover, MD",38.934002,-76.89664
396091,"Chevy Chase, MD",38.98137,-77.08492
13032,"North Potomac, MD",39.09852,-77.23774
4974,"Greenbelt, MD",39.00461,-76.87569
16675,"Aberdeen, MD",39.512035,-76.16433
36864,"Crofton, MD",39.015953,-76.684204
48904,"Cockeysville, MD",39.483757,-76.62351
8150,"Arnold, MD",39.042294,-76.50406
35393,"Easton, MD",38.774464,-76.076324
5889,"Mechanicsville, MD",38.44191,-76.7474
157222,"Carney, MD",39.4061,-76.5285
6317,"Olney, MD",39.146988,-77.07222
12380,"Lexington Park, MD",38.249416,-76.447
21627,"Derwood, MD",39.1142,-77.149506
55727,"Edgewood, MD",39.42093,-76.29015
17271,"Camp Springs, MD",38.802082,-76.924194
51431,"Clarksburg, MD",39.219555,-77.26784
26843,"Rosedale, MD",39.329754,-76.507545
11262,"Edgewater, MD",38.93581,-76.55302
39304,"La Plata, MD",38.52603,-76.976654
12477,"Lusby, MD",38.361572,-76.44188
32228,"Jessup, MD",39.147003,-76.76992
5057,"Hanover, MD",39.192886,-76.72414
26492,"Pikesville, MD",39.385227,-76.708046
31589,"Forest Hill, MD",39.585106,-76.38774
38926,"Havre de Grace, MD",39.54883,-76.08983
37672,"Burtonsville, MD",39.10968,-76.9305
37706,"Cambridge, MD",38.57146,-76.07632
396094,"Suitland-Silver Hill, MD",38.850513,-76.92829
38864,"Hampstead, MD",39.602844,-76.853485
5547,"Langley Park, MD",38.992966,-76.98313
52707,"Joppa, MD",39.43372,-76.357735
39223,"Kensington, MD",39.02584,-77.07503
19663,"North East, MD",39.5993,-75.94242
25556,"Leonardtown, MD",38.291245,-76.635796
55732,"Gambrills, MD",39.096348,-76.65491
35562,"Huntingtown, MD",38.61293,-76.61753
31529,"Fallston, MD",39.534843,-76.422104
57127,"Brandywine, MD",38.693455,-76.88431
26465,"Perry Hall, MD",39.407307,-76.47965
158219,"East Riverdale, MD",38.95817,-76.90819
162295,"Rossville, MD",39.35476,-76.47655
21606,"Damascus, MD",39.26947,-77.19689
12950,"New Market, MD",39.38279,-77.27264
12711,"Middletown, MD",39.443756,-77.5454
9827,"California, MD",38.297485,-76.49336
44278,"Boyds, MD",39.18409,-77.31223
50650,"Adelphi, MD",38.998333,-76.97074
11951,"Hollywood, MD",38.338,-76.5601
14134,"Thurmont, MD",39.623608,-77.41154
6145,"New Carrollton, MD",38.969833,-76.879974
24093,"Clarksville, MD",39.206543,-76.94292
30865,"Chestertown, MD",39.209,-76.06661
13396,"Prince Frederick, MD",38.540607,-76.58351
47238,"Princess Anne, MD",38.202843,-75.692
28473,"Frostburg, MD",39.658333,-78.92842
44334,"Brooklyn Park, MD",39.219868,-76.61921
25242,"Indian Head, MD",38.599762,-77.16477
13073,"Oakland, MD",39.40991,-79.406265
14454,"Walkersville, MD",39.481766,-77.35077
157774,"Coral Hills, MD",38.87333,-76.92042
8679,"Finksburg, MD",39.49288,-76.88942
49974,"Taneytown, MD",39.65936,-77.17562
17295,"Capitol Heights, MD",38.88499,-76.913475
14868,"Centreville, MD",39.042057,-76.06744
48565,"Woodbine, MD",39.359943,-77.06208
53767,"Owings, MD",38.712494,-76.60497
7257,"Stevensville, MD",38.977764,-76.31894
26771,"Rising Sun, MD",39.698036,-76.06282
3751,"Boonsboro, MD",39.506927,-77.652214
160110,"Lake Arbor, MD",38.90634,-76.829056
55179,"White Plains, MD",38.591198,-76.941376
23725,"Bladensburg, MD",38.9393,-76.9338
12524,"Manchester, MD",39.665607,-76.87819
3305,"Accokeek, MD",38.662285,-76.991035
52620,"Ijamsville, MD",39.360382,-77.32276
26015,"Mount Rainier, MD",38.936485,-76.9597
36110,"Linthicum Heights, MD",39.20391,-76.659706
14969,"Denton, MD",38.88456,-75.827156
13880,"Smithsburg, MD",39.65482,-77.57277
30854,"Chesapeake Beach, MD",38.694107,-76.53379
51156,"Brookeville, MD",39.180305,-77.05845
47399,"Riverdale, MD",38.96151,-76.92965
21310,"Williamsport, MD",39.59936,-77.82153
24321,"Davidsonville, MD",38.92287,-76.62774
49038,"Edgemere, MD",39.22276,-76.46254
21370,"Woodlawn, MD",39.305435,-76.753914
38092,"Crownsville, MD",39.019733,-76.59027
17747,"Delmar, MD",38.455883,-75.5776
15867,"Lothian, MD",38.829727,-76.615944
36028,"Phoenix, MD",39.516388,-76.61778
9767,"Marriottsville, MD",39.350197,-76.89938
24883,"Glenn Dale, MD",38.983513,-76.798
21380,"Woodstock, MD",39.1856,-77.4328
36136,"Pocomoke City, MD",38.075684,-75.567986
42677,"Parkton, MD",39.640938,-76.659134
45002,"Dunkirk, MD",38.71225,-76.674644
775596,"Garrison, MD",39.40278,-76.74725
56980,"Jefferson, MD",39.36597,-77.54154
23863,"Bryans Road, MD",38.625374,-77.082085
38141,"Darnestown, MD",39.10322,-77.29181
34081,"Sparks Glencoe, MD",39.529564,-76.64581
18374,"Great Mills, MD",38.248222,-76.489174
45256,"Federalsburg, MD",38.694035,-75.77311
52593,"Hughesville, MD",38.53715,-76.78561
159159,"Halfway, MD",39.618042,-77.765366
38394,"Emmitsburg, MD",39.70454,-77.32693
4121,"Clear Spring, MD",39.65666,-77.929115
18217,"Fulton, MD",39.15153,-76.915504
163854,"Whitehall, MD",38.56123,-76.013275
56580,"Street, MD",39.668995,-76.3794
56076,"Monrovia, MD",39.356075,-77.2761
18737,"Jarrettsville, MD",39.6046,-76.47707
6571,"Port Deposit, MD",39.60291,-76.11322
162151,"Robinwood, MD",39.62709,-77.66736
43565,"Belcamp, MD",39.468624,-76.23491
30839,"Charlotte Hall, MD",38.47732,-76.78486
51174,"Brunswick, MD",39.313164,-77.62819
52470,"Hebron, MD",38.42007,-75.68772
42366,"Hurlock, MD",38.634686,-75.86373
34379,"Union Bridge, MD",39.568478,-77.18147
29073,"New Windsor, MD",39.542046,-77.10804
4085,"Cheverly, MD",38.928165,-76.91581
15875,"Monkton, MD",39.578716,-76.615524
32315,"Kingsville, MD",39.44777,-76.41913
56451,"Poolesville, MD",39.146088,-77.41666
163611,"Walker Mill, MD",38.872437,-76.881714
52888,"Landover Hills, MD",38.94317,-76.8922
16164,"Snow Hill, MD",38.177063,-75.39269
47069,"Perryville, MD",39.559418,-76.07323
41026,"Springdale, MD",38.933098,-76.83842
13751,"Seat Pleasant, MD",38.887997,-76.898766
18296,"Glenarden, MD",38.92928,-76.86164
47514,"Saint Leonard, MD",38.47429,-76.50634
11721,"Greensboro, MD",38.973797,-75.8053
57234,"Glen Arm, MD",39.45344,-76.49441
42192,"Fruitland, MD",38.322063,-75.6202
16681,"Adamstown, MD",39.308887,-77.466736
51529,"Conowingo, MD",39.693184,-76.26358
21262,"Westover, MD",38.124012,-75.706314
3513,"Baldwin, MD",39.49459,-76.470184
34813,"White Marsh, MD",39.383656,-76.451126
42640,"Myersville, MD",39.5051,-77.566376
33661,"Ridgely, MD",38.948067,-75.884865
28678,"Grasonville, MD",38.959396,-76.19722
5086,"Harwood, MD",39.320908,-76.61128
37854,"Chester, MD",38.970016,-76.27416
53818,"Parsonsburg, MD",38.392475,-75.47571
13084,"Ocean City, MD",38.334873,-75.08476
8809,"Pylesville, MD",39.687767,-76.38857
26960,"Sandy Spring, MD",39.14955,-77.026924
45528,"Grantsville, MD",39.699127,-79.15772
13390,"Preston, MD",38.712616,-75.909935
15431,"Hancock, MD",39.6994,-78.1821
11537,"Freeland, MD",39.704826,-76.68386
6186,"Newburg, MD",38.377346,-76.95331
49403,"Keedysville, MD",39.48627,-77.70054
26980,"Savage, MD",39.14974,-76.82321
35408,"Highland, MD",39.520935,-77.51804
396680,"Fountainhead-Orchard Hills, MD",39.686966,-77.71718
17770,"Dickerson, MD",39.220104,-77.42416
47520,"Saint Michaels, MD",38.786583,-76.22441
31112,"Crisfield, MD",37.984226,-75.852264
23686,"Berwyn Heights, MD",38.994,-76.91053
29451,"Sharpsburg, MD",39.4582,-77.74866
8214,"Darlington, MD",39.64444,-76.204285
35032,"Dayton, MD",39.239273,-76.98664
38297,"East New Market, MD",38.599213,-75.92462
44559,"Cheltenham, MD",38.735672,-76.82636
3843,"Broomes Island, MD",38.415997,-76.546135
55139,"Westernport, MD",39.485474,-79.044685
21224,"West Friendship, MD",39.30345,-76.95379
40698,"Saint James, MD",39.5626,-77.75805
396687,"Paramount-Long Meadow, MD",39.680176,-77.69023
27342,"Swanton, MD",39.458706,-79.231926
53966,"Port Republic, MD",38.500957,-76.529396
31775,"Glenwood, MD",39.28753,-77.0276
52768,"Keymar, MD",39.599545,-77.23693
9696,"Queenstown, MD",38.99067,-76.15773
20836,"Trappe, MD",38.65845,-76.058
43514,"Upperco, MD",39.562923,-76.83598
27325,"Sunderland, MD",38.67123,-76.598015
4454,"Earleville, MD",39.41539,-75.91744
21306,"Willards, MD",38.391228,-75.348526
3800,"Brentwood, MD",38.942966,-76.9558
24169,"Colora, MD",39.672054,-76.098564
7539,"University Park, MD",38.97039,-76.94192
24076,"Churchton, MD",38.802616,-76.5369
43451,"Pomfret, MD",38.569252,-77.03078
14026,"Sudlersville, MD",39.187054,-75.858826
40358,"Pittsville, MD",38.395443,-75.41308
44565,"Chesapeake City, MD",39.5271,-75.81248
47396,"Riva, MD",38.94458,-76.58822
33027,"Nanjemoy, MD",38.454845,-77.21693
37876,"Churchville, MD",39.559597,-76.25017
12743,"Millington, MD",39.258167,-75.83716
14624,"Whiteford, MD",39.708992,-76.34551
30891,"Church Hill, MD",39.14122,-75.9855
5683,"Lonaconing, MD",39.56592,-78.9803
28326,"Accident, MD",39.628952,-79.32085
49522,"Rock Hall, MD",39.138165,-76.234955
50038,"Warwick, MD",39.41678,-75.77827
51884,"Ellerslie, MD",39.715347,-78.77554
12865,"Mount Savage, MD",39.694187,-78.87434
45367,"Friendsville, MD",39.662342,-79.405045
11866,"Henderson, MD",39.074734,-75.76622
8343,"Cabin John, MD",38.97518,-77.15878
6310,"Oldtown, MD",39.545307,-78.61625
47639,"Shady Side, MD",38.831394,-76.51933
55712,"Galena, MD",39.3407,-75.87862
31369,"Edmonston, MD",38.947117,-76.93168
16543,"Eden, MD",38.28048,-75.65239
24217,"Cordova, MD",38.86887,-75.99752
51313,"Cecilton, MD",39.40421,-75.86765
55323,"Bishopville, MD",38.43801,-75.20559
14714,"Woodsboro, MD",39.533157,-77.314705
16474,"Morningside, MD",38.827957,-76.88781
27877,"West River, MD",38.85039,-76.59607
395420,"Park Hall, MD",39.4551,-77.64749
158422,"Fairplay, MD",39.53369,-77.749725
12178,"Kennedyville, MD",39.30219,-75.99514
31191,"Deale, MD",38.791878,-76.549286
21392,"Worton, MD",39.27263,-76.09576
48732,"Ashton, MD",39.149273,-77.012474
28374,"Colmar Manor, MD",38.931503,-76.95026
31575,"Flintstone, MD",39.703506,-78.57624
40475,"Quantico, MD",38.37602,-75.75561
31261,"Dowell, MD",38.346237,-76.45884
22373,"Mc Henry, MD",39.28388,-76.65682
8704,"Drayden, MD",38.178738,-76.48162
35849,"Rawlings, MD",39.540318,-78.88686
47496,"Sabillasville, MD",39.696793,-77.45187
33141,"North Beach, MD",38.70488,-76.53317
51984,"Fairmount Heights, MD",38.90116,-76.9117
17389,"Chaptico, MD",38.36802,-76.7819
41267,"Tracys Landing, MD",38.780117,-76.595795
396177,"Wilson-Conococheague, MD",39.65067,-77.82645
57243,"Forest Heights, MD",38.81523,-76.99859
36636,"Hydes, MD",39.483997,-76.4933
32849,"Midland, MD",39.589714,-78.950516
36780,"Barton, MD",39.530647,-79.017525
15690,"Rohrersville, MD",39.434628,-77.66371
7812,"Welcome, MD",46.30748,28.65724
48555,"Wittman, MD",38.793728,-76.29411
21270,"Whaleyville, MD",38.393654,-75.29888
157547,"Chevy Chase View, MD",39.019333,-77.081055
4910,"Glenelg, MD",39.26444,-76.989914
28950,"Oxford, MD",38.68651,-76.17161
31065,"Cottage City, MD",38.9382,-76.95183
18317,"Goldsboro, MD",39.033806,-75.78674
9973,"Vienna, MD",38.48484,-75.82465
35272,"Cobb Island, MD",38.265026,-76.84933
8958,"Marydel, MD",39.112892,-75.745766
47741,"Solomons, MD",38.335037,-76.46257
17447,"Church Creek, MD",38.502163,-76.15209
6659,"Queen Anne, MD",38.903427,-76.69355
15070,"Callaway, MD",38.231113,-76.52281
6854,"Royal Oak, MD",38.742268,-76.177795
20221,"Rocky Ridge, MD",39.6051,-77.31748
14930,"Avenue, MD",38.25624,-76.767746
23190,"Bushwood, MD",38.296516,-76.77914
37913,"Clements, MD",38.326237,-76.72719
22374,"Newark, MD",38.270897,-75.27258
55739,"Garrett Park, MD",39.034275,-77.095146
160331,"Loch Lynn Heights, MD",39.393726,-79.37246
32456,"Laytonsville, MD",39.20879,-77.14134
53197,"Maugansville, MD",39.69887,-77.74641
53596,"North Brentwood, MD",38.944504,-76.95187
17210,"Bryantown, MD",38.54781,-76.844246
7380,"Taylors Island, MD",38.474396,-76.31587
52023,"Fishing Creek, MD",38.335934,-76.22908
10399,"Big Pool, MD",39.624687,-78.01603
23976,"Cascade, MD",48.09336,27.158335
7770,"Washington Grove, MD",39.14047,-77.17595
56845,"Saint Inigoes, MD",38.152905,-76.423004
37975,"Coltons Point, MD",38.224575,-76.753296
19509,"Mountain Lake Park, MD",39.398464,-79.38232
36292,"Scotland, MD",38.089016,-76.36189
28093,"Cooksville, MD",39.320103,-77.02054
43519,"Valley Lee, MD",38.19381,-76.51407
52204,"Gibson Island, MD",39.078167,-76.43191
4822,"Friendship, MD",38.737625,-76.58262
49693,"Piney Point, MD",38.14944,-76.521355
47944,"Tall Timbers, MD",38.162594,-76.53631
30396,"Bel Alton, MD",38.464012,-76.98275
44023,"Barclay, MD",39.144405,-75.8643
55234,"Wingate, MD",38.282066,-76.08189
48007,"Toddville, MD",38.299843,-76.070496
56547,"Stockton, MD",38.066074,-75.41529
44851,"Dameron, MD",38.152348,-76.36939
7512,"Tyaskin, MD",38.319275,-75.87383
9101,"Little Orleans, MD",39.628838,-78.39382
13951,"Spencerville, MD",39.119564,-76.98317
21566,"Bozman, MD",38.77012,-76.27106
16545,"Faulkner, MD",38.439014,-76.97831
39624,"Marbury, MD",38.572807,-77.15684
34926,"Wye Mills, MD",38.941223,-76.0805
39126,"Issue, MD",38.292137,-76.879616
160909,"Mount Aetna, MD",39.59925,-77.6136
32734,"Massey, MD",39.309834,-75.82521
17167,"Brinklow, MD",39.16594,-77.01553
28490,"Kitzmiller, MD",39.386868,-79.18222
54696,"Tilghman, MD",38.368893,-75.59063
10386,"Betterton, MD",39.365944,-76.06217
33468,"Point of Rocks, MD",39.27737,-77.530525
24334,"Deal Island, MD",38.148033,-75.94677
18283,"Girdletree, MD",38.098625,-75.40077
33658,"Ridge, MD",38.119293,-76.37384
18221,"Funkstown, MD",39.609238,-77.70667
9821,"Nanticoke, MD",38.26644,-75.894035
160237,"Leitersburg, MD",39.693413,-77.6173
48644,"Bivalve, MD",38.304123,-75.88561
13800,"Sharptown, MD",38.542614,-75.719376
48578,"Woolford, MD",38.50331,-76.17584
25824,"McDaniel, MD",38.817616,-76.27801
36385,"Sherwood, MD",38.761505,-76.31884
37004,"Charlestown, MD",39.573727,-75.974945
32635,"Madison, MD",38.52073,-76.20546
43492,"Still Pond, MD",39.325462,-76.04131
31758,"Glen Echo, MD",38.969395,-77.14209
24635,"Ewell, MD",37.995678,-76.03327
44886,"Deer Park, MD",39.42396,-79.32576
30115,"Abell, MD",39.32595,-76.61148
162280,"Rosemont, MD",39.32927,-77.62249
12558,"Mardela Springs, MD",38.45984,-75.7591
10000,"Bloomington, MD",39.480007,-79.07523
9559,"Galesville, MD",38.83715,-76.55214
4769,"Fort Howard, MD",39.207333,-76.44496
40415,"Portland, ME",43.65736,-70.25866
52952,"Lewiston, ME",44.09907,-70.21771
3528,"Bangor, ME",44.801624,-68.77133
47771,"South Portland, ME",43.638245,-70.25292
37218,"Auburn, ME",44.09654,-70.224945
10393,"Biddeford, ME",43.492584,-70.453384
395594,"Brunswick, ME",43.916653,-69.96594
395844,"Scarborough, ME",43.590164,-70.3345
55135,"Westbrook, ME",43.676304,-70.36639
54257,"Saco, ME",43.500755,-70.44295
16840,"Augusta, ME",44.315884,-69.7739
21335,"Windham, ME",43.789417,-70.40834
396116,"Sanford, ME",43.438717,-70.77462
396106,"Gorham, ME",43.679733,-70.44296
41580,"Waterville, ME",44.55058,-69.63032
399223,"York, ME",43.42293,-70.65466
395848,"Orono, ME",44.883606,-68.67279
396111,"Kennebunk, ME",43.38409,-70.54527
35607,"Falmouth, ME",43.729527,-70.242
48392,"Wells, ME",43.32205,-70.58074
396778,"Kittery, ME",43.088448,-70.73685
34112,"Standish, ME",43.735878,-70.55145
3801,"Brewer, ME",44.796795,-68.76215
396140,"Topsham, ME",43.92474,-69.96355
15500,"Presque Isle, ME",46.68122,-68.01546
37299,"Bath, ME",43.913364,-69.81403
396934,"Skowhegan, ME",44.765076,-69.71938
38367,"Ellsworth, ME",44.54146,-68.42436
33236,"Old Orchard Beach, ME",43.507557,-70.356155
50346,"Buxton, ME",43.612404,-70.54088
396746,"Freeport, ME",43.857307,-70.10376
50211,"Gray, ME",43.886093,-70.33036
396142,"Berwick, ME",43.2663,-70.864586
55241,"Winslow, ME",44.53824,-69.628716
396752,"Yarmouth, ME",43.800915,-70.18758
399130,"Hampden, ME",44.744514,-68.83698
36435,"Waterboro, ME",43.53598,-70.7146
44443,"Caribou, ME",46.86063,-68.01168
40965,"South Berwick, ME",43.23448,-70.80894
396916,"Farmington, ME",44.671093,-70.151825
6306,"Old Town, ME",44.93531,-68.646095
37741,"Cape Elizabeth, ME",43.593143,-70.228935
44819,"Cumberland, ME",43.850643,-70.40015
9797,"Belfast, ME",44.426174,-69.00652
397371,"Eliot, ME",43.108128,-70.77763
26808,"Rockland, ME",44.10483,-69.109184
396766,"Fairfield, ME",44.588512,-69.599075
30106,"Hermon, ME",44.810093,-68.91154
396769,"Oakland, ME",44.54771,-69.71605
12350,"Lebanon, ME",43.414608,-70.91788
396765,"Winthrop, ME",44.30518,-69.97742
396913,"Houlton, ME",46.12513,-67.8408
24834,"Gardiner, ME",44.229668,-69.77314
16185,"Turner, ME",44.256554,-70.256195
13352,"Poland, ME",44.061634,-70.39447
25608,"Lisbon, ME",43.996693,-70.06061
396756,"Rumford, ME",44.546005,-70.545845
12941,"New Gloucester, ME",43.96325,-70.28143
396740,"Bridgton, ME",44.054382,-70.70887
396137,"Norway, ME",44.214203,-70.54527
395749,"Harpswell, ME",43.79955,-69.98767
396758,"Bucksport, ME",44.57187,-68.79421
33783,"Sabattus, ME",44.119797,-70.10755
396771,"North Berwick, ME",43.30384,-70.733025
396915,"Lincoln, ME",44.113758,-69.53513
48334,"Warren, ME",44.12062,-69.24065
396135,"Camden, ME",44.210266,-69.06555
398689,"Waldoboro, ME",44.09536,-69.37578
395447,"Madison, ME",44.797752,-69.87978
398642,"Hollis, ME",43.604294,-70.59188
12109,"Jay, ME",44.480965,-70.19848
49146,"Glenburn, ME",44.91072,-68.84714
43198,"Sidney, ME",44.446526,-69.740524
49498,"Raymond, ME",43.90185,-70.47043
15528,"Lyman, ME",43.49602,-70.598145
21051,"Vassalboro, ME",44.459526,-69.6779
10814,"China Village, ME",43.920815,-70.35565
45556,"Greene, ME",44.189793,-70.14033
397765,"Arundel, ME",43.382587,-70.47783
398236,"Oxford, ME",44.46945,-70.77824
396907,"Millinocket, ME",45.656506,-68.70914
395837,"Dover-Foxcroft, ME",45.18349,-69.2276
395818,"Fort Kent, ME",47.255905,-68.59046
56036,"Durham, ME",43.97506,-70.12389
53378,"Monmouth, ME",44.238804,-70.03578
19846,"Paris, ME",44.26146,-70.50098
50431,"North Yarmouth, ME",43.828938,-70.24875
6115,"Naples, ME",43.969456,-70.60507
52970,"Limington, ME",43.731743,-70.71089
395828,"Madawaska, ME",47.284058,-68.23596
396927,"Clinton, ME",44.63714,-69.50281
396134,"Wilton, ME",44.58729,-70.23124
395849,"Pittsfield, ME",44.783085,-69.38205
56403,"Lisbon Falls, ME",43.996075,-70.06089
396925,"Dexter, ME",45.024147,-69.29
6348,"Orrington, ME",44.731182,-68.82642
397072,"Winterport, ME",44.638004,-68.845276
398340,"Wiscasset, ME",44.002483,-69.66477
34740,"West Gardiner, ME",44.227535,-69.87685
49721,"Litchfield, ME",44.154438,-69.94655
3997,"Casco, ME",44.00608,-70.52253
22461,"Limerick, ME",43.68847,-70.79486
396143,"Richmond, ME",44.087875,-69.80106
396744,"Fryeburg, ME",44.01654,-70.98108
23594,"Bar Harbor, ME",44.387638,-68.20434
397506,"Fort Fairfield, ME",46.771255,-67.829956
33713,"Rockport, ME",44.18752,-69.07293
395781,"Norridgewock, ME",44.713074,-69.79065
396105,"Kennebunkport, ME",43.3615,-70.47711
45777,"Holden, ME",44.75285,-68.678925
23657,"Belgrade, ME",44.447506,-69.83322
395686,"Bowdoin, ME",44.0365,-69.97208
396933,"Newport, ME",44.835342,-69.27393
25919,"Minot, ME",44.086105,-70.32074
397946,"Livermore Falls, ME",44.47243,-70.18955
16024,"Woolwich, ME",43.917004,-69.80152
37084,"Alfred, ME",43.47665,-70.71684
395850,"Milford, ME",44.943466,-68.64302
10504,"Bowdoinham, ME",44.00989,-69.896935
396759,"Farmingdale, ME",44.258965,-69.77632
46234,"Levant, ME",44.869495,-68.93509
54380,"Shapleigh, ME",43.54065,-70.84743
397885,"Corinth, ME",45.003742,-69.023445
272631,"Pittston, ME",44.22321,-69.75831
51225,"Calais, ME",45.18902,-67.27814
55330,"Carmel, ME",44.79757,-69.051155
23064,"Blue Hill, ME",44.41303,-68.58806
395916,"Mechanic Falls, ME",44.111748,-70.39215
10792,"Chelsea, ME",44.250313,-69.71708
16404,"Union, ME",44.211735,-69.27442
3819,"Bristol, ME",43.957275,-69.50912
50298,"Benton, ME",44.586178,-69.55088
395930,"Thomaston, ME",44.078964,-69.18319
30122,"Acton, ME",43.53461,-70.90988
21338,"Windsor, ME",44.310627,-69.5806
20113,"Readfield, ME",44.387844,-69.96672
57059,"Canaan, ME",44.76306,-69.559654
397823,"Anson, ME",44.798405,-69.88953
23868,"Buckfield, ME",44.289944,-70.36537
15414,"Jefferson, ME",44.201023,-69.45641
45620,"Hallowell, ME",44.285625,-69.79028
45075,"Eddington, ME",44.826183,-68.69337
35518,"Leeds, ME",44.303703,-70.11955
29695,"Manchester, ME",44.324512,-69.86033
37501,"Boothbay, ME",43.876266,-69.63407
7919,"Whitefield, ME",44.170074,-69.62532
25047,"Harrison, ME",44.11076,-70.679855
30444,"Bethel, ME",44.405933,-70.79007
46973,"Palmyra, ME",44.84662,-69.35875
398792,"Damariscotta, ME",44.032753,-69.531525
398229,"Dayton, ME",43.54434,-70.59178
20614,"Springvale, ME",43.46521,-70.79671
396753,"Mexico, ME",23.658512,-102.00771
22879,"West Bath, ME",43.9094,-69.86566
45638,"Hancock, ME",44.71354,-68.29948
396932,"Machias, ME",44.71436,-67.45827
32507,"Lincolnville, ME",44.28119,-69.008644
395438,"Searsport, ME",44.45867,-68.925316
398485,"Unity, ME",44.61127,-69.33443
53759,"Otisfield, ME",44.091354,-70.5353
396751,"Dixfield, ME",44.531265,-70.45696
21237,"West Paris, ME",44.32434,-70.57411
34988,"Corinna, ME",44.921543,-69.26193
6344,"Orland, ME",44.57035,-68.73586
396926,"Milo, ME",45.25344,-68.98612
397723,"Dresden, ME",44.107605,-69.72445
39465,"Livermore, ME",44.38424,-70.24933
42083,"Albion, ME",44.532738,-69.44321
54354,"Sebago, ME",43.89152,-70.69861
399007,"St Albans, ME",44.91006,-69.41005
395697,"Deer Isle, ME",44.224045,-68.6776
47916,"Surry, ME",44.49591,-68.501686
7466,"Trenton, ME",44.439175,-68.37067
4320,"Dedham, ME",44.69174,-68.66197
14448,"Wales, ME",44.183567,-70.065445
40002,"Newcastle, ME",44.03496,-69.53693
397706,"St George, ME",44.01647,-69.19894
7269,"Stockton Springs, ME",44.48952,-68.85698
19487,"Mount Desert, ME",44.293747,-68.28907
10953,"Cornish, ME",43.804802,-70.80139
5210,"Hope, ME",44.26536,-69.158936
43052,"Veazie, ME",44.83893,-68.704666
36012,"Newfield, ME",43.64814,-70.8467
15651,"Parsonsfield, ME",43.806522,-70.8869
395589,"Hiram, ME",43.878716,-70.803185
23855,"Brownfield, ME",43.93845,-70.909195
44284,"Bradley, ME",44.91429,-68.630066
41569,"Washington, ME",44.97444,-67.62875
396902,"Limestone, ME",46.91118,-67.82568
397361,"Lamoine, ME",44.501125,-68.3471
20099,"Randolph, ME",44.230625,-69.766884
13262,"Peru, ME",44.50679,-70.40588
396905,"Van Buren, ME",47.156284,-67.934204
396906,"East Millinocket, ME",45.62703,-68.57452
28118,"Cornville, ME",44.836727,-69.6731
53989,"Pownal, ME",43.892258,-70.18352
398817,"Mt Vernon, ME",44.50091,-69.98772
395706,"Newburgh, ME",44.721447,-69.002335
50531,"Nobleboro, ME",44.07951,-69.48508
398771,"Hartland, ME",44.88318,-69.44766
31638,"Franklin, ME",44.916813,-70.43958
43918,"Appleton, ME",44.28945,-69.250946
28575,"Enfield, ME",45.248756,-68.56589
40410,"Porter, ME",43.80919,-70.88889
396911,"Greenville, ME",45.458954,-69.59168
4501,"Easton, ME",46.641155,-67.90947
5392,"Kenduskeag, ME",44.920082,-68.931656
398888,"Boothbay Harbor, ME",43.851654,-69.62806
48341,"Washburn, ME",46.790283,-68.15673
46961,"Palermo, ME",44.40804,-69.472855
34273,"Thorndike, ME",44.578423,-69.277306
31146,"Cushing, ME",44.019485,-69.23996
15680,"New Sharon, ME",44.63895,-70.01562
53879,"Phippsburg, ME",43.820637,-69.814766
33392,"Perry, ME",44.97287,-67.07477
4081,"Chesterville, ME",44.55149,-70.08635
56653,"Searsmont, ME",44.36174,-69.19504
39615,"Mapleton, ME",46.68178,-68.16174
35611,"Greenbush, ME",45.08034,-68.65086
47566,"Sangerville, ME",45.164654,-69.35752
51800,"East Machias, ME",44.739243,-67.38999
18085,"Fayette, ME",44.40926,-70.03372
41061,"Stetson, ME",44.89173,-69.14282
51848,"Edgecomb, ME",43.95867,-69.63043
25658,"Lovell, ME",44.12703,-70.89203
24787,"Frankfort, ME",44.608845,-68.8746
35394,"Eastport, ME",44.90504,-66.984634
20413,"Sedgwick, ME",44.303688,-68.616135
34673,"Waterford, ME",44.181606,-70.71694
47849,"Steuben, ME",44.510635,-67.96528
40988,"South Thomaston, ME",44.05147,-69.12782
17787,"Dixmont, ME",44.680725,-69.16318
16251,"Friendship, ME",43.98392,-69.33403
52704,"Jonesport, ME",44.533226,-67.59888
13941,"Southwest Harbor, ME",44.279755,-68.325905
51356,"Charleston, ME",45.08506,-69.040596
5230,"Hudson, ME",45.00118,-68.88059
53938,"Plymouth, ME",44.76729,-69.21033
52265,"Gouldsboro, ME",44.40862,-68.02627
14981,"Brooks, ME",44.550358,-69.12117
43037,"Sullivan, ME",44.520355,-68.19668
19901,"Penobscot, ME",45.29302,-68.59578
397152,"Industry, ME",44.716072,-70.081505
35554,"Etna, ME",44.81602,-69.11683
397655,"Woodstock, ME",44.3784,-70.64587
397273,"Exeter, ME",44.970146,-69.14113
398729,"Montville, ME",44.446545,-69.2463
41148,"Swanville, ME",44.521374,-68.998314
9554,"Milbridge, ME",44.535355,-67.88117
20576,"South Paris, ME",44.223633,-70.51283
46868,"Ogunquit, ME",43.248974,-70.59922
49712,"Northport, ME",44.337856,-68.961426
22248,"Owls Head, ME",44.082348,-69.0571
13577,"Rome, ME",44.585087,-69.86961
55309,"Canton, ME",44.440643,-70.31593
55442,"Denmark, ME",43.970726,-70.80353
45672,"Hartford, ME",44.37295,-70.34683
395644,"Guilford, ME",45.167446,-69.3856
7313,"Sumner, ME",44.39209,-70.43884
50081,"Wayne, ME",44.34868,-70.06616
46333,"Lubec, ME",44.86117,-66.9835
25697,"Machiasport, ME",44.69892,-67.39494
9836,"Clifton, ME",44.816917,-68.51143
397603,"Belmont, ME",44.39785,-69.13022
13440,"Rangeley, ME",44.96533,-70.64303
41290,"Troy, ME",44.66479,-69.24088
20692,"Strong, ME",44.80756,-70.22064
7136,"South Bristol, ME",43.86392,-69.55882
33373,"Pembroke, ME",44.95369,-67.16193
28530,"Georgetown, ME",43.800488,-69.75675
9460,"Smithfield, ME",44.629917,-69.82769
47669,"Sherman, ME",45.87278,-68.386604
53380,"Monroe, ME",44.6154,-69.01817
35266,"Burnham, ME",44.692844,-69.42754
20673,"Stonington, ME",44.156593,-68.6673
398219,"Westport, ME",43.896564,-69.70899
57269,"Harmony, ME",44.97403,-69.5462
47240,"Princeton, ME",45.224686,-67.57588
18834,"Kingfield, ME",44.959454,-70.15457
43709,"Morrill, ME",44.44313,-69.14921
7128,"Somerville, ME",44.3096,-69.48921
36613,"Harrington, ME",44.61931,-67.81036
28239,"Cherryfield, ME",44.6073,-67.925835
50003,"Temple, ME",44.68506,-70.226456
45152,"Embden, ME",44.918114,-69.86672
27145,"Solon, ME",44.9495,-69.85839
3320,"Addison, ME",44.61882,-67.744446
8241,"Detroit, ME",44.793045,-69.29695
19010,"Liberty, ME",44.392742,-69.30746
35517,"Lee, ME",45.360348,-68.286896
27014,"Sebec, ME",45.271442,-69.11671
9870,"Oakfield, ME",46.09894,-68.150024
398882,"Otis, ME",44.712296,-68.452805
27826,"Weld, ME",44.69892,-70.42168
398289,"Abbot, ME",45.186146,-69.452415
51163,"Brooksville, ME",44.34693,-68.68378
4995,"Greenwood, ME",44.318443,-70.65102
52120,"Freedom, ME",44.53078,-69.298325
13273,"Phillips, ME",44.823112,-70.33951
395650,"Verona, ME",25.73076,-100.21981
398968,"Carrabassett Valley, ME",45.07824,-70.21148
3853,"Brownville, ME",45.306435,-69.03598
54641,"Sweden, ME",44.133434,-70.82268
5299,"Island Falls, ME",46.009033,-68.27132
30992,"Columbia, ME",44.64222,-67.763626
12801,"Monson, ME",45.28745,-69.50157
395838,"Howland, ME",45.242077,-68.65672
56240,"Patten, ME",45.996067,-68.44735
398339,"Mt Chase Plantation, ME",46.12498,-68.39325
53605,"North Haven, ME",44.127632,-68.87267
39631,"Mariaville, ME",44.720627,-68.41558
51126,"Bremen, ME",44.038116,-69.41486
50273,"Jackman, ME",45.623764,-70.25398
54982,"Vinalhaven, ME",44.048138,-68.831696
18766,"Jonesboro, ME",44.66258,-67.572495
36849,"Eagle Lake, ME",47.04013,-68.59627
47002,"Parkman, ME",45.133667,-69.433105
11021,"Cutler, ME",44.657364,-67.20383
4176,"Columbia Falls, ME",44.65378,-67.72737
53550,"New Portland, ME",44.884224,-70.09673
51160,"Brooklin, ME",44.266136,-68.56906
4065,"Chebeague Island, ME",43.74028,-70.107605
40996,"Southport, ME",43.823284,-69.67696
29049,"New Sweden, ME",46.941826,-68.12073
166077,"Tremont, ME",44.253693,-68.35141
47202,"Portage, ME",44.03775,-70.982895
34881,"Winter Harbor, ME",44.394875,-68.08411
14593,"Weston, ME",45.733505,-67.87834
395653,"Newry, ME",44.48769,-70.78766
28897,"Orient, ME",45.817,-67.84001
3398,"Amherst, ME",44.832428,-68.364075
54460,"Sorrento, ME",44.47341,-68.17723
11243,"Eastbrook, ME",44.678684,-68.264465
39123,"Islesboro, ME",44.30841,-68.903366
34852,"Willimantic, ME",45.306717,-69.40839
40088,"Northfield, ME",44.828964,-67.57055
49655,"Meddybemps, ME",45.038597,-67.35649
42903,"Long Island, ME",43.690987,-70.16533
29444,"Woodland, ME",46.875107,-68.103966
17762,"Detroit, MI",42.33155,-83.04664
11671,"Grand Rapids, MI",42.96324,-85.66786
8097,"Ann Arbor, MI",42.281372,-83.74846
398300,"Lansing, MI",42.733826,-84.55463
21159,"Warren, MI",41.81196,-79.26544
397180,"Kalamazoo, MI",42.291706,-85.58723
47847,"Sterling Heights, MI",42.58031,-83.030205
398007,"Flint, MI",43.01617,-83.69002
54263,"Saginaw, MI",43.42004,-83.949036
24336,"Dearborn, MI",42.322258,-83.176315
45911,"Jackson, MI",32.29987,-90.183044
37933,"Clinton Township, MI",42.05549,-83.94789
10700,"Canton, MI",40.798546,-81.374954
32542,"Livonia, MI",42.36837,-83.35271
397329,"Holland, MI",42.7876,-86.109085
53100,"Macomb, MI",42.674118,-82.9029
7476,"Troy, MI",42.60559,-83.14993
7883,"Westland, MI",42.323807,-83.400536
37303,"Battle Creek, MI",42.319256,-85.18243
45243,"Farmington Hills, MI",42.485313,-83.37715
40868,"Shelby Township, MI",43.59745,-86.33795
54179,"Rochester Hills, MI",42.658367,-83.14993
27195,"Southfield, MI",42.47337,-83.22187
41271,"Traverse City, MI",44.760647,-85.6166
8043,"Ypsilanti, MI",42.24105,-83.61176
41574,"Waterford, MI",41.343025,-72.12905
34725,"West Bloomfield, MI",42.905895,-77.53916
399216,"Midland, MI",31.83688,-102.010376
7378,"Taylor, MI",32.279312,-99.88126
44878,"Dearborn Heights, MI",42.336983,-83.27326
52587,"Howell, MI",36.76699,-91.9152
6562,"Pontiac, MI",42.63892,-83.291046
26225,"Novi, MI",42.48059,-83.475494
6855,"Royal Oak, MI",42.48948,-83.144646
14730,"Wyoming, MI",43.170025,-107.568535
399297,"Muskegon, MI",43.23418,-86.24839
25383,"Kentwood, MI",42.869473,-85.64475
398881,"Grand Blanc, MI",42.92753,-83.62995
39834,"Monroe, MI",41.915337,-83.513565
6884,"Saint Clair Shores, MI",42.496964,-82.8891
38289,"East Lansing, MI",42.73203,-84.47217
37576,"Brighton, MI",39.983723,-104.81108
26713,"Redford, MI",44.609016,-73.80504
13370,"Portage, MI",41.149677,-81.2082
3701,"Bloomfield Hills, MI",42.583645,-83.24549
20245,"Roseville, MI",42.497257,-82.93714
395625,"Clarkston, MI",42.735863,-83.41883
6251,"Northville, MI",42.43108,-83.48323
24063,"Chesterfield, MI",38.661953,-90.56432
46642,"Mount Pleasant, MI",43.597645,-84.766846
398269,"Fenton, MI",38.5132,-90.440056
15805,"Lincoln Park, MI",42.250595,-83.178535
32105,"Hudsonville, MI",42.870888,-85.865234
54190,"Rockford, MI",42.271393,-89.09396
396716,"Plymouth, MI",42.73691,-96.22136
33492,"Port Huron, MI",42.976086,-82.43337
27181,"South Lyon, MI",42.451378,-83.65918
12985,"Niles, MI",42.02893,-87.81223
17546,"Commerce Township, MI",42.591145,-83.49077
40176,"Orion, MI",41.353844,-90.381424
11246,"Eastpointe, MI",42.46837,-82.955475
51663,"Davison, MI",43.666046,-98.13831
37306,"Bay City, MI",43.59621,-83.88817
397018,"Grand Haven, MI",43.063072,-86.228386
49559,"Marquette, MI",46.44815,-87.63059
10581,"Brownstown, MI",38.995876,-88.95284
21281,"White Lake, MI",45.157192,-88.76455
398437,"Zeeland, MI",42.812336,-86.016525
12313,"Lapeer, MI",43.090477,-83.23337
16309,"Southgate, MI",42.20371,-83.20676
26241,"Oak Park, MI",41.887814,-87.788765
37385,"Benton Harbor, MI",42.116707,-86.45419
49477,"Madison Heights, MI",42.48587,-83.1052
52291,"Grandville, MI",42.9096,-85.76309
16724,"Allen Park, MI",42.259506,-83.21077
5339,"Jenison, MI",42.90669,-85.82013
6294,"Okemos, MI",42.714558,-84.41276
6368,"Owosso, MI",42.997597,-84.17205
399288,"Allendale, MI",42.990322,-85.952965
31931,"Hamtramck, MI",42.392815,-83.049644
38645,"Garden City, MI",37.97169,-100.872665
399108,"Adrian, MI",41.897514,-84.03731
3905,"Burton, MI",42.989735,-83.63351
44395,"Byron Center, MI",42.814312,-85.727905
50049,"Washington, MI",38.89504,-77.036545
396968,"Flushing, MI",40.76543,-73.81743
39109,"Inkster, MI",42.294205,-83.30993
50009,"Walker, MI",30.679575,-95.552284
54201,"Romulus, MI",42.22226,-83.3966
48589,"Wyandotte, MI",39.109047,-94.767624
37951,"Coldwater, MI",41.94109,-85.00306
43983,"Auburn Hills, MI",42.68753,-83.2341
39787,"Milford, MI",41.22222,-73.05706
395893,"Dewitt, MI",29.093132,-97.31585
33825,"Saline, MI",39.125618,-93.230064
46821,"Norton Shores, MI",43.168903,-86.26395
34247,"Temperance, MI",41.779373,-83.56894
25779,"Mason, MI",30.705029,-99.22333
396721,"Oxford, MI",34.36638,-89.51877
21554,"Charlotte, MI",35.227207,-80.84309
17035,"Birmingham, MI",33.520683,-86.80243
23353,"Wixom, MI",42.52469,-83.53636
52641,"Ionia, MI",42.946968,-85.071396
16730,"Alpena, MI",45.017616,-83.667
38903,"Harrison Township, MI",40.629757,-79.71635
19723,"Oakland, MI",37.804455,-122.271355
11947,"Holly, MI",42.791973,-83.62772
43724,"Pinckney, MI",43.834187,-75.78063
31714,"Gaylord, MI",45.02751,-84.67475
32065,"Holt, MI",40.098957,-95.213455
57229,"Ferndale, MI",42.46059,-83.13465
16721,"Allegan, MI",42.58672,-85.88615
20696,"Sturgis, MI",44.41448,-103.50914
395992,"Caledonia, MI",43.635048,-91.49638
9447,"Trenton, MI",40.220306,-74.7659
20307,"Saint Johns, MI",29.903229,-81.41454
30805,"Cedar Springs, MI",43.22336,-85.55142
11725,"Greenville, MI",34.851353,-82.39849
38756,"Grand Ledge, MI",42.75244,-84.74636
50031,"Three Rivers, MI",28.464762,-98.18098
23008,"Saint Joseph, MI",39.768604,-94.846634
7798,"Wayne, MI",42.26824,-83.28442
14063,"Swartz Creek, MI",42.957253,-83.83051
47581,"Sault Sainte Marie, MI",46.497673,-84.34766
43822,"Ada, MI",43.413654,-116.23674
39538,"Ludington, MI",43.95554,-86.44774
395464,"Lowell, MI",42.641445,-71.30853
28653,"Huron, MI",43.838573,-83.0222
18404,"Grosse Pointe Woods, MI",42.44356,-82.90695
42264,"Gladwin, MI",43.974777,-84.38732
25118,"Highland, MI",39.180252,-83.63043
4508,"Eaton Rapids, MI",42.509205,-84.655815
52096,"Fowlerville, MI",42.66059,-84.07301
397680,"Gaines, MI",32.704494,-102.622055
397680,"Gaines, MI",32.704494,-102.622055
51713,"Dexter, MI",41.51656,-94.22824
36022,"Petoskey, MI",45.373344,-84.95533
168163,"Northview, MI",37.286713,-92.99657
19486,"Mount Clemens, MI",42.597256,-82.877975
37392,"Berkley, MI",42.50309,-83.18354
31988,"Hazel Park, MI",42.462013,-83.10357
38899,"Harper Woods, MI",42.43334,-82.92388
34189,"Superior, MI",46.72077,-92.10408
27939,"Whitmore Lake, MI",42.43948,-83.74383
31648,"Fraser, MI",42.126488,-93.96855
19356,"Middleville, MI",43.138824,-74.9683
47030,"Paw Paw, MI",42.217815,-85.89112
31653,"Freeland, MI",43.52503,-84.12276
28511,"Hillsdale, MI",41.87791,-84.59844
25763,"Marshall, MI",41.032455,-89.29984
4287,"Cutlerville, MI",42.8431,-85.673904
57088,"Chelsea, MI",40.74649,-74.001526
18006,"Escanaba, MI",45.74557,-87.06474
27222,"Spring Lake, MI",40.153515,-74.029396
44969,"Dowagiac, MI",41.982468,-86.10888
37097,"Alma, MI",43.37892,-84.65973
12532,"Manistee, MI",44.330803,-86.02621
35739,"Harrison, MI",32.523396,-94.39822
52064,"Fort Gratiot, MI",42.995464,-82.42791
398510,"Vienna, MI",38.901375,-77.265175
51368,"Cheboygan, MI",45.44175,-84.47685
47415,"Rochester, MI",43.157284,-77.61521
397465,"Bangor Township, MI",42.269226,-86.166214
57320,"Woodhaven, MI",42.13705,-83.24511
397261,"Big Rapids, MI",43.69808,-85.48366
21714,"Cadillac, MI",44.251953,-85.40116
26331,"Ortonville, MI",45.304688,-96.44478
40976,"South Haven, MI",42.403088,-86.27364
9504,"Saint Clair, MI",38.461697,-89.932434
12071,"Ishpeming, MI",46.48855,-87.66763
5900,"Melvindale, MI",42.28254,-83.1752
22920,"Sparta, MI",33.2757,-82.97626
10322,"Belding, MI",43.09781,-85.228905
40584,"Riverview, MI",38.74783,-90.2115
56312,"Newport, MI",41.489983,-71.313774
45680,"Haslett, MI",42.750446,-84.402695
6139,"New Baltimore, MI",39.26478,-84.66745
43549,"Wayland, MI",42.363205,-71.36067
9316,"Vicksburg, MI",32.352806,-90.87773
33069,"New Haven, MI",41.308212,-72.92505
16062,"Tecumseh, MI",42.003933,-83.94494
21462,"Caro, MI",43.49113,-83.3969
3344,"Albion, MI",42.243095,-84.75303
24491,"East Grand Rapids, MI",42.941204,-85.60973
52347,"Grosse Pointe Park, MI",42.38169,-82.931366
55210,"Williamston, MI",35.854603,-77.05551
39998,"Newaygo, MI",43.512123,-85.794495
10845,"Clawson, MI",42.533367,-83.14632
51995,"Farmington, MI",44.640244,-93.14355
398918,"Bath, MI",43.913364,-69.81403
54200,"Romeo, MI",42.802807,-83.012985
9729,"Carleton, MI",42.05921,-83.39076
19029,"Linden, MI",33.012352,-94.36547
397161,"Monitor, MI",37.655956,-80.49035
23696,"Beverly Hills, MI",34.06965,-118.39631
18091,"Fennville, MI",42.594105,-86.1046
11448,"Flat Rock, MI",42.09643,-83.29188
36990,"West Branch, MI",41.672073,-91.34597
20308,"Saint Louis, MI",38.62803,-90.19102
25263,"Iron Mountain, MI",45.820232,-88.06596
397471,"Hastings, MI",40.586132,-98.389885
49684,"Menominee, MI",45.578575,-87.56216
42603,"Otsego, MI",45.024414,-84.61368
49767,"Portland, MI",45.52025,-122.674194
33654,"Richmond, MI",37.53851,-77.43428
53471,"Muskegon Heights, MI",43.201126,-86.238945
54924,"Vassar, MI",43.372063,-83.58345
38813,"Grosse Pointe Farms, MI",42.409203,-82.89186
31372,"Edwardsburg, MI",41.795605,-86.08084
5833,"Marysville, MI",48.051743,-122.17682
19233,"Mattawan, MI",42.209484,-85.784454
10345,"Belmont, MI",40.005775,-81.00975
35305,"Algonac, MI",42.62021,-82.53452
51510,"Comstock Park, MI",43.043644,-85.67949
32092,"Houghton, MI",46.859127,-88.77747
397729,"Mt Morris, MI",42.050304,-89.43122
20529,"Smiths Creek, MI",40.554996,-74.255714
5263,"Imlay City, MI",43.02475,-83.07771
45581,"Grosse Ile, MI",42.138176,-83.15412
38615,"Fremont, MI",37.54827,-121.98857
24940,"Grayling, MI",44.66152,-84.71464
396477,"Comstock, MI",46.65941,-96.74841
45074,"Ecorse, MI",42.244484,-83.14576
19555,"Negaunee, MI",46.499104,-87.6118
399195,"Cooper, MI",38.84526,-92.82496
29604,"West Olive, MI",42.92134,-86.14715
18360,"Grant, MI",40.511475,-85.65406
25493,"Lambertville, MI",40.36562,-74.945404
397818,"Grass Lake, MI",42.25087,-84.213005
166526,"Beecher, MI",41.34054,-87.62151
44472,"Cassopolis, MI",41.911713,-86.01001
30614,"Brooklyn, MI",40.6526,-73.94972
15663,"Richland, MI",38.706047,-88.09493
4437,"Dundee, MI",42.57906,-91.54685
28749,"Dorr, MI",37.619568,-80.47395
397503,"Montrose, MI",38.43754,-108.24039
395577,"Coloma, MI",42.18615,-86.30836
24084,"Clare, MI",43.96887,-84.85051
55185,"Whitehall, MI",43.41001,-86.34868
37807,"Center Line, MI",42.485035,-83.0277
5048,"Hamilton, MI",31.642935,-97.971596
399157,"Hampton, MI",37.02644,-76.344284
50931,"Beaverton, MI",45.48717,-122.80378
25197,"Howard City, MI",43.395584,-85.46781
395754,"Oronoko, MI",41.942974,-86.39194
42954,"White Cloud, MI",43.550297,-85.771996
22124,"Hancock, MI",40.394173,-91.145805
31029,"Coopersville, MI",43.06391,-85.93477
396720,"Madison, MI",43.07476,-89.38376
30006,"Kalkaska, MI",44.67805,-85.10025
26840,"Roscommon, MI",44.332695,-84.616516
27230,"Springfield, MI",39.79902,-89.64396
27230,"Springfield, MI",39.79902,-89.64396
57176,"North Branch, MI",45.511353,-92.98022
44551,"Charlevoix, MI",45.202076,-84.967636
33894,"Schoolcraft, MI",46.190296,-86.18339
43013,"Sanford, MI",28.811735,-81.26802
5915,"Metamora, MI",40.79074,-89.36144
12262,"Lake City, MI",30.189425,-82.63948
35532,"Goodrich, MI",30.605478,-94.9466
25900,"Millington, MI",35.341473,-89.89731
23362,"Boyne City, MI",45.216675,-85.01394
32660,"Manchester, MI",42.99564,-71.45479
7048,"Shepherd, MI",30.497982,-94.9966
45336,"Frankenmuth, MI",43.332367,-83.73923
46414,"Marine City, MI",42.719006,-82.494194
49311,"Gwinn, MI",46.281055,-87.44097
6713,"Reed City, MI",43.875015,-85.51005
38703,"Gladstone, MI",39.221478,-94.571976
48311,"Walled Lake, MI",42.53781,-83.48105
54157,"River Rouge, MI",42.272926,-83.13529
23138,"Bad Axe, MI",43.802063,-83.00047
18902,"Laingsburg, MI",42.891563,-84.34967
25270,"Ironwood, MI",46.455566,-90.168434
12208,"Kingsley, MI",42.58823,-95.967255
49246,"Interlochen, MI",44.64977,-85.767845
8889,"Mancelona, MI",44.90223,-85.06088
19586,"New Hudson, MI",42.316425,-78.249725
21573,"Chesaning, MI",43.18476,-84.115
45042,"East Jordan, MI",45.158062,-85.12422
7946,"Williamsburg, MI",37.270878,-76.707405
397483,"Calumet, MI",44.075108,-88.21443
18905,"Lake, MI",43.97,-85.7885
18905,"Lake, MI",43.97,-85.7885
398599,"Fruitport, MI",43.13067,-86.15468
45820,"Houghton Lake, MI",44.316917,-84.77588
40307,"Perry, MI",40.396645,-77.28903
9936,"Hartford, MI",41.764584,-72.69086
48751,"Delton, MI",42.49976,-85.408066
42600,"Oscoda, MI",44.67891,-84.14677
396717,"Raisin, MI",41.98739,-83.9322
51503,"Columbiaville, MI",43.156693,-83.41051
18465,"Harbor Springs, MI",45.431675,-84.992
29117,"Pinconning, MI",43.853634,-83.96499
14927,"Croswell, MI",43.27558,-82.62104
23453,"Almont, MI",46.726246,-101.50565
34678,"Watervliet, MI",42.186707,-86.260574
18993,"Leonard, MI",33.383545,-96.2445
53386,"Montague, MI",33.620575,-97.72157
5241,"Huntington Woods, MI",42.48059,-83.16687
35495,"Lake Odessa, MI",42.784756,-85.138336
49375,"Jonesville, MI",36.688976,-83.11101
12719,"Milan, MI",45.464195,9.189634
52941,"Leslie, MI",37.08298,-83.37508
24392,"Dimondale, MI",42.64559,-84.64895
14618,"White Pigeon, MI",41.798107,-85.643326
43285,"Saint Charles, MI",38.783855,-90.481674
20666,"Stockbridge, MI",42.2824,-73.31237
17331,"Cass City, MI",43.600853,-83.17467
33574,"Quincy, MI",42.25099,-71.00374
32173,"Ithaca, MI",42.437416,-76.54837
36614,"Hart, MI",34.341053,-82.950325
40501,"Ravenna, MI",41.15756,-81.24205
52911,"Lawton, MI",34.608685,-98.39033
3617,"Bellevue, MI",47.61442,-122.19234
38030,"Corunna, MI",42.98197,-84.117744
38161,"Decatur, MI",39.845417,-88.952415
25088,"Hemlock, MI",43.41783,-84.22974
52751,"Kent City, MI",43.220024,-85.75115
10567,"Bronson, MI",42.40963,-96.212364
396096,"Comstock Northwest, MI",42.317875,-85.51446
10576,"Brown City, MI",43.21225,-82.98966
43978,"Attica, MI",42.864227,-78.2803
42678,"Parma, MI",41.38224,-81.73557
11999,"Hudson, MI",42.252865,-73.79096
6927,"Sand Lake, MI",43.29238,-85.518074
9642,"Stanton, MI",37.569107,-101.793564
395510,"Tallmadge, MI",41.101463,-81.441795
22184,"Onsted, MI",42.006157,-84.18994
30490,"Blissfield, MI",41.83255,-83.86244
4923,"Gobles, MI",42.36087,-85.87946
31879,"Grosse Pointe, MI",42.38615,-82.91186
15040,"Coleman, MI",31.776686,-99.44611
15321,"Lakeview, MI",33.82693,-117.125824
3529,"Bangor, MI",44.801624,-68.77133
40318,"Petersburg, MI",37.22793,-77.401924
20456,"Shelby, MI",31.771637,-94.130165
56390,"North Street, MI",43.04962,-83.69052
54019,"Prudenville, MI",44.29835,-84.65197
39606,"Manton, MI",44.41084,-85.39894
16089,"Yale, MI",41.25713,-72.98967
50765,"Armada, MI",42.844196,-82.88437
56571,"Sandusky, MI",41.295155,-83.15554
52301,"Grawn, MI",44.662495,-85.693665
37007,"Auburn, MI",32.609856,-85.48078
56064,"Hartland, MI",43.803722,-93.48664
25407,"Kincheloe, MI",46.259186,-84.46731
399106,"Alpine, MI",38.589394,-119.8345
397667,"Watertown, MI",42.365253,-71.184326
38445,"Evart, MI",43.900574,-85.258095
47824,"Standish, MI",43.983074,-83.95888
4695,"Farwell, MI",34.383408,-103.038
54897,"Utica, MI",43.100903,-75.232666
21439,"Constantine, MI",41.84116,-85.6686
54318,"Saranac, MI",44.651558,-73.74367
12577,"Marlette, MI",43.32697,-83.08022
39999,"Newberry, MI",34.326687,-81.58301
31737,"Gibraltar, MI",42.095043,-83.18965
39588,"Manistique, MI",45.95779,-86.24642
16506,"Dryden, MI",42.490906,-76.29716
17897,"East Tawas, MI",44.27946,-83.49025
48653,"Carson City, MI",39.166325,-119.76704
37927,"Clinton, MI",42.943523,-84.61253
397591,"Plainfield, MI",41.60867,-88.20544
33032,"Nashville, MI",36.162277,-86.7743
397653,"Lake, MI",43.97,-85.7885
397653,"Lake, MI",43.97,-85.7885
37071,"Alanson, MI",45.44418,-84.78671
40205,"Ovid, MI",42.67646,-76.82301
13988,"Stanwood, MI",41.89272,-91.15028
44394,"Byron, MI",44.032593,-92.64544
32948,"Morley, MI",42.00593,-91.24575
53209,"Mayville, MI",42.25395,-79.50449
54394,"Sheridan, MI",39.35306,-100.45764
54394,"Sheridan, MI",39.35306,-100.45764
40696,"Saint Helen, MI",44.36363,-84.41029
41600,"Webberville, MI",42.666824,-84.17443
5200,"Homer, MI",59.645405,-151.54457
399285,"Rutland, MI",43.60848,-72.97247
30739,"Capac, MI",43.012527,-82.927986
52557,"Holton, MI",39.465286,-95.736664
17919,"Edmore, MI",48.413338,-98.45428
45872,"Indian River, MI",27.704155,-80.58944
47996,"Three Oaks, MI",41.798653,-86.61058
37254,"Baldwin, MI",33.08694,-83.26332
6322,"Onaway, MI",45.357513,-84.2239
46934,"Otisville, MI",41.473427,-74.53849
56093,"Prescott, MI",34.539986,-112.46881
12205,"Kingsford, MI",45.794956,-88.07207
26296,"Olivet, MI",42.44143,-84.92416
26835,"Roosevelt Park, MI",43.196404,-86.27228
23003,"Hesperia, MI",34.426388,-117.30088
39370,"Lathrup Village, MI",42.496426,-83.22271
10919,"Columbus, MI",39.96226,-83.00071
36952,"Marne, MI",41.449112,-95.111244
54197,"Rogers City, MI",45.42139,-83.818184
29617,"Spring Arbor, MI",42.203465,-84.55038
6984,"Scottville, MI",39.480324,-90.104836
50230,"Linwood, MI",39.001392,-95.03914
42194,"Gaines, MI",32.704494,-102.622055
42194,"Gaines, MI",32.704494,-102.622055
11734,"Gregory, MI",43.17138,-99.16749
53158,"Marcellus, MI",42.955654,-76.32494
167941,"McBain, MI",44.193623,-85.21338
24282,"Crystal Falls, MI",46.098007,-88.33402
45216,"Fair Haven, MI",40.360664,-74.03819
42689,"Marion, MI",32.793167,-94.34449
40062,"North Muskegon, MI",43.256126,-86.26756
19794,"Ottawa Lake, MI",41.764153,-83.74939
44468,"Casco, MI",42.752533,-82.671585
14100,"Tawas City, MI",44.269463,-83.514694
34101,"Springfield, MI",39.79902,-89.64396
34101,"Springfield, MI",39.79902,-89.64396
8582,"Grand Junction, MI",39.067257,-108.56448
3606,"Bellaire, MI",29.705786,-95.45883
39758,"Merrill, MI",42.719666,-96.248116
49800,"Springport, MI",42.378372,-84.698586
16852,"Avoca, MI",41.477657,-95.33949
34062,"South Rockwood, MI",42.06393,-83.26104
13808,"Shelbyville, MI",38.212013,-85.223564
32485,"Lewiston, MI",44.09907,-70.21771
40511,"Reading, MI",40.335346,-75.92795
35850,"Ray, MI",39.366173,-93.98882
10252,"Bark River, MI",45.709995,-87.30521
45945,"Jerome, MI",42.702267,-114.286705
39382,"Lawrence, MI",38.971912,-95.23594
10747,"Cedar, MI",37.708424,-93.86122
46497,"Memphis, MI",35.146027,-90.051765
52269,"Gowen, MI",43.251698,-85.30197
57270,"East China, MI",41.418694,-81.69541
36525,"Union City, MI",40.779545,-74.02375
35782,"Morrice, MI",42.838642,-84.1783
54344,"Scotts, MI",39.846294,-120.09242
52579,"Horton, MI",39.659725,-95.52537
24069,"China, MI",44.47906,-69.51755
24788,"Frankfort, MI",38.200905,-84.87328
11776,"Hale, MI",34.03213,-101.80888
39041,"Hopkins, MI",33.136826,-95.56566
395988,"Sheridan, MI",39.35306,-100.45764
395988,"Sheridan, MI",39.35306,-100.45764
19145,"Lyons, MI",41.811108,-87.82327
29224,"Mio, MI",44.65966,-84.14663
10337,"Belleville, MI",38.51358,-89.98416
49033,"Eau Claire, MI",44.811348,-91.4985
24585,"Elsie, MI",43.08864,-84.386925
39000,"Hillman, MI",46.00413,-93.89387
31005,"Concord, MI",43.207176,-71.537476
18906,"Lake Ann, MI",44.72389,-85.84314
4712,"Fife Lake, MI",44.57695,-85.35062
35917,"New Buffalo, MI",41.795258,-86.74445
45582,"Grosse Pointe Shores, MI",42.436703,-82.87686
29784,"Reese, MI",43.450577,-83.69635
38887,"Harbor Beach, MI",43.844707,-82.6514
25265,"Iron River, MI",46.09247,-88.64262
18918,"Lake Orion, MI",42.784473,-83.23966
169117,"Wolf Lake, MI",46.803017,-95.35253
11341,"Essexville, MI",43.6153,-83.84192
22955,"Remus, MI",43.596695,-85.14475
49788,"Potterville, MI",42.629204,-84.73888
46614,"Morenci, MI",41.71951,-84.2174
4570,"Elmira, MI",42.089798,-76.80773
43987,"Augusta, MI",33.47097,-81.974846
3787,"Brandon, MI",32.273148,-89.98681
44413,"Camden, MI",39.94484,-75.11989
3823,"Britton, MI",45.79162,-97.75094
399287,"Portsmouth, MI",36.83201,-76.2977
16432,"Atlanta, MI",33.754467,-84.38982
21061,"Vermontville, MI",42.628925,-85.02416
6685,"Rapid River, MI",44.769314,-70.96784
13563,"Rockwood, MI",42.070877,-83.2466
5620,"Lexington, MI",38.046406,-84.49704
32812,"Mendon, MI",40.08838,-91.28376
43483,"Brimley, MI",46.4053,-84.57227
39094,"Ida, MI",42.378838,-95.49494
42317,"Goodells, MI",42.98114,-82.66576
45331,"Fowler, MI",36.630505,-119.67847
48675,"Blanchard, MI",40.579163,-95.2217
55862,"La Salle, MI",28.339115,-99.09823
21465,"Carsonville, MI",40.484253,-76.766914
3866,"Buchanan, MI",39.67332,-94.79483
26010,"Mount Morris, MI",42.050304,-89.43122
26304,"Ontonagon, MI",46.647186,-89.32938
43860,"Allenton, MI",43.421055,-88.340866
8303,"Bear Lake, MI",42.217213,-111.31988
35847,"Rapid City, MI",44.080605,-103.22802
39733,"Mecosta, MI",43.63755,-85.31682
7725,"Vulcan, MI",37.55233,-82.12596
56140,"Osseo, MI",45.119392,-93.40246
51525,"Conklin, MI",42.034245,-75.8038
44384,"Burr Oak, MI",39.866123,-98.30505
44146,"Bessemer, MI",33.401775,-86.95444
30820,"Centreville, MI",32.94457,-87.1386
25529,"Le Roy, MI",40.877785,-93.5929
4318,"Deckerville, MI",43.526688,-82.735214
47251,"Pullman, MI",46.730427,-117.1739
33690,"Rives Junction, MI",42.385868,-84.46163
43278,"Tustin, MI",33.74585,-117.826164
25793,"Maybee, MI",42.004368,-83.515656
33447,"Plainwell, MI",42.442616,-85.64176
399284,"Green, MI",37.243397,-85.53463
11424,"Fenwick, MI",38.22936,-80.5818
37085,"Alger, MI",46.40479,-86.5281
39772,"Michigan Center, MI",42.233093,-84.32718
40804,"Sebewaing, MI",43.732346,-83.45134
24792,"Franklin, MI",33.200268,-95.223175
34132,"Stephenson, MI",42.350346,-89.67356
396715,"Level Park-Oak Park, MI",42.36112,-85.26741
51108,"Boyne Falls, MI",45.168064,-84.91616
44698,"Colon, MI",41.95838,-85.32498
50407,"Dansville, MI",42.561127,-77.69618
3524,"Bancroft, MI",43.29302,-94.21822
396180,"Bridgeport, MI",41.179268,-73.18879
28302,"Clarksville, MI",36.52776,-87.35887
43977,"Atlantic Mine, MI",47.09715,-88.627625
8293,"Addison, MI",41.931698,-87.98895
8677,"Ferrysburg, MI",43.080765,-86.21818
22169,"Keego Harbor, MI",42.60809,-83.34383
41222,"Thompsonville, MI",37.91755,-88.76228
25729,"Manitou Beach, MI",41.96977,-84.30828
166409,"Argentine, MI",42.79142,-83.846344
49685,"Mesick, MI",44.40528,-85.7134
31326,"East Leroy, MI",42.166157,-85.21748
35199,"Baraga, MI",46.635433,-88.387634
45330,"Fostoria, MI",43.241806,-95.155815
55301,"Beulah, MI",47.26334,-101.77795
16541,"Durand, MI",42.912025,-83.98458
13332,"Pleasant Lake, MI",45.49774,-94.28666
11879,"Hersey, MI",46.073383,-68.4342
24026,"Central Lake, MI",45.07016,-85.26416
33806,"Saint Ignace, MI",45.868668,-84.72781
8530,"Emmett, MI",43.873497,-116.4993
23264,"Pierson, MI",42.544155,-95.867516
34136,"Sterling, MI",31.815142,-101.045265
27337,"Suttons Bay, MI",44.976383,-85.651146
7383,"Tekonsha, MI",42.09338,-84.9858
10538,"Breckenridge, MI",39.482914,-106.04655
37209,"Athens, MI",33.959766,-83.376396
49489,"Munith, MI",42.39059,-84.25052
34374,"Ubly, MI",43.710014,-82.93161
10756,"Cement City, MI",42.07004,-84.330505
53929,"Pleasant Ridge, MI",42.471146,-83.14215
28569,"Lake Linden, MI",47.19409,-88.40734
4117,"Clayton, MI",33.520496,-84.35917
775804,"Royal Oak Township, MI",45.491955,-84.57781
32240,"Jones, MI",32.713596,-99.86061
55520,"Clarklake, MI",42.12143,-84.34495
8272,"Barryton, MI",43.752525,-85.14698
25612,"Litchfield, MI",41.74732,-73.18872
9313,"Vestaburg, MI",40.016186,-79.98978
6828,"Rose City, MI",30.1026,-94.05644
16588,"Hope, MI",33.66706,-93.59157
44650,"Climax, MI",47.60775,-96.817024
40171,"Orchard Lake, MI",42.586956,-83.36896
20270,"Rudyard, MI",48.559593,-110.55005
32720,"Martin, MI",32.267506,-101.91903
50007,"Wakefield, MI",42.506485,-71.07283
40295,"Pentwater, MI",43.781734,-86.433105
4270,"Crystal, MI",45.031822,-93.36061
13723,"Saugatuck, MI",42.654922,-86.204056
53882,"Pickford, MI",46.15814,-84.3636
45344,"Frederic, MI",45.659218,-92.467064
43401,"Hickory Corners, MI",40.973114,-80.85592
19938,"Pigeon, MI",43.830006,-83.270454
17217,"Buckley, MI",40.59698,-88.03809
8312,"Burt, MI",41.855663,-96.33579
11534,"Free Soil, MI",44.10695,-86.21674
29815,"Skandia, MI",46.37744,-87.24153
47139,"Pittsford, MI",43.090958,-77.5153
13821,"Sherwood, MI",34.81509,-92.22431
33080,"New Lothrop, MI",43.116695,-83.96997
27904,"Westphalia, MI",41.719696,-95.39495
3704,"Bloomingdale, MI",41.957527,-88.0809
40163,"Onondaga, MI",43.0156,-76.225716
16470,"Covert, MI",42.575348,-76.68356
52765,"Kewadin, MI",44.928616,-85.37312
28008,"Wolverine, MI",45.273346,-84.60448
26042,"Munising, MI",46.410004,-86.64947
24129,"Clio, MI",43.17742,-83.73469
47751,"South Boardman, MI",44.641396,-85.27978
29621,"Unionville, MI",41.301853,-74.56181
35695,"Johannesburg, MI",35.37173,-117.6425
22157,"Harrisville, MI",44.656403,-83.294685
10190,"Ashley, MI",33.17426,-91.72956
38880,"Hanover, MI",43.702354,-72.289215
14358,"Vandalia, MI",38.9606,-89.09368
4816,"Freeport, MI",42.296684,-89.62122
53638,"Norway, MI",41.90278,-91.92157
48219,"Vanderbilt, MI",28.822218,-96.61602
38638,"Galesburg, MI",40.947567,-90.371216
52830,"Lachine, MI",45.07751,-83.716095
34898,"Woodland, MI",38.67861,-121.77333
36956,"Rhodes, MI",41.927345,-93.18431
42141,"Berrien Center, MI",41.95671,-86.27668
35671,"Jeddo, MI",40.99564,-75.89631
33486,"Port Austin, MI",44.046265,-82.99368
53761,"Otter Lake, MI",43.21336,-83.4544
5435,"Kingston, MI",41.92878,-74.00238
49752,"Millersburg, MI",41.573425,-92.159904
19845,"Parchment, MI",42.328094,-85.56973
11563,"Galien, MI",41.80232,-86.49848
41923,"Champion, MI",43.962425,-75.69031
16153,"Rothbury, MI",43.507233,-86.34757
26776,"Riverdale, MI",41.63337,-87.6331
17847,"Eagle, MI",39.61611,-106.717285
37438,"Bitely, MI",43.74696,-85.861725
42619,"Muir, MI",40.59231,-76.51857
35222,"Custer, MI",38.107296,-105.35434
53754,"Ossineke, MI",44.902233,-83.442474
50357,"Luther, MI",41.967495,-93.816666
40616,"Rodney, MI",42.204514,-95.95059
46712,"New Era, MI",38.909527,-81.66374
22436,"Levering, MI",45.63445,-84.78198
50618,"Alden, MI",42.52019,-93.37627
48308,"Walkerville, MI",43.714455,-86.12451
24301,"Daggett, MI",40.915565,-109.47982
5295,"Irons, MI",44.140007,-85.9159
51741,"Dowling, MI",41.478386,-83.593544
396461,"Hubbard Lake, MI",44.805958,-83.55758
33006,"Mulliken, MI",42.762257,-84.896385
40418,"Posen, MI",41.631702,-87.681435
36725,"Sylvan Lake, MI",42.611423,-83.328545
47911,"Sunfield, MI",42.762257,-84.99249
11299,"Elkton, MI",39.606506,-75.83309
14520,"Wellston, MI",32.6201,-83.60657
42887,"Oakley, MI",37.99742,-121.712456
56203,"Maple City, MI",44.85431,-85.85562
19885,"Pellston, MI",45.552788,-84.783936
51192,"Burlington, MI",44.476162,-73.212906
56759,"Rosebush, MI",43.699158,-84.76784
43561,"Mikado, MI",44.590847,-83.42275
10948,"Cornell, MI",40.990032,-88.72923
37627,"Brutus, MI",43.04562,-76.54545
6321,"Omer, MI",44.04752,-83.85443
39849,"Montgomery, MI",32.37742,-86.309166
56807,"Snover, MI",43.461132,-82.97077
24663,"Fairgrove, MI",43.523632,-83.54329
31771,"Glennie, MI",44.56057,-83.725815
37780,"Caseville, MI",43.938698,-83.27223
396093,"Greater Galesburg, MI",40.94708,-90.35138
8083,"Bingham Farms, MI",42.51587,-83.27326
48468,"Wheeler, MI",35.39219,-100.263275
398422,"Au Sable, MI",44.40506,-83.33452
10361,"Benzonia, MI",44.621387,-86.09926
53748,"Orleans, MI",43.224453,-78.22729
13729,"Sawyer, MI",45.873165,-91.14683
47066,"Perrinton, MI",43.18284,-84.678856
56266,"Peck, MI",43.258636,-82.81744
54453,"Sodus, MI",43.237843,-77.06136
7070,"Sidney, MI",40.747387,-95.64688
7897,"Wetmore, MI",39.63333,-95.81138
44748,"Copemish, MI",44.48167,-85.922585
18789,"Kaleva, MI",44.373337,-86.01036
57197,"Elwell, MI",43.38753,-84.74584
51891,"Ellsworth, MI",38.694202,-98.21493
35129,"Au Gres, MI",44.04863,-83.695816
34343,"Trufant, MI",43.31392,-85.35448
168978,"Wallace, MI",38.907383,-101.75651
21445,"Coral, MI",42.217247,-88.56454
5808,"Marenisco, MI",46.379433,-89.695366
50066,"Six Lakes, MI",43.430283,-85.14538
24343,"Deerfield, MI",42.171135,-87.84451
4333,"Deford, MI",43.51335,-83.192444
47079,"Pewamo, MI",43.00115,-84.84729
16696,"Akron, MI",41.083065,-81.518486
12911,"National City, MI",32.67811,-117.0992
51361,"Chase, MI",38.29281,-96.615295
45161,"Empire, MI",39.76111,-105.683
32446,"Laurium, MI",47.237427,-88.44318
23015,"Mears, MI",43.68195,-86.4198
36388,"Shingleton, MI",46.348114,-86.47016
14447,"Waldron, MI",34.898434,-94.09077
45801,"Honor, MI",44.664513,-86.02052
35023,"Casnovia, MI",43.234184,-85.79055
18644,"Hubbardston, MI",42.476566,-72.00872
29144,"Lincoln, MI",40.808887,-96.70778
51632,"Dafter, MI",46.36002,-84.42726
25678,"Luna Pier, MI",41.80699,-83.44244
10534,"Brant, MI",42.58839,-79.017525
49184,"Lake Angelus, MI",42.6925,-83.32125
6994,"Sears, MI",33.772438,-84.365204
16639,"Whittemore, MI",43.06375,-94.42321
48083,"Union, MI",37.461647,-89.25048
21877,"Elk Rapids, MI",44.89816,-85.413376
25680,"Lupton, MI",44.43113,-84.02583
10378,"Berrien Springs, MI",41.946434,-86.3389
32386,"Lake Leelanau, MI",44.98083,-85.71509
24668,"Fairview, MI",40.633373,-90.163734
45375,"Fulton, MI",40.47143,-90.184555
51673,"Decker, MI",38.518936,-87.52308
14215,"Twining, MI",44.113075,-83.80749
39247,"Kinde, MI",43.93946,-82.99689
50503,"Harrietta, MI",44.310005,-85.697845
16723,"Allen, MI",40.80778,-84.05722
33310,"Palmyra, MI",5.882204,-162.07487
45235,"Falmouth, MI",41.5515,-70.61475
49901,"Sumner, MI",36.449673,-86.468544
47050,"Pelkie, MI",46.813267,-88.63652
34547,"Vernon, MI",37.86399,-94.38001
28838,"Fountain, MI",40.12525,-87.24974
47703,"Silverwood, MI",43.323357,-83.248
55714,"Hermansville, MI",45.711075,-87.60207
56406,"Middleton, MI",43.09629,-89.511955
52680,"Jasper, MI",30.748526,-94.000885
19652,"North Adams, MI",42.699036,-73.1119
21175,"Watersmeet, MI",46.267727,-89.17792
10858,"Clifford, MI",47.34804,-97.410645
396462,"Spruce, MI",44.9872,-88.18349
12495,"Mackinac Island, MI",45.84907,-84.61986
18990,"Lennon, MI",42.985584,-83.9283
40595,"Rock, MI",43.673363,-96.25743
46557,"Minden City, MI",43.671406,-82.77827
52856,"Lake Isabella, MI",35.638332,-118.48449
47754,"South Branch, MI",40.54399,-74.69683
23569,"Bailey, MI",34.03492,-102.81493
34356,"Turner, MI",31.70316,-83.62144
19310,"Melvin, MI",31.195919,-99.58047
38633,"Gagetown, MI",43.65724,-83.24495
18381,"Greenbush, MI",44.58779,-83.31636
37563,"Brethren, MI",44.304447,-86.01897
6038,"Moran, MI",32.54566,-99.166534
19762,"Onekama, MI",44.363613,-86.205086
17116,"Boon, MI",44.289726,-85.602005
56298,"Republic, MI",39.82665,-97.65808
38508,"Felch, MI",45.997173,-87.82569
40208,"Owendale, MI",43.729107,-83.26718
56998,"Bentley, MI",37.886124,-97.51699
56455,"Port Hope, MI",43.940845,-82.712715
9178,"Mohawk, MI",42.957714,-74.39583
31982,"Hawks, MI",39.11146,-82.3871
53078,"Luzerne, MI",41.174965,-75.96952
40094,"Northport, MI",40.90096,-73.34317
30242,"Arcadia, MI",34.136208,-118.04015
23502,"Applegate, MI",43.3553,-82.63715
50214,"Gulliver, MI",45.993385,-86.01164
11479,"Forestville, MI",38.852554,-76.87234
5613,"Leonidas, MI",47.461594,-92.57185
18536,"Henderson, MI",32.1826,-95.789314
37307,"Bay Port, MI",43.849228,-83.37318
41321,"Twin Lake, MI",43.367767,-86.17719
23222,"Engadine, MI",46.116657,-85.57094
54143,"Riga, MI",43.069508,-77.883896
4831,"Gaastra, MI",46.05829,-88.605965
16326,"Bannister, MI",35.26552,-119.10066
53987,"Powers, MI",42.882027,-124.07129
51279,"Carney, MI",39.4061,-76.5285
44309,"Bridgman, MI",41.9431,-86.55697
17352,"Cedarville, MI",45.998383,-84.36303
28527,"Genesee, MI",43.022003,-83.72743
36449,"Skanee, MI",46.87326,-88.21401
14887,"Chatham, MI",31.966888,-81.0626
37981,"Comins, MI",44.805847,-84.05139
51283,"Carp Lake, MI",45.697235,-84.750046
44751,"Copper Harbor, MI",47.468075,-87.8888
36591,"Ruth, MI",38.310375,-81.72818
6386,"Palms, MI",36.114418,-115.19541
55857,"Hubbell, MI",47.172886,-88.43719
22861,"Somerset Center, MI",42.051155,-84.41356
24705,"Filion, MI",43.895515,-83.0035
38223,"Douglas, MI",39.76284,-88.21705
31357,"Eckerman, MI",46.36529,-85.035355
53489,"Naubinway, MI",46.09459,-85.447044
42323,"Gould City, MI",46.095264,-85.69678
9635,"Au Train, MI",46.430218,-86.83682
44823,"Curran, MI",39.742275,-89.77205
37292,"Barton City, MI",44.68418,-83.60554
15322,"Lakewood Club, MI",43.371124,-86.260345
4883,"Germfask, MI",46.24971,-85.92583
23339,"Trout Creek, MI",47.83232,-115.58484
6578,"Port Sanilac, MI",43.43086,-82.54243
13182,"Paradise, MI",36.072285,-115.14746
10414,"Birch Run, MI",43.25086,-83.79413
57009,"Seney, MI",46.345394,-85.94675
52411,"Harbert, MI",41.871338,-86.62885
35200,"Barbeau, MI",46.28863,-84.28114
8432,"Hessel, MI",46.00418,-84.42587
55076,"Weidman, MI",43.704895,-84.97454
8086,"Black River, MI",44.01257,-75.79399
39771,"Michigamme, MI",46.53447,-88.06374
19280,"McMillan, MI",44.742188,-90.16347
17723,"De Tour Village, MI",45.99351,-83.90195
14001,"Stevensville, MI",42.01449,-86.51946
166513,"Beal City, MI",43.66738,-84.90863
55845,"Goetzville, MI",46.058075,-84.09224
41339,"Union Pier, MI",41.8281,-86.69253
35220,"Curtis, MI",40.63008,-100.5156
11571,"Garden, MI",41.644054,-102.33928
46358,"Mackinaw City, MI",45.7839,-84.72783
4902,"Glen Arbor, MI",44.89773,-85.98888
44033,"Baroda, MI",41.957024,-86.484344
15320,"Lakeside, MI",42.621464,-95.17448
30881,"Chippewa Lake, MI",41.06978,-81.90097
167138,"Estral Beach, MI",41.98421,-83.23576
20849,"Trout Lake, MI",46.194725,-85.02105
54501,"Spalding, MI",33.25913,-84.277084
52928,"Leland, MI",34.236435,-78.004005
51728,"Dollar Bay, MI",47.119648,-88.51151
5983,"Minneapolis, MN",44.9773,-93.26547
20313,"Saint Paul, MN",44.94975,-93.0931
26791,"Rochester, MN",44.023438,-92.46302
51758,"Duluth, MN",46.78383,-92.10527
10451,"Bloomington, MN",44.83224,-93.32049
17191,"Brooklyn Park, MN",45.10048,-93.34436
26561,"Plymouth, MN",45.006516,-93.46651
14703,"Woodbury, MN",44.919895,-92.933945
32409,"Lakeville, MN",44.65005,-93.24328
46400,"Maple Grove, MN",45.0985,-93.441925
6885,"Saint Cloud, MN",45.561607,-94.1642
10428,"Blaine, MN",45.160797,-93.23495
17845,"Eagan, MN",44.818172,-93.16592
10634,"Burnsville, MN",44.767056,-93.27739
4515,"Eden Prairie, MN",44.854687,-93.47079
10940,"Coon Rapids, MN",45.172894,-93.30239
3425,"Apple Valley, MN",44.73191,-93.21772
25733,"Mankato, MN",44.16585,-94.0028
4520,"Edina, MN",44.8897,-93.35012
12762,"Minnetonka, MN",44.94051,-93.46389
6892,"Saint Louis Park, MN",44.94757,-93.3569
33953,"Shakopee, MN",44.79802,-93.5269
19458,"Moorhead, MN",46.87391,-96.75387
53154,"Maplewood, MN",45.00822,-93.0457
21469,"Cottage Grove, MN",44.827744,-92.943825
6746,"Richfield, MN",44.876644,-93.28779
40645,"Roseville, MN",45.006077,-93.15661
32156,"Inver Grove Heights, MN",44.847904,-93.04281
40446,"Prior Lake, MN",44.713326,-93.42268
41752,"Winona, MN",44.050007,-91.63923
37609,"Brooklyn Center, MN",45.074856,-93.32963
10132,"Andover, MN",45.2333,-93.29134
55428,"Chaska, MN",44.789406,-93.60218
8641,"Faribault, MN",43.664795,-93.95105
23805,"Brainerd, MN",46.35802,-94.20083
50554,"Savage, MN",44.777905,-93.33562
19801,"Owatonna, MN",44.083992,-93.226105
31666,"Fridley, MN",45.083828,-93.25904
23555,"Austin, MN",43.668,-92.97465
26248,"Oakdale, MN",44.985622,-92.96458
31540,"Farmington, MN",44.640244,-93.14355
54051,"Ramsey, MN",45.01657,-93.09495
54410,"Shoreview, MN",45.072205,-93.12829
43804,"Elk River, MN",45.303852,-93.567184
6835,"Rosemount, MN",44.73919,-93.12611
17221,"Buffalo, MN",45.17191,-93.874695
23202,"Northfield, MN",44.458202,-93.161156
51349,"Chanhassen, MN",44.86184,-93.53072
41723,"Willmar, MN",45.12195,-95.04354
9556,"White Bear Lake, MN",45.08381,-93.00693
44544,"Champlin, MN",45.188854,-93.39745
56232,"New Brighton, MN",45.0629,-93.2061
38095,"Crystal, MN",45.031822,-93.36061
38731,"Golden Valley, MN",44.98612,-93.37846
33072,"New Hope, MN",45.034718,-93.3861
45305,"Forest Lake, MN",45.279106,-92.98516
51502,"Columbia Heights, MN",45.046047,-93.25178
25607,"Lino Lakes, MN",45.160244,-93.08883
34065,"South Saint Paul, MN",44.89067,-93.03728
14573,"West Saint Paul, MN",44.910156,-93.08021
40708,"Saint Michael, MN",45.2102,-93.66481
48618,"Big Lake, MN",45.332466,-93.74608
41069,"Stillwater, MN",45.056404,-92.8135
35763,"Princeton, MN",45.569817,-93.58031
40519,"Red Wing, MN",44.56247,-92.5338
52574,"Hopkins, MN",44.9244,-93.411446
22653,"Sartell, MN",45.62163,-94.20694
42604,"Otsego, MN",45.281273,-93.61486
52612,"Hutchinson, MN",44.88774,-94.369705
6954,"Sauk Rapids, MN",45.591328,-94.16738
45508,"Grand Rapids, MN",47.237167,-93.53021
50737,"Anoka, MN",45.27102,-93.28276
32021,"Hibbing, MN",47.427155,-92.93769
38192,"Detroit Lakes, MN",46.81718,-95.84532
42727,"New Ulm, MN",44.314026,-94.46142
52439,"Hastings, MN",44.742695,-92.85187
18439,"Ham Lake, MN",45.250244,-93.249954
21736,"Cambridge, MN",45.572742,-93.224396
29839,"Marshall, MN",48.360535,-96.381966
8330,"Albert Lea, MN",43.648014,-93.36826
28620,"Hugo, MN",45.159966,-92.99327
34918,"Worthington, MN",43.620506,-95.59564
22276,"Robbinsdale, MN",45.031315,-93.339584
5654,"Little Falls, MN",45.976353,-94.3625
20314,"Saint Peter, MN",44.323837,-93.95853
27731,"Waconia, MN",44.850796,-93.78691
57024,"Rogers, MN",45.188858,-93.55246
49455,"Mounds View, MN",45.106895,-93.207596
46779,"North Branch, MN",45.511353,-92.98022
12070,"Isanti, MN",45.56932,-93.32652
27781,"Waseca, MN",44.017223,-93.58857
7653,"Vadnais Heights, MN",45.057533,-93.0739
9080,"North Saint Paul, MN",45.012257,-92.99225
5490,"Lake Elmo, MN",45.002167,-92.88019
22970,"Thief River Falls, MN",48.11723,-96.17706
26911,"Saint Joseph, MN",45.56452,-94.318054
5901,"Mendota Heights, MN",44.883575,-93.138275
35241,"Cloquet, MN",46.72173,-92.461365
52994,"Little Canada, MN",45.02691,-93.08772
8025,"Wyoming, MN",45.336353,-92.99716
40252,"Park Rapids, MN",46.92218,-95.05863
13827,"Shorewood, MN",44.93027,-93.54483
32248,"Jordan, MN",44.666313,-93.62619
33160,"North Mankato, MN",44.17329,-94.033806
37371,"Bemidji, MN",47.472313,-94.88328
31320,"East Grand Forks, MN",47.9317,-97.01758
23435,"Alexandria, MN",45.88351,-95.374504
19040,"Litchfield, MN",45.127186,-94.528046
30247,"Arden Hills, MN",45.07614,-93.166695
55435,"Delano, MN",45.04191,-93.78913
5132,"Hermantown, MN",46.806885,-92.23824
17632,"Crookston, MN",47.774,-96.608116
31551,"Fergus Falls, MN",46.283016,-96.07756
17856,"East Bethel, MN",45.31941,-93.202446
10330,"Belle Plaine, MN",44.62274,-93.76857
3588,"Becker, MN",46.929825,-95.676186
171005,"Saint Anthony, MN",45.0283,-93.218735
26000,"Mound, MN",44.93663,-93.66607
51982,"Fairmont, MN",43.652176,-94.46108
26239,"Oak Grove, MN",45.340797,-93.3269
46922,"Orono, MN",44.97135,-93.6044
34558,"Victoria, MN",44.858574,-93.66163
54561,"Stewartville, MN",43.855423,-92.48832
6953,"Sauk Centre, MN",45.737465,-94.95252
27718,"Virginia, MN",47.52326,-92.53657
44587,"Chisago City, MN",45.373577,-92.88994
27236,"Stacy, MN",45.39802,-92.98744
26907,"Saint Francis, MN",45.38643,-93.35971
19446,"Monticello, MN",45.30539,-93.794
16708,"Albertville, MN",45.234707,-93.66422
5986,"Minnetrista, MN",44.92356,-93.71868
19161,"Mahtomedi, MN",45.069687,-92.95161
50895,"Baxter, MN",46.3433,-94.28667
39500,"Long Prairie, MN",45.974113,-94.865265
10647,"Byron, MN",44.032593,-92.64544
46082,"La Crescent, MN",43.828022,-91.30402
39197,"Kasson, MN",44.029705,-92.75034
32930,"Montevideo, MN",44.942524,-95.72356
44677,"Cold Spring, MN",45.4558,-94.42889
55339,"Annandale, MN",45.26274,-94.12443
32375,"Lake City, MN",44.44785,-92.26787
34368,"Two Harbors, MN",47.025715,-91.67305
41537,"Waite Park, MN",45.513016,-94.26067
13505,"Rice, MN",44.34134,-93.286545
43255,"Wayzata, MN",44.97076,-93.51195
54516,"Spring Lake Park, MN",45.11543,-93.24929
7730,"Wadena, MN",46.585094,-94.96067
5894,"Medina, MN",45.015137,-93.57437
29167,"Lindstrom, MN",45.38941,-92.84799
15708,"Perham, MN",46.594406,-95.57254
46721,"Elko New Market, MN",44.56582,-93.338806
6508,"Pine Island, MN",44.203396,-92.64612
5580,"Le Sueur, MN",44.377167,-93.71144
44465,"Carver, MN",44.807117,-93.78718
10946,"Corcoran, MN",45.095108,-93.54756
30015,"Luverne, MN",43.654236,-96.21278
14932,"Avon, MN",45.60913,-94.45167
51667,"Dayton, MN",45.243855,-93.51496
49192,"Eveleth, MN",47.46276,-92.538826
12957,"New Prague, MN",44.543335,-93.57604
32567,"Lonsdale, MN",44.48024,-93.42856
30051,"Roseau, MN",48.771038,-95.76979
30929,"Clear Lake, MN",45.444965,-93.99887
17972,"Ely, MN",47.90157,-91.85725
8348,"Caledonia, MN",43.635048,-91.49638
48527,"Windom, MN",43.86635,-95.116936
33372,"Pelican Rapids, MN",46.570793,-96.083115
32949,"Morris, MN",45.58607,-95.91394
47524,"Saint Paul Park, MN",44.847916,-92.998055
9505,"Saint James, MN",43.982456,-94.626915
12549,"Maple Lake, MN",45.229134,-94.00192
4671,"Falcon Heights, MN",44.98981,-93.176254
28075,"Zumbrota, MN",44.29397,-92.668915
9624,"Sandstone, MN",46.13106,-92.867424
44671,"Cokato, MN",45.075043,-94.19037
43231,"Watertown, MN",44.963657,-93.84699
9664,"Oronoco, MN",44.164284,-92.53507
13051,"Norwood Young America, MN",44.773575,-93.92164
45214,"Eyota, MN",43.98875,-92.22924
26194,"North Oaks, MN",45.102745,-93.07911
56081,"Montgomery, MN",44.438854,-93.581345
44599,"Circle Pines, MN",45.144882,-93.155365
32377,"Lake Crystal, MN",44.105797,-94.21885
47790,"Spicer, MN",45.23302,-94.94001
9813,"Deer River, MN",47.33281,-93.792816
10817,"Chisholm, MN",47.489925,-92.88353
30425,"Benson, MN",45.31496,-95.60004
4062,"Chatfield, MN",43.84463,-92.18809
35524,"Esko, MN",46.7073,-92.36316
12052,"International Falls, MN",48.601032,-93.41059
30495,"Blue Earth, MN",44.01097,-94.05606
21632,"Barnesville, MN",46.652184,-96.41979
44670,"Cohasset, MN",47.263557,-93.62022
28737,"Jackson, MN",43.67001,-95.15006
43693,"Hawley, MN",46.880795,-96.316734
56964,"Staples, MN",46.355,-94.793335
17776,"Dilworth, MN",46.87663,-96.703415
8797,"Moose Lake, MN",46.454372,-92.76198
37002,"Cass Lake, MN",47.3794,-94.60415
26903,"Saint Charles, MN",43.96936,-92.06598
52914,"Le Center, MN",44.38941,-93.73023
45759,"Hinckley, MN",46.01134,-92.944374
18724,"Janesville, MN",44.116077,-93.70801
15664,"Richmond, MN",45.454132,-94.51833
31954,"Harris, MN",45.586277,-92.97456
34661,"Warroad, MN",48.905266,-95.31441
46156,"Laporte, MN",47.21411,-94.75336
9814,"Montrose, MN",45.064964,-93.91108
52287,"Grand Marais, MN",47.750465,-90.33468
30322,"Bagley, MN",47.52162,-95.398346
53540,"New London, MN",45.298878,-94.93461
24930,"Grant, MN",45.93588,-96.02721
54517,"Spring Valley, MN",43.68701,-92.3893
26298,"Onamia, MN",46.070515,-93.66775
17364,"Centerville, MN",45.16302,-93.05578
40362,"Plainview, MN",44.16474,-92.17176
28743,"Dodge Center, MN",44.02802,-92.85473
19615,"Newport, MN",44.873474,-93.00039
50382,"Bayport, MN",45.021263,-92.78133
397862,"Columbus, MN",45.265118,-93.05005
23804,"Braham, MN",45.724743,-93.17064
55473,"Breckenridge, MN",46.265205,-96.58163
32140,"Independence, MN",45.02524,-93.707466
48367,"Waverly, MN",45.06663,-93.96636
40341,"Pine River, MN",46.718018,-94.40416
26242,"Oak Park Heights, MN",45.031357,-92.792984
3702,"Blooming Prairie, MN",43.866806,-93.05525
26896,"Saginaw, MN",46.859108,-92.44436
9492,"South Haven, MN",45.292286,-94.21207
52757,"Kenyon, MN",44.272186,-92.98548
16861,"Backus, MN",46.820236,-94.51639
5222,"Howard Lake, MN",45.0608,-94.07331
44884,"Deephaven, MN",44.929684,-93.52245
49460,"Osakis, MN",45.8669,-95.15236
6314,"Olivia, MN",44.77635,-94.98972
37173,"Arlington, MN",44.608295,-94.08053
32964,"Motley, MN",46.33663,-94.646126
34609,"Wabasha, MN",44.27676,-92.20181
4978,"Greenfield, MN",45.1033,-93.69135
39632,"Marine on Saint Croix, MN",45.198666,-92.7697
39993,"New York Mills, MN",46.518047,-95.37631
44030,"Barnum, MN",46.503002,-92.68853
5843,"Mayer, MN",44.884964,-93.88775
11987,"Houston, MN",43.662422,-91.46856
37731,"Canby, MN",44.708855,-96.276436
53449,"Mountain Iron, MN",47.53287,-92.622696
16312,"Springfield, MN",44.23857,-94.975815
27015,"Sebeka, MN",46.62996,-95.08891
23189,"Aurora, MN",47.529854,-92.23676
4786,"Fosston, MN",47.576347,-95.75141
10045,"Afton, MN",44.90284,-92.78323
26031,"Mountain Lake, MN",43.9393,-94.93092
21459,"Carlton, MN",46.579994,-92.720634
47822,"Stanchfield, MN",45.665943,-93.184265
16542,"Eagle Lake, MN",44.164967,-93.88134
14172,"Tracy, MN",44.23329,-95.61918
12285,"Lakefield, MN",43.67746,-95.17166
23075,"Redwood Falls, MN",44.53937,-95.11645
6882,"Saint Augusta, MN",45.478577,-94.15415
32628,"Madelia, MN",44.050735,-94.41833
12513,"Mahnomen, MN",47.33136,-95.81429
30356,"Battle Lake, MN",46.281055,-95.71396
31984,"Hayfield, MN",43.89062,-92.8479
26274,"Ogilvie, MN",45.832184,-93.42634
30123,"Ada, MN",47.29969,-96.51534
28548,"Ellendale, MN",43.872845,-93.30107
26803,"Rockford, MN",45.088295,-93.73441
35511,"Glyndon, MN",46.87524,-96.578964
16148,"Waterville, MN",44.21899,-93.56797
43979,"Atwater, MN",45.136333,-94.78102
7100,"Slayton, MN",43.987743,-95.755844
30617,"Browerville, MN",46.085262,-94.86717
42804,"Pillager, MN",46.329967,-94.474174
41824,"Zimmerman, MN",45.443275,-93.589966
40448,"Proctor, MN",46.74716,-92.22547
29089,"McGregor, MN",46.606617,-93.31384
35815,"Ortonville, MN",45.304688,-96.44478
17357,"Center City, MN",45.393852,-92.816605
50075,"Watkins, MN",45.315243,-94.4086
54937,"Verndale, MN",46.398296,-95.01475
11067,"Deerwood, MN",46.47357,-93.89887
5753,"Madison Lake, MN",44.204376,-93.815506
52943,"Lester Prairie, MN",44.88385,-94.04164
19788,"Osseo, MN",45.119392,-93.40246
28524,"Gaylord, MN",44.55302,-94.22053
45717,"Henderson, MN",44.52823,-93.90774
48305,"Walker, MN",47.10155,-94.57984
40772,"Scandia, MN",45.253365,-92.8063
48335,"Warren, MN",48.19659,-96.772705
19461,"Mora, MN",45.876904,-93.29384
12545,"Mantorville, MN",44.06784,-92.755135
28819,"Hanover, MN",45.155796,-93.66635
39962,"Nevis, MN",46.96515,-94.839554
47882,"Sturgeon Lake, MN",46.38116,-92.823845
41757,"Winsted, MN",44.964634,-94.048965
7243,"Starbuck, MN",45.614452,-95.53111
39374,"Lauderdale, MN",44.994328,-93.20187
38612,"Freeport, MN",45.66241,-94.69023
16418,"Clara City, MN",44.95496,-95.3664
23385,"Lake Park, MN",46.885563,-96.09573
50293,"Pequot Lakes, MN",46.60302,-94.30944
41586,"Waubun, MN",47.180706,-95.93889
47130,"Pipestone, MN",44.027,-96.25666
26729,"Renville, MN",44.72429,-94.90848
35384,"Henning, MN",46.32163,-95.44531
31504,"Fairfax, MN",44.52913,-94.72082
43642,"Goodhue, MN",44.396973,-92.71756
28329,"Adrian, MN",43.63494,-95.93336
20119,"Red Lake Falls, MN",47.88225,-96.2732
29121,"Lewiston, MN",43.98468,-91.86959
33770,"Rushford Village, MN",43.80663,-91.791534
12551,"Mapleton, MN",43.928852,-93.95606
41296,"Truman, MN",43.827744,-94.438934
170467,"Mapleview, MN",43.69042,-92.97479
8328,"Albany, MN",45.629963,-94.57001
50409,"Dawson, MN",44.93274,-96.05448
26111,"New Richland, MN",43.89385,-93.49383
18711,"Isle, MN",46.138012,-93.470795
10054,"Akeley, MN",47.004196,-94.72696
49983,"Winthrop, MN",44.54302,-94.36637
43495,"Taylors Falls, MN",45.401844,-92.65253
45121,"Elgin, MN",44.130245,-92.25156
27638,"Utica, MN",43.975517,-91.95488
36290,"Winnebago, MN",43.767715,-94.1659
22849,"Welch, MN",44.568302,-92.73853
25864,"Merrifield, MN",46.464966,-94.172775
40020,"Nicollet, MN",44.33804,-94.23621
48988,"Kellogg, MN",44.30858,-91.99572
42747,"Mazeppa, MN",44.27302,-92.54491
45659,"Harmony, MN",43.555187,-92.01018
43403,"Hillman, MN",46.00413,-93.89387
56957,"Hoyt Lakes, MN",47.519646,-92.138504
11647,"Good Thunder, MN",44.004684,-94.06579
12499,"Madison, MN",45.009686,-96.19588
39021,"Holdingford, MN",45.731075,-94.47
35654,"Fertile, MN",47.53607,-96.28023
24631,"Evansville, MN",46.004128,-95.68282
48379,"Webster, MN",44.529686,-93.35272
41329,"Underwood, MN",46.28532,-95.87122
47505,"Saint Bonifacius, MN",44.905518,-93.74747
50891,"Baudette, MN",48.71244,-94.600174
12836,"Morristown, MN",44.226448,-93.44431
169772,"Elbow Lake, MN",45.994125,-95.97672
56060,"Fort Ripley, MN",46.166077,-94.36028
38653,"Garfield, MN",45.940697,-95.492134
11632,"Glenville, MN",43.572754,-93.281425
29481,"Shevlin, MN",47.530033,-95.25927
17663,"Cushing, MN",46.139687,-94.57696
38450,"Excelsior, MN",44.903297,-93.566345
52474,"Hector, MN",44.74385,-94.715546
10208,"Audubon, MN",46.863293,-95.98172
27852,"West Concord, MN",44.15337,-92.899216
56750,"Silver Lake, MN",44.903297,-94.19553
32798,"Medford, MN",44.17413,-93.24632
55162,"Wheaton, MN",45.804405,-96.49923
17563,"Cook, MN",47.91491,-90.47301
11771,"Hackensack, MN",46.93003,-94.52041
24238,"Cottonwood, MN",44.01907,-95.165886
38689,"Gilbert, MN",47.48891,-92.4652
19406,"Minneota, MN",44.55885,-95.98559
8749,"Eagle Bend, MN",46.164963,-95.03919
15452,"Foreston, MN",45.734413,-93.710526
13391,"Preston, MN",43.670242,-92.08321
55816,"Embarrass, MN",47.658504,-92.198265
36758,"Spring Park, MN",44.935326,-93.63229
28850,"Kasota, MN",44.292465,-93.96496
30627,"Brownton, MN",44.731907,-94.35026
49521,"Rock Creek, MN",45.757458,-92.96243
27045,"Shafer, MN",45.38691,-92.74771
31764,"Glencoe, MN",44.769188,-94.151566
32488,"Lexington, MN",45.138702,-93.16856
6347,"Orr, MN",48.053528,-92.831
12287,"Lakeland, MN",44.955055,-92.77091
10698,"Cannon Falls, MN",44.506844,-92.90622
45426,"Gibbon, MN",44.53385,-94.52637
56351,"Pine City, MN",45.82607,-92.968544
4998,"Grey Eagle, MN",45.82463,-94.749374
38540,"Floodwood, MN",46.929108,-92.91965
39497,"Long Lake, MN",44.98639,-93.571594
20609,"Spring Grove, MN",43.561016,-91.63595
37556,"Breezy Point, MN",46.61663,-94.216934
43639,"Eden Valley, MN",45.326073,-94.546104
28755,"Finlayson, MN",46.201614,-92.91604
47298,"Raymond, MN",45.015793,-95.238625
48827,"Dent, MN",46.55357,-95.71644
25746,"Maple Plain, MN",45.007187,-93.65579
13136,"Ottertail, MN",46.425514,-95.55727
51446,"Clearbrook, MN",47.691902,-95.43112
27759,"Wanamingo, MN",44.30439,-92.79061
22019,"Le Roy, MN",43.509663,-92.50328
19635,"Nisswa, MN",46.520523,-94.28861
34371,"Tyler, MN",44.2783,-96.13476
46864,"Ogema, MN",47.10409,-95.92554
31883,"Grove City, MN",45.15052,-94.68305
14167,"Tower, MN",47.804985,-92.27665
48389,"Welcome, MN",43.667114,-94.61879
52398,"Hancock, MN",45.49746,-95.796715
3802,"Brewster, MN",43.698574,-95.46861
42433,"Grygla, MN",48.300545,-95.61773
14727,"Wrenshall, MN",46.61969,-92.38563
36299,"Swanville, MN",45.916927,-94.63836
26395,"Parkers Prairie, MN",46.15302,-95.328926
41981,"Babbitt, MN",47.708714,-91.944084
16632,"Walnut Grove, MN",44.22301,-95.46945
8921,"Marble, MN",47.320496,-93.29854
27673,"Vergas, MN",46.656628,-95.80533
49512,"Palisade, MN",46.713287,-93.48857
45537,"Grasston, MN",45.79468,-93.14911
31278,"Dundas, MN",44.429436,-93.20209
44167,"Bigfork, MN",47.74453,-93.65399
48642,"Bird Island, MN",44.76746,-94.89555
45554,"Greenbush, MN",48.700123,-96.1813
11670,"Grand Meadow, MN",43.706177,-92.57181
12626,"Maynard, MN",44.906902,-95.46891
48971,"Bertha, MN",46.26663,-95.062805
57014,"Puposky, MN",47.67772,-94.90718
31583,"Foley, MN",45.663513,-93.91373
13815,"Sherburn, MN",43.65218,-94.72692
32617,"Mabel, MN",43.520523,-91.76959
16755,"Amboy, MN",43.88787,-94.15852
16457,"Bowlus, MN",45.81941,-94.40945
31916,"Hallock, MN",48.774426,-96.94645
36439,"Rose Creek, MN",43.603577,-92.831856
51638,"Dalton, MN",46.173847,-95.91561
8021,"Wykoff, MN",43.707188,-92.26822
24906,"Goodview, MN",44.06199,-91.69544
170398,"Long Beach, MN",45.654682,-95.417534
43663,"Pennock, MN",45.14885,-95.17641
35551,"Lake Benton, MN",44.261078,-96.28754
21563,"Dennison, MN",44.40729,-93.03962
47281,"Randall, MN",46.091076,-94.50362
54772,"Twin Valley, MN",47.26024,-96.25895
11905,"Hill City, MN",46.993286,-93.598564
23957,"Carlos, MN",45.97246,-95.29226
16495,"Askov, MN",46.186615,-92.78257
22253,"Randolph, MN",44.526077,-93.019936
45464,"Glenwood, MN",45.650238,-95.389755
40773,"Scanlon, MN",46.707268,-92.42727
25887,"Milaca, MN",45.7558,-93.65441
40690,"Saint Clair, MN",44.081875,-93.85774
34403,"Upsala, MN",45.8108,-94.571396
36987,"Wells, MN",43.744064,-93.72562
52882,"Lamberton, MN",44.231068,-95.26416
34012,"Sleepy Eye, MN",44.29717,-94.724205
20716,"Sunfish Lake, MN",44.8708,-93.09855
17046,"Blackduck, MN",47.733337,-94.54823
29293,"Stewart, MN",44.724686,-94.48582
49864,"Williams, MN",48.768314,-94.95522
34031,"Solway, MN",47.519955,-95.12917
9590,"Hamburg, MN",44.733295,-93.96719
170185,"Iron, MN",47.933384,106.8202
25147,"Hoffman, MN",45.829403,-95.79199
18797,"Karlstad, MN",48.57752,-96.51896
31865,"Greenwald, MN",45.60163,-94.860016
11143,"Dover, MN",43.97374,-92.13872
11334,"Erhard, MN",46.485516,-96.09867
35522,"Erskine, MN",47.666985,-96.009964
33702,"Rochert, MN",46.85996,-95.68782
29109,"Melrose, MN",45.674683,-94.807556
44639,"Cleveland, MN",44.325523,-93.83773
37891,"Clarissa, MN",46.13024,-94.94864
8459,"Hills, MN",43.527554,-96.35905
51259,"Canton, MN",43.52969,-91.92988
53036,"Longville, MN",46.986343,-94.211365
22621,"Willow River, MN",46.320175,-92.83831
5074,"Hartland, MN",43.803722,-93.48664
10602,"Buckman, MN",45.897465,-94.0936
9628,"Minnesota Lake, MN",43.840992,-93.83274
3676,"Birchwood, MN",44.953117,-93.352684
41282,"Trimont, MN",43.762177,-94.7072
24353,"Dellwood, MN",45.089966,-92.972435
15274,"Elysian, MN",44.198822,-93.6734
18854,"Knife River, MN",47.040146,-91.75995
51424,"Claremont, MN",44.044167,-92.997696
8985,"Rollingstone, MN",44.09774,-91.81682
44865,"Darwin, MN",45.09635,-94.41082
28917,"Osage, MN",46.920326,-95.25691
32387,"Lake Lillian, MN",44.943516,-94.87988
44339,"Brooten, MN",45.501076,-95.124466
15721,"McIntosh, MN",47.636906,-95.88642
171126,"Skyline, MN",44.14219,-94.03079
24852,"Geneva, MN",43.82326,-93.267914
51901,"Emily, MN",46.73107,-93.95803
20286,"Sabin, MN",46.779686,-96.65313
40631,"Roosevelt, MN",48.80341,-95.098206
22512,"Miltona, MN",46.04413,-95.29143
8480,"Gem Lake, MN",45.057465,-93.03244
8118,"Deer Creek, MN",46.39107,-95.32143
11413,"Farwell, MN",45.752182,-95.61727
43298,"Ulen, MN",47.07885,-96.25895
9943,"Richville, MN",46.506626,-95.6256
17603,"Courtland, MN",44.2683,-94.34025
12940,"New Germany, MN",44.88413,-93.97053
25853,"Mentor, MN",47.698456,-96.14135
44303,"Bricelyn, MN",43.56219,-93.81233
18538,"Hendricks, MN",44.507187,-96.42421
26931,"Salol, MN",48.86621,-95.57092
44773,"Cotton, MN",47.16938,-92.4763
54222,"Rothsay, MN",46.473953,-96.28086
6269,"Oak Park, MN",45.168022,-93.265785
30104,"Kensington, MN",45.778015,-95.69616
52725,"Kandiyohi, MN",45.142372,-95.00259
21637,"Bruno, MN",46.279114,-92.66436
50825,"Badger, MN",48.782997,-96.01413
25389,"Kettle River, MN",46.488403,-92.877335
38604,"Freeborn, MN",43.67636,-93.35017
9816,"Morgan, MN",44.416904,-94.925545
44617,"Clarkfield, MN",44.790512,-95.80864
52316,"Green Isle, MN",44.67913,-94.0083
8251,"Brownsdale, MN",43.740242,-92.869354
42336,"Lafayette, MN",44.446632,-94.395256
21393,"Wright, MN",45.148907,-93.96392
16630,"Wahkon, MN",46.11879,-93.52157
30125,"Adams, MN",43.565067,-92.71854
10014,"Clarks Grove, MN",43.76392,-93.32896
12150,"Kabetogama, MN",48.437695,-93.027374
170302,"Lake Saint Croix Beach, MN",44.92416,-92.76962
13643,"Sacred Heart, MN",44.786903,-95.35168
31116,"Crosby, MN",46.482185,-93.95776
45895,"Ironton, MN",46.477463,-93.97776
25669,"Lowry, MN",45.704887,-95.5191
41776,"Wood Lake, MN",44.652737,-95.53835
56216,"Nerstrand, MN",44.34191,-93.067986
57163,"Dexter, MN",43.71971,-92.70455
4572,"Elmore, MN",43.504814,-94.08798
18348,"Granada, MN",43.695896,-94.34782
9544,"Westbrook, MN",44.04056,-95.43453
16119,"Silver Bay, MN",47.294296,-91.25737
28925,"Racine, MN",43.776016,-92.482704
7368,"Tamarack, MN",46.64439,-93.12717
40140,"Oklee, MN",47.83875,-95.85479
25591,"Lilydale, MN",44.916077,-93.12605
23878,"Buffalo Lake, MN",44.737183,-94.616936
170499,"McGrath, MN",46.240044,-93.2729
29486,"Warba, MN",47.12883,-93.2666
53248,"Meadowlands, MN",47.071884,-92.732414
26580,"Ponsford, MN",46.96996,-95.383865
37696,"Callaway, MN",46.98246,-95.90977
34948,"Zumbro Falls, MN",44.283207,-92.42197
29922,"East Gull Lake, MN",46.407913,-94.35645
52737,"Kelliher, MN",47.941624,-94.44829
45725,"Herman, MN",45.80856,-96.14342
15458,"Hanska, MN",44.14885,-94.49413
8284,"Clinton, MN",45.460243,-96.43367
41864,"Angora, MN",47.77492,-92.63406
5407,"Kerkhoven, MN",45.193016,-95.32058
44337,"Brookston, MN",46.86772,-92.603806
28494,"Effie, MN",47.84022,-93.64297
6356,"Ostrander, MN",43.613575,-92.42795
57149,"Nashwauk, MN",47.377453,-93.166405
11525,"Franklin, MN",44.528294,-94.88055
55410,"Dalbo, MN",45.65885,-93.39884
19953,"Pine Springs, MN",45.035828,-92.954834
8433,"Hewitt, MN",46.32552,-95.08669
15098,"Comfrey, MN",44.110237,-94.90471
53117,"Makinen, MN",47.35715,-92.36768
5701,"Loretto, MN",45.054684,-93.63551
46563,"Minnetonka Beach, MN",44.939686,-93.57662
9124,"Littlefork, MN",48.398296,-93.5545
44386,"Burtrum, MN",45.867466,-94.68501
44348,"Browns Valley, MN",45.595238,-96.833405
38528,"Fisher, MN",47.80007,-96.80145
4218,"Cosmos, MN",44.93638,-94.69682
17250,"Butterfield, MN",43.958363,-94.794624
52017,"Fifty Lakes, MN",46.73913,-94.09303
14043,"Sunburg, MN",45.34774,-95.23836
43626,"Echo, MN",44.6169,-95.41751
48839,"Brownsville, MN",43.694134,-91.279854
24840,"Garrison, MN",46.29443,-93.8272
12196,"Kilkenny, MN",44.313297,-93.57411
21666,"Buhl, MN",47.49354,-92.77796
49716,"Plato, MN",44.774406,-94.03997
50251,"Appleton, MN",45.196907,-96.01977
50868,"Barrett, MN",45.910515,-95.89033
50463,"Gonvick, MN",47.737045,-95.51319
14115,"Tenstrike, MN",47.656384,-94.676865
52090,"Fountain, MN",43.739964,-92.13627
55773,"Hokah, MN",43.75941,-91.34653
19137,"Lynd, MN",44.38607,-95.890305
42360,"Granite Falls, MN",44.80996,-95.54558
9422,"Tonka Bay, MN",44.908573,-93.59301
28570,"Lake Shore, MN",46.485523,-94.36056
19692,"Northrop, MN",43.736343,-94.436356
29200,"Millville, MN",44.24469,-92.29573
51154,"Brook Park, MN",45.949318,-93.07554
33462,"Plummer, MN",47.911385,-96.041466
34553,"Vesta, MN",44.507736,-95.4164
18450,"Hampton, MN",44.61078,-93.00014
24122,"Climax, MN",47.60775,-96.817024
18392,"Greenwood, MN",44.914963,-93.55329
31810,"Graceville, MN",45.569588,-96.4333
27455,"Trail, MN",47.7794,-95.69313
56645,"Viking, MN",48.218636,-96.40586
19691,"Northome, MN",47.8725,-94.28003
22376,"Pennington, MN",48.051334,-96.082924
44857,"Danvers, MN",45.281906,-95.75198
32210,"Jasper, MN",43.84971,-96.397385
46346,"Lyle, MN",43.50535,-92.94356
10997,"Cromwell, MN",46.68078,-92.884094
24130,"Clitherall, MN",46.27496,-95.63116
52560,"Holyoke, MN",46.46744,-92.38853
10185,"Ashby, MN",46.093018,-95.81755
31285,"Dunnell, MN",43.559402,-94.77443
39024,"Hollandale, MN",43.76083,-93.2042
43488,"Lengby, MN",47.51577,-95.63587
55437,"Delavan, MN",43.767796,-94.019684
9478,"Russell, MN",44.31913,-95.95169
32300,"Kiester, MN",43.536343,-93.712166
28574,"Emmons, MN",43.5018,-93.488335
43077,"Vernon Center, MN",43.961906,-94.16913
11469,"Forbes, MN",47.371597,-92.60407
31169,"Danube, MN",44.791904,-95.09722
38143,"Dassel, MN",45.08163,-94.30693
6865,"Rush City, MN",45.685516,-92.96549
51829,"Easton, MN",43.765472,-93.90118
53075,"Lutsen, MN",47.647083,-90.674866
28339,"Beardsley, MN",45.558247,-96.71237
57321,"Woodstock, MN",44.009132,-96.10058
4702,"Federal Dam, MN",47.245792,-94.21598
35295,"Cologne, MN",44.77163,-93.78135
53263,"Menahga, MN",46.75395,-95.0977
45640,"Hanley Falls, MN",44.692734,-95.62196
35089,"Ceylon, MN",43.533566,-94.631645
18018,"Euclid, MN",47.971867,-96.63889
38522,"Finland, MN",47.417313,-91.246414
4124,"Clearwater, MN",47.56438,-95.37479
19196,"Marcell, MN",47.593037,-93.690765
14872,"Cyrus, MN",45.61468,-95.738106
6501,"Pierz, MN",45.97721,-94.10347
41549,"Waltham, MN",43.821644,-92.87719
35426,"Garden City, MN",44.047184,-94.164955
43241,"Royalton, MN",45.829914,-94.2937
13138,"Outing, MN",46.820515,-93.94803
8205,"Brimson, MN",47.276505,-91.86717
19778,"Ormsby, MN",43.84829,-94.697754
45780,"Holland, MN",44.091637,-96.188644
18519,"Hayward, MN",43.650513,-93.244095
43835,"Aitkin, MN",46.571484,-93.38476
6850,"Round Lake, MN",43.54052,-95.46834
26923,"Saint Stephen, MN",45.702744,-94.27444
49251,"Isabella, MN",47.61713,-91.35487
24156,"Coleraine, MN",47.28883,-93.42771
49894,"Sargeant, MN",43.805237,-92.80146
20311,"Saint Marys Point, MN",38.913445,-104.79233
8781,"Prinsburg, MN",44.93385,-95.18751
29990,"Halstad, MN",47.351627,-96.82863
19888,"Pemberton, MN",44.007668,-93.78334
31361,"Edgerton, MN",43.872467,-96.12864
40411,"Porter, MN",44.636353,-96.165596
3347,"Alborn, MN",46.972996,-92.57603
50300,"Bethel, MN",45.4041,-93.26781
15056,"Belgrade, MN",45.453022,-95.00446
45595,"Gully, MN",47.76857,-95.622795
7743,"Waldorf, MN",43.93492,-93.697495
15767,"Lewisville, MN",43.92329,-94.43747
26270,"Odin, MN",43.866344,-94.74276
47693,"Side Lake, MN",47.665207,-93.01574
22597,"Willernie, MN",45.054134,-92.956604
27340,"Swan River, MN",47.151844,-93.27084
170310,"Lakeland Shores, MN",44.948906,-92.76727
12668,"Medicine Lake, MN",45.00808,-93.41973
8564,"Hovland, MN",47.839508,-89.97301
29741,"Balaton, MN",44.233295,-95.87224
22675,"Winger, MN",47.53607,-95.98837
24808,"Frontenac, MN",44.511078,-92.35657
48724,"Dakota, MN",44.666656,-93.044914
28456,"Henriette, MN",45.871624,-93.11744
19786,"Oslo, MN",48.195133,-97.13116
46153,"Lanesboro, MN",43.7208,-91.97682
57133,"Woodland, MN",44.948475,-93.510506
16369,"Rushford, MN",43.80826,-91.75313
51261,"Canyon, MN",47.03994,-92.47075
29699,"Alvarado, MN",48.19415,-96.99618
170280,"La Prairie, MN",47.228275,-93.489105
25386,"Kerrick, MN",46.339344,-92.58701
57326,"Biwabik, MN",47.53298,-92.34018
42146,"Frazee, MN",46.727806,-95.70014
39159,"Jenkins, MN",46.646072,-94.33472
47859,"Stockton, MN",44.027462,-91.769875
31090,"Crane Lake, MN",48.26669,-92.489426
54710,"Tofte, MN",47.57387,-90.8364
23295,"Reads Landing, MN",44.402187,-92.079056
54340,"Schroeder, MN",47.54313,-90.89747
49025,"Kimball, MN",45.31248,-94.30026
6447,"Paynesville, MN",45.38047,-94.71189
49044,"Fulda, MN",43.870518,-95.60029
27779,"Warsaw, MN",44.24941,-93.39383
6725,"Remer, MN",47.056065,-93.91607
24864,"Gilman, MN",45.735245,-93.94915
30201,"Altura, MN",44.07163,-91.939606
20554,"Soudan, MN",47.81575,-92.237656
23080,"Bovey, MN",47.295322,-93.41542
10063,"Alden, MN",43.670338,-93.576195
13636,"Rutledge, MN",46.259583,-92.866455
38969,"Heron Lake, MN",43.79496,-95.320274
48235,"Vermillion, MN",44.673576,-92.967155
18795,"Kansas City, MO",39.100105,-94.57814
6891,"Saint Louis, MO",38.62803,-90.19102
7222,"Springfield, MO",37.20817,-93.292274
10918,"Columbia, MO",38.95188,-92.33374
12038,"Independence, MO",39.09248,-94.413795
40689,"Saint Charles, MO",38.783855,-90.481674
39398,"Lees Summit, MO",38.8744,-94.18181
31580,"Florissant, MO",38.79197,-90.32278
13059,"O Fallon, MO",38.79025,-90.70333
40704,"Saint Joseph, MO",39.768604,-94.846634
52683,"Jefferson City, MO",38.57736,-92.172424
45966,"Joplin, MO",37.084183,-94.513336
47526,"Saint Peters, MO",38.79161,-90.59585
37464,"Blue Springs, MO",39.017315,-94.282265
30338,"Ballwin, MO",38.59617,-90.538734
34718,"Wentzville, MO",38.824413,-90.86831
51386,"Chesterfield, MO",38.661953,-90.56432
31546,"Fenton, MO",38.5132,-90.440056
23942,"Cape Girardeau, MO",37.30473,-89.51764
15924,"Wildwood, MO",38.580696,-90.63144
16807,"Arnold, MO",38.422672,-90.37583
26256,"Oakville, MO",38.43927,-90.31601
29212,"Poplar Bluff, MO",36.756317,-90.394485
54801,"University City, MO",38.65691,-90.31034
8878,"Ozark, MO",36.646782,-92.45752
54364,"Sedalia, MO",38.70983,-93.22955
26158,"Nixa, MO",37.043385,-93.29866
47440,"Rolla, MO",37.95093,-91.770805
18976,"Lebanon, MO",37.680668,-92.66378
13453,"Raytown, MO",39.008923,-94.46221
24701,"Festus, MO",38.22071,-90.39595
5624,"Liberty, MO",39.24648,-94.41908
46488,"Mehlville, MO",38.504944,-90.315636
45239,"Farmington, MO",37.780304,-90.42264
52216,"Gladstone, MO",39.221478,-94.571976
52791,"Kirkwood, MO",38.58007,-90.40692
12083,"Jackson, MO",39.035522,-94.35835
18676,"Imperial, MO",38.365276,-90.37709
21161,"Warrensburg, MO",38.762436,-93.74096
41291,"Troy, MO",38.979492,-90.9807
3788,"Branson, MO",36.644077,-93.21693
18357,"Grandview, MO",38.889847,-94.53138
28986,"Neosho, MO",36.86652,-94.37016
14570,"West Plains, MO",36.728165,-91.85258
21186,"Webster Groves, MO",38.59234,-90.35643
33599,"Raymore, MO",38.81013,-94.46765
33633,"Republic, MO",37.11938,-93.48038
42716,"Maryland Heights, MO",38.71505,-90.436
44124,"Belton, MO",38.81081,-94.53135
14481,"Washington, MO",37.95595,-90.8791
24815,"Fulton, MO",38.846706,-91.94796
11056,"De Soto, MO",38.138813,-90.55392
49363,"Hannibal, MO",39.70825,-91.35874
4946,"Grain Valley, MO",39.018764,-94.19765
54786,"Union, MO",38.44439,-91.00823
48883,"Affton, MO",38.54583,-90.32473
51590,"Creve Coeur, MO",38.6613,-90.44237
26970,"Sappington, MO",38.520607,-90.37121
172302,"Concord, MO",38.51641,-90.35503
51075,"Bolivar, MO",37.613693,-93.4108
31989,"Hazelwood, MO",38.776146,-90.37159
32661,"Manchester, MO",38.59253,-90.51074
45261,"Ferguson, MO",38.744705,-90.303894
19798,"Overland, MO",38.701164,-90.362335
13942,"Spanish Lake, MO",38.793076,-90.20678
40314,"Perryville, MO",37.727512,-89.86455
25474,"Lake Saint Louis, MO",38.785027,-90.7935
36618,"Hillsboro, MO",38.232277,-90.562904
42197,"High Ridge, MO",38.459023,-90.53414
24101,"Clayton, MO",38.650436,-90.33625
46216,"Lemay, MO",38.529808,-90.28193
32715,"Marshall, MO",39.123077,-93.19687
12585,"Marshfield, MO",37.33022,-92.9069
36810,"Bonne Terre, MO",37.924767,-90.551056
12119,"Jennings, MO",38.719185,-90.26112
40903,"Sikeston, MO",36.87672,-89.58786
31960,"Harrisonville, MO",38.655125,-94.34711
12167,"Kearney, MO",39.373188,-94.36214
25874,"Mexico, MO",39.16976,-91.88295
18843,"Kirksville, MO",40.194885,-92.5834
14169,"Town and Country, MO",38.612274,-90.463455
15671,"Maryville, MO",40.346046,-94.87238
16581,"Pleasant Hill, MO",38.786293,-94.27409
27817,"Webb City, MO",37.143574,-94.46347
38138,"Dardenne Prairie, MO",38.769497,-90.72902
43641,"Eureka, MO",38.502552,-90.62791
26393,"Park Hills, MO",37.8518,-90.522896
29063,"Rogersville, MO",37.11763,-93.05723
31222,"Dexter, MO",36.79326,-89.95325
26540,"Platte City, MO",39.367184,-94.77958
50159,"Sainte Genevieve, MO",37.88958,-90.18566
20702,"Sullivan, MO",40.1993,-93.1141
6136,"Nevada, MO",37.83811,-94.35962
44464,"Carthage, MO",37.176514,-94.31034
10216,"Aurora, MO",36.972485,-93.72116
44306,"Bridgeton, MO",38.756607,-90.42352
42159,"Kennett, MO",36.23811,-90.05516
29879,"Crestwood, MO",38.558777,-90.38354
44417,"Camdenton, MO",38.011448,-92.74487
4811,"Fredericktown, MO",37.559776,-90.29401
36408,"Warrenton, MO",38.810753,-91.15027
27810,"Waynesville, MO",37.81414,-92.226685
3612,"Bellefontaine Neighbors, MO",38.74033,-90.2265
10258,"Barnhart, MO",38.33972,-90.406746
33203,"Oak Grove, MO",39.00484,-94.12919
22889,"Saint Ann, MO",38.727272,-90.38317
13881,"Smithville, MO",39.38684,-94.5816
9534,"Salem, MO",37.6456,-91.53598
30878,"Chillicothe, MO",39.794876,-93.553276
24579,"Ellisville, MO",38.59464,-90.58484
13652,"Saint Clair, MO",38.345276,-90.98096
12777,"Moberly, MO",39.420113,-92.43643
3940,"Cameron, MO",39.741272,-94.23845
39049,"House Springs, MO",38.408943,-90.57012
6452,"Peculiar, MO",38.714546,-94.46112
47528,"Saint Robert, MO",37.814075,-92.137505
10712,"Carl Junction, MO",37.176704,-94.564995
34185,"Sunset Hills, MO",38.53894,-90.40734
52548,"Hollister, MO",36.624184,-93.217995
50206,"Warsaw, MO",38.244217,-93.3774
12250,"Ladue, MO",38.649773,-90.38068
20304,"Saint James, MO",37.997063,-91.614
23875,"Buffalo, MO",37.643467,-93.09276
56247,"Richmond Heights, MO",38.62827,-90.31913
37784,"Cassville, MO",36.67701,-93.86881
47377,"Richmond, MO",39.27862,-93.97689
4355,"Des Peres, MO",38.60498,-90.44268
40840,"Seymour, MO",37.14644,-92.76878
35088,"Centralia, MO",39.21032,-92.137955
21646,"Cuba, MO",38.063023,-91.403244
53444,"Mount Vernon, MO",37.10367,-93.81854
15634,"Parkville, MO",39.18963,-94.682686
9023,"Pevely, MO",38.283386,-90.39512
27463,"Trenton, MO",40.078903,-93.61661
51231,"California, MO",38.62868,-92.56596
15568,"Mountain Grove, MO",37.130608,-92.2635
56130,"Moscow Mills, MO",38.947826,-90.91819
41969,"Brentwood, MO",38.617554,-90.34928
5799,"Maplewood, MO",38.612553,-90.32456
10368,"Berkeley, MO",38.754494,-90.33122
33514,"Potosi, MO",37.93644,-90.78791
35652,"Doniphan, MO",36.62089,-90.823456
14515,"Weldon Spring, MO",38.716988,-90.65073
23556,"Ava, MO",36.951923,-92.66001
3769,"Bowling Green, MO",39.341988,-91.195145
54584,"Strafford, MO",37.26838,-93.11713
41457,"Valley Park, MO",38.549362,-90.49127
12295,"Lamar, MO",37.495052,-94.27687
7939,"Willard, MO",37.305046,-93.42853
44944,"Dixon, MO",37.991707,-92.09378
14380,"Versailles, MO",38.431416,-92.84103
33882,"Savannah, MO",39.94137,-94.82995
15557,"Macon, MO",39.841625,-92.56751
24235,"Cottleville, MO",38.74891,-90.65323
39648,"Marthasville, MO",38.628403,-91.05726
29678,"Greenwood, MO",38.851677,-94.34384
54568,"Stockton, MO",37.69893,-93.79604
40793,"Scott City, MO",37.21635,-89.52612
45793,"Holts Summit, MO",38.640316,-92.122406
56384,"Licking, MO",37.49949,-91.8571
47374,"Richland, MO",37.856983,-92.40434
29770,"Black Jack, MO",38.793385,-90.267334
19165,"Malden, MO",36.556892,-89.966064
48267,"Villa Ridge, MO",38.46307,-90.879135
46058,"Knob Noster, MO",38.76668,-93.55855
8901,"Palmyra, MO",39.79422,-91.523254
29758,"Owensville, MO",38.345604,-91.50155
15545,"Osage Beach, MO",38.12599,-92.672325
27095,"Shrewsbury, MO",38.586746,-90.326965
19756,"Olivette, MO",38.66533,-90.37595
13662,"Saint John, MO",38.71076,-90.34992
51296,"Caruthersville, MO",36.19166,-89.65485
24638,"Excelsior Springs, MO",39.341724,-94.22235
24126,"Clinton, MO",39.5976,-94.41849
28693,"Lawson, MO",39.43834,-94.20411
31379,"El Dorado Springs, MO",37.87698,-94.02133
45458,"Glendale, MO",38.59565,-90.38626
48867,"Clever, MO",37.030334,-93.47297
43119,"Seneca, MO",36.839733,-94.609184
13280,"Piedmont, MO",37.154495,-90.69569
14841,"Cedar Hill, MO",38.35779,-90.63143
5036,"Hallsville, MO",39.116985,-92.22073
39829,"Monett, MO",36.92895,-93.92771
36081,"Lexington, MO",39.18518,-93.88285
52507,"Higginsville, MO",39.075233,-93.717255
36942,"Hartsburg, MO",38.695034,-92.3088
17186,"Brookfield, MO",39.78447,-93.07353
12326,"Lathrop, MO",39.5483,-94.32907
46651,"Mountain View, MO",36.99533,-91.70376
34082,"Sparta, MO",37.001163,-93.081566
36924,"Pineville, MO",36.594517,-94.3841
17118,"Boonville, MO",38.975155,-92.744026
15063,"Cabool, MO",37.12394,-92.101265
51810,"East Prairie, MO",36.779778,-89.38563
34855,"Willow Springs, MO",36.992275,-91.96987
31598,"Forsyth, MO",36.685062,-93.1199
34129,"Steelville, MO",37.9681,-91.354866
15806,"Linn, MO",39.865234,-93.1104
11314,"Elsberry, MO",39.166714,-90.78096
7972,"Winfield, MO",38.997272,-90.73846
36289,"Windsor, MO",38.53224,-93.522156
46716,"New Haven, MO",38.608383,-91.21904
174201,"Normandy, MO",38.705486,-90.30141
21590,"Breckenridge Hills, MO",38.71978,-90.36762
25268,"Ironton, MO",37.59727,-90.62734
43958,"Ashland, MO",38.77448,-92.25713
53611,"North Kansas City, MO",39.143208,-94.5734
44537,"Chaffee, MO",37.18005,-89.65509
11122,"Dittmer, MO",38.33561,-90.68819
52000,"Fayette, MO",39.1463,-92.68336
35229,"Battlefield, MO",37.115406,-93.36427
12454,"Louisiana, MO",39.449215,-91.04658
46952,"Pacific, MO",38.481808,-90.741585
25958,"Montgomery City, MO",38.97754,-91.50488
50775,"Ash Grove, MO",37.315327,-93.5852
3983,"Carrollton, MO",39.358242,-93.496544
28591,"Houston, MO",37.32616,-91.955986
18349,"Granby, MO",36.91923,-94.25522
11079,"Dellwood, MO",38.749496,-90.28567
7324,"Sunrise Beach, MO",38.175865,-92.784355
25950,"Monroe City, MO",39.653652,-91.734604
41468,"Vandalia, MO",39.310875,-91.48849
40711,"Saint Paul, MO",38.861996,-90.74197
31838,"Gravois Mills, MO",38.30836,-92.82547
173053,"Green Park, MO",38.523663,-90.33845
47419,"Rock Hill, MO",38.60901,-90.365326
35916,"New Bloomfield, MO",38.720318,-92.09129
26159,"Noel, MO",36.545353,-94.4855
53144,"Mansfield, MO",37.10672,-92.58073
36730,"Sarcoxie, MO",37.069225,-94.11661
26542,"Plattsburg, MO",39.566395,-94.45213
7248,"Steele, MO",36.083958,-89.829254
39245,"Kimberling City, MO",36.633396,-93.416855
14766,"Canton, MO",40.132927,-91.52052
13536,"Riverside, MO",39.1775,-94.613014
11550,"Frontenac, MO",38.635845,-90.41498
4746,"Fordland, MO",37.15755,-92.940735
23687,"Bethany, MO",40.268333,-94.02829
8508,"Glasgow Village, MO",38.758953,-90.19955
12720,"Milan, MO",40.202347,-93.12527
50397,"Bloomfield, MO",36.885887,-89.92926
5196,"Holt, MO",40.098957,-95.213455
8008,"Woodson Terrace, MO",38.732967,-90.3574
54582,"Stover, MO",38.440857,-92.99187
54028,"Puxico, MO",36.949776,-90.15843
38097,"Crystal City, MO",38.221165,-90.37901
39488,"Lohman, MO",38.543087,-92.36435
20202,"Robertsville, MO",38.414776,-90.814026
33991,"Silex, MO",39.12338,-91.054306
26309,"Oran, MO",37.08505,-89.655365
27305,"Sugar Creek, MO",39.109726,-94.44467
26219,"Northwoods, MO",38.704216,-90.28345
17031,"Billings, MO",37.067554,-93.55214
24382,"Diamond, MO",36.995342,-94.316055
26106,"New London, MO",39.585323,-91.400986
29496,"Tipton, MO",38.656986,-92.77959
28844,"Hartville, MO",37.248425,-92.51268
54678,"Thayer, MO",36.524506,-91.5382
46048,"Kirbyville, MO",36.62312,-93.16407
19206,"Marionville, MO",37.004887,-93.636566
6303,"Old Monroe, MO",38.931717,-90.746796
23097,"Linn Creek, MO",38.037624,-92.7119
52616,"Iberia, MO",38.090317,-92.29267
16688,"Adrian, MO",38.39752,-94.351616
54796,"Unionville, MO",40.47696,-93.00326
53099,"Macks Creek, MO",37.965652,-92.972275
53575,"Niangua, MO",37.387268,-92.83267
18326,"Goodman, MO",36.73933,-94.40841
14975,"Desloge, MO",37.870884,-90.52734
18888,"Labadie, MO",38.528942,-90.850136
43668,"Gallatin, MO",39.914833,-93.96222
37231,"Auxvasse, MO",39.018097,-91.89712
19990,"Pleasant Valley, MO",39.212357,-94.481895
25632,"Lone Jack, MO",38.870842,-94.173836
19401,"Mineral Point, MO",37.94477,-90.7243
35729,"Kahoka, MO",40.42032,-91.71961
32012,"Herculaneum, MO",38.268387,-90.38012
46498,"Memphis, MO",40.457813,-92.171295
48968,"Benton, MO",38.29307,-93.30368
47486,"Russellville, MO",38.511696,-92.440186
52385,"Hamilton, MO",39.743618,-93.998276
9770,"Maysville, MO",39.889164,-94.3619
39625,"Marceline, MO",39.713512,-92.94825
28301,"Clarkson Valley, MO",38.626427,-90.59413
10377,"Bernie, MO",36.668945,-89.968704
51593,"Crocker, MO",37.94893,-92.26378
34550,"Verona, MO",36.963947,-93.79576
16912,"Bates City, MO",39.00612,-94.07245
396047,"Riverview, MO",38.74783,-90.2115
3922,"Cadet, MO",37.98755,-90.68846
13293,"Pine Lawn, MO",38.691006,-90.27689
32037,"Highlandville, MO",36.932835,-93.280464
46109,"Lake Ozark, MO",38.17988,-92.62264
25414,"Kingsville, MO",38.743065,-94.06995
33652,"Rich Hill, MO",38.09642,-94.36106
39079,"Huntsville, MO",39.44059,-92.54518
31022,"Conway, MO",37.501987,-92.82101
53399,"Montreal, MO",37.968475,-92.59134
14910,"Branson West, MO",36.696896,-93.368935
45116,"Eldon, MO",38.349445,-92.58052
13871,"Slater, MO",39.221313,-93.0613
13157,"Pagedale, MO",38.674973,-90.309425
31395,"Elkland, MO",37.4431,-93.03101
51888,"Ellington, MO",37.241714,-90.968735
35558,"Gower, MO",39.611996,-94.59781
41193,"Tebbetts, MO",38.620598,-91.9624
10763,"Centerview, MO",38.74418,-93.845215
19022,"Lincoln, MO",39.060547,-90.95936
44483,"Catawissa, MO",38.424774,-90.78263
16963,"Belle, MO",38.28569,-91.7225
28973,"Rocheport, MO",38.980034,-92.56407
27062,"Shelbina, MO",39.693928,-92.04295
23598,"Barnett, MO",38.37836,-92.67464
43335,"Weston, MO",39.414326,-94.900635
13682,"Salisbury, MO",39.423916,-92.801575
42597,"Oronogo, MO",37.188393,-94.47023
48313,"Walnut Grove, MO",37.411156,-93.549644
52199,"Gerald, MO",38.399773,-91.33071
36174,"Odessa, MO",38.99958,-93.953964
171754,"Bel-Ridge, MO",38.709496,-90.32539
34563,"Vienna, MO",38.18671,-91.947296
172041,"Byrnes Mill, MO",38.43783,-90.581795
3697,"Bland, MO",38.30278,-91.63321
15820,"Norwood, MO",37.108387,-92.41489
8706,"Drexel, MO",38.479458,-94.60857
23093,"Leslie, MO",38.417828,-91.23209
7296,"Sturgeon, MO",39.234207,-92.28073
37108,"Alton, MO",36.6945,-91.399635
48911,"Cole Camp, MO",38.460022,-93.202705
52151,"Gainesville, MO",36.60312,-92.428215
21477,"Bloomsdale, MO",38.0095,-90.217896
31408,"Ellsinore, MO",36.93422,-90.74679
43988,"Augusta, MO",38.57255,-90.88208
28309,"Crystal Lake Park, MO",38.620922,-90.4331
14789,"Birch Tree, MO",36.991165,-91.49264
30148,"Albany, MO",40.24747,-94.333206
9115,"Oak Ridge, MO",37.50116,-89.72982
4898,"Glasgow, MO",39.226395,-92.847
53331,"Miller, MO",38.211876,-92.43436
19009,"Liberal, MO",37.5581,-94.51996
5466,"La Monte, MO",38.77418,-93.42521
39643,"Marquand, MO",37.429222,-90.16817
53807,"Paris, MO",39.480873,-92.00128
23718,"Bismarck, MO",37.76922,-90.62485
38548,"Foley, MO",39.04644,-90.74235
3874,"Buckner, MO",39.133343,-94.19846
32914,"Moline Acres, MO",38.746994,-90.24011
30676,"Butler, MO",36.715134,-90.414635
172120,"Castle Point, MO",38.759758,-90.24817
22969,"Tarkio, MO",40.440277,-95.37776
55979,"Flemington, MO",37.804756,-93.50131
35042,"Blue Eye, MO",36.50067,-93.39689
31847,"Green Ridge, MO",38.620293,-93.40938
21739,"Campbell, MO",36.493393,-90.075096
4135,"Climax Springs, MO",38.10147,-93.05111
10161,"Archie, MO",38.48168,-94.35439
34529,"Van Buren, MO",36.995605,-91.01457
33452,"Plato, MO",37.503654,-92.224884
17359,"Centertown, MO",38.61864,-92.41241
39477,"Lockwood, MO",37.385605,-93.95327
27989,"Winona, MO",37.009773,-91.32346
15324,"Lampe, MO",36.563675,-93.437965
47253,"Purdy, MO",36.817287,-93.92076
41063,"Stewartsville, MO",39.75238,-94.49788
12005,"Humansville, MO",37.79448,-93.57798
53951,"Polo, MO",39.55223,-94.04077
42877,"Millersville, MO",37.43283,-89.799545
16110,"Washburn, MO",36.587013,-93.966034
8728,"Duquesne, MO",37.07673,-94.45939
47184,"Pomona, MO",36.86728,-91.914314
50387,"Collins, MO",37.88936,-93.619896
28034,"Wright City, MO",38.82755,-91.02014
25706,"Madison, MO",37.49147,-90.356766
10143,"Annapolis, MO",37.36033,-90.69762
22682,"Sweet Springs, MO",38.96363,-93.41493
40823,"Senath, MO",36.134235,-90.15982
46157,"Laquey, MO",37.770317,-92.303505
34697,"Weatherby Lake, MO",39.23778,-94.69607
50919,"Beaufort, MO",38.420883,-91.18904
54042,"Qulin, MO",36.59589,-90.24732
37122,"Amazonia, MO",39.887,-94.89202
11265,"Edina, MO",40.167538,-92.17268
22364,"Rocky Mount, MO",38.327705,-92.66925
28151,"Appleton City, MO",38.190582,-94.02939
22958,"Irondale, MO",37.831993,-90.678185
48396,"Wellsville, MO",39.071983,-91.57016
22526,"Lonedell, MO",38.30811,-90.82764
36025,"Phillipsburg, MO",37.553932,-92.7849
3791,"Braymer, MO",39.58696,-93.79604
27130,"Smithton, MO",38.68002,-93.09298
47896,"Summersville, MO",37.179214,-91.65681
36104,"Pleasant Hope, MO",37.463097,-93.27269
33933,"Seligman, MO",36.5208,-93.939064
49028,"Easton, MO",39.722416,-94.63958
52119,"Freeburg, MO",38.31504,-91.92267
172968,"Glenaire, MO",39.221394,-94.45134
37401,"Bertrand, MO",36.909496,-89.452576
34508,"Urbana, MO",37.84226,-93.16686
53530,"New Franklin, MO",39.01725,-92.737404
172809,"Flint Hill, MO",38.85505,-90.861244
13103,"Olympian Village, MO",38.136166,-90.4579
14086,"Taneyville, MO",36.741447,-93.03435
5133,"Hermitage, MO",37.94142,-93.31631
6472,"Perry, MO",37.710735,-89.843025
172317,"Cool Valley, MO",38.725914,-90.305916
31956,"Harrisburg, MO",39.141705,-92.46268
171874,"Bois D Arc, MO",37.25644,-93.5077
41838,"Cape Fair, MO",36.73006,-93.51019
19941,"Pilot Grove, MO",38.874744,-92.91158
396535,"Country Club, MO",39.832226,-94.82175
38098,"Crystal Lakes, MO",39.35945,-94.18994
17993,"Eolia, MO",39.235878,-91.008194
25116,"Higbee, MO",39.30476,-92.51268
27833,"Wellston, MO",38.67619,-90.28751
38346,"Eldridge, MO",37.82976,-92.74907
43690,"Portageville, MO",36.4293,-89.7013
51172,"Brumley, MO",38.086426,-92.48685
46203,"Leeton, MO",38.583073,-93.69466
49040,"Frohna, MO",37.63866,-89.62149
11836,"Hawk Point, MO",38.97088,-91.131256
15312,"Exeter, MO",36.67229,-93.94103
9769,"Matthews, MO",36.75922,-89.58675
35751,"Montrose, MO",38.2578,-93.98133
52858,"Lake Lotawana, MO",38.923065,-94.24411
28758,"Fisk, MO",36.781998,-90.20872
16222,"Saint Mary, MO",37.87894,-89.94928
53528,"New Florence, MO",38.91032,-91.44822
27764,"Wappapello, MO",36.935608,-90.27094
49216,"Fairfax, MO",40.338608,-95.39331
40870,"Shelbyville, MO",39.805874,-92.041565
27713,"Vinita Park, MO",38.693855,-90.3348
27490,"Tuscumbia, MO",38.23309,-92.45852
171753,"Bel-Nor, MO",38.701527,-90.318275
18873,"La Grange, MO",40.042824,-91.49766
24898,"Golden City, MO",37.393105,-94.093834
46927,"Osceola, MO",38.046978,-93.70353
22488,"Middletown, MO",39.126987,-91.41405
42635,"Raymondville, MO",37.339767,-91.83404
57186,"Frankford, MO",39.49303,-91.31926
41565,"Warson Woods, MO",38.60628,-90.38998
53663,"Oakland, MO",38.576443,-90.38567
16958,"Belgrade, MO",37.786716,-90.8493
45307,"Foristell, MO",38.81505,-90.95597
173029,"Grantwood Village, MO",38.551468,-90.351616
45157,"Eminence, MO",37.150604,-91.357635
50445,"Koshkonong, MO",36.595894,-91.6457
48842,"Claycomo, MO",39.19776,-94.50379
28719,"Faucett, MO",39.6006,-94.80102
41718,"Williamsville, MO",36.971165,-90.54956
49037,"Edgar Springs, MO",37.704487,-91.86655
36441,"Rosebud, MO",38.38727,-91.40099
36326,"Village of Four Seasons, MO",38.19483,-92.70976
54580,"Stoutland, MO",37.814205,-92.51406
10841,"Clarksville, MO",39.3706,-90.90513
17257,"Cairo, MO",39.51198,-92.44046
26162,"Norborne, MO",39.302517,-93.67744
18597,"Holden, MO",38.714176,-93.99133
12695,"Meta, MO",38.31254,-92.16601
24669,"Fairview, MO",36.817566,-94.088264
15328,"Fair Play, MO",37.63004,-93.57326
47791,"Spickard, MO",40.2439,-93.59439
51354,"Charlack, MO",38.705524,-90.342415
52126,"French Village, MO",37.972553,-90.38985
56238,"Pasadena Hills, MO",38.708385,-90.29289
23510,"Arcadia, MO",37.588104,-90.62901
11873,"Hermann, MO",38.704212,-91.437386
12171,"Kelso, MO",37.190605,-89.54953
43975,"Atlanta, MO",39.899036,-92.479256
27470,"Trimble, MO",39.472885,-94.56406
25195,"Houstonia, MO",38.898907,-93.35826
36061,"Lewistown, MO",40.086155,-91.813225
56049,"Jonesburg, MO",38.85338,-91.30599
13454,"Rayville, MO",39.348343,-94.062996
22950,"Princeton, MO",40.40084,-93.5805
12249,"Laddonia, MO",39.24254,-91.64544
21330,"Winchester, MO",38.590332,-90.5279
30876,"Chilhowee, MO",38.588905,-93.854385
47422,"Rock Port, MO",40.411114,-95.51693
174813,"Saint George, MO",38.53672,-90.314835
28455,"Henley, MO",38.34448,-92.3224
28805,"Hanley Hills, MO",38.685886,-90.32372
11369,"Everton, MO",37.34255,-93.70243
35177,"Davisville, MO",37.807823,-91.185135
31464,"Eugene, MO",38.35281,-92.40379
47325,"Reeds, MO",37.11617,-94.16577
43234,"Waverly, MO",39.209465,-93.517715
18066,"Falcon, MO",37.60504,-92.37878
4052,"Charleston, MO",36.9233,-89.35012
29672,"Wayland, MO",40.394485,-91.58321
33259,"Orrick, MO",39.212784,-94.12273
17219,"Bucyrus, MO",37.344215,-92.01682
31193,"Deepwater, MO",38.26058,-93.77299
20200,"Roach, MO",37.993923,-92.836296
39951,"Neelyville, MO",36.561714,-90.50615
21693,"Bunceton, MO",38.78808,-92.79936
53058,"Lowry City, MO",38.140026,-93.726875
10618,"Bunker, MO",37.4556,-91.20958
30697,"Callao, MO",39.760864,-92.623245
175343,"Velda Village, MO",38.69105,-90.29386
28471,"Edgerton, MO",39.504997,-94.63329
42116,"Calverton Park, MO",38.764774,-90.31373
396050,"Greencastle, MO",40.262524,-92.87798
25990,"Morrisville, MO",37.48115,-93.42742
36701,"Sheldon, MO",37.6581,-94.292725
8690,"Hale, MO",39.603634,-93.34243
8131,"Center, MO",39.5081,-91.52876
34130,"Stella, MO",36.76182,-94.19064
15549,"Otterville, MO",38.69974,-93.002144
51123,"Brashear, MO",40.148926,-92.379074
45091,"Edwards, MO",38.136696,-93.16964
33081,"New Madrid, MO",36.57496,-89.67809
22328,"Pattonsburg, MO",40.07543,-94.10219
48456,"Westphalia, MO",38.441982,-91.999344
44871,"De Kalb, MO",39.58694,-94.92524
30693,"Calhoun, MO",38.467243,-93.62632
57155,"Clarence, MO",39.74198,-92.258514
28145,"Dearborn, MO",39.521942,-94.76996
28619,"Hughesville, MO",38.838627,-93.29549
48467,"Wheaton, MO",36.762844,-94.05604
3661,"Bevier, MO",39.746975,-92.56408
173257,"Hillsdale, MO",38.683384,-90.284004
33517,"Pottersville, MO",36.695892,-92.031265
31786,"Golden, MO",36.524593,-93.65401
18827,"Kidder, MO",39.782,-94.10244
173837,"Marlborough, MO",38.57033,-90.33706
15802,"Platte Woods, MO",39.228973,-94.64909
30639,"Bucklin, MO",39.781693,-92.8902
51342,"Chadwick, MO",36.930054,-93.05685
12595,"Martinsburg, MO",39.10226,-91.64767
51404,"Chula, MO",39.922153,-93.475914
45776,"Holcomb, MO",36.399227,-90.023705
53644,"Novinger, MO",40.23197,-92.708534
48709,"Armstrong, MO",39.269756,-92.701294
38785,"Green City, MO",40.268654,-92.95326
8712,"Flordell Hills, MO",38.717552,-90.26567
9153,"Long Lane, MO",37.61143,-92.90935
51556,"Cosby, MO",39.864162,-94.67829
15459,"Hardin, MO",39.270847,-93.83439
36657,"Belleview, MO",37.68755,-90.7404
173401,"Iron Mountain Lake, MO",37.689144,-90.61863
50010,"Walker, MO",37.898647,-94.23217
23219,"Edmundson, MO",38.735886,-90.364006
41617,"Wentworth, MO",36.992947,-94.07529
24636,"Excello, MO",39.636147,-92.475464
37577,"Brighton, MO",37.45782,-93.34797
47005,"Parma, MO",36.61367,-89.816475
46571,"Mokane, MO",38.67504,-91.874344
21700,"Agency, MO",39.6481,-94.74391
15149,"Kingdom City, MO",38.942722,-91.94172
57125,"Berger, MO",38.674213,-91.33877
25420,"Kissee Mills, MO",36.683674,-93.0499
23723,"Blackwater, MO",38.9803,-92.99075
43584,"Morehouse, MO",36.847275,-89.685356
22396,"Meadville, MO",39.786762,-93.30147
44754,"Corder, MO",39.098347,-93.64077
51074,"Bolckow, MO",40.11305,-94.82219
50264,"Nelson, MO",38.994694,-93.0325
46455,"Mayview, MO",39.053066,-93.8305
8345,"Cainsville, MO",40.4364,-93.77508
28280,"Clarksburg, MO",38.65919,-92.66353
50278,"Kaiser, MO",38.133644,-92.589905
10969,"Country Club Hills, MO",38.720882,-90.27483
54942,"Vichy, MO",38.11143,-91.76044
46246,"Lilbourn, MO",36.59228,-89.61536
24451,"Dunnegan, MO",37.70809,-93.576866
12126,"Jerome, MO",37.92615,-91.97766
10102,"Altenburg, MO",37.630882,-89.58537
52166,"Garden City, MO",38.561123,-94.19133
33508,"Portland, MO",38.710876,-91.717674
13449,"Ravenwood, MO",40.35221,-94.67385
38818,"Grubville, MO",38.288387,-90.75485
39933,"Napoleon, MO",39.131397,-94.07078
37996,"Concordia, MO",38.982452,-93.568504
171534,"Airport Drive, MO",37.14256,-94.51078
26987,"Schell City, MO",38.02003,-94.115776
39077,"Huntleigh, MO",38.615887,-90.410675
20069,"Protem, MO",36.528954,-92.85878
3927,"Caledonia, MO",37.763382,-90.7729
35134,"Bradleyville, MO",36.78367,-92.908226
7661,"Valles Mines, MO",38.041996,-90.49985
37189,"Asbury, MO",37.27456,-94.60618
5314,"Jamesport, MO",39.97473,-93.801056
55403,"Chamois, MO",38.67532,-91.76962
5345,"Jerico Springs, MO",37.622265,-94.00855
13932,"South West City, MO",35.686996,-105.94021
13562,"Rockville, MO",38.07142,-94.079666
54271,"Saint Elizabeth, MO",39.27021,-76.67167
8950,"New Cambria, MO",39.775307,-92.75047
12210,"Kingston, MO",39.642853,-94.03908
24567,"Elk Creek, MO",39.78519,-93.08001
55963,"Doe Run, MO",37.74283,-90.49763
23120,"Spokane, MO",36.862286,-93.30444
57142,"Curryville, MO",39.3456,-91.34487
27829,"Wellington, MO",39.134174,-93.98272
46606,"Mora, MO",38.523632,-93.21576
48068,"Twin Oaks, MO",38.56687,-90.49924
50184,"Prairie Home, MO",38.813084,-92.59047
47453,"Rosendale, MO",40.041744,-94.82314
42746,"Maywood, MO",39.095005,-94.44551
41979,"Dawn, MO",39.66835,-93.63549
57012,"Shell Knob, MO",36.605267,-93.59812
175160,"Sycamore Hills, MO",38.700886,-90.34984
50349,"Camden Point, MO",39.452774,-94.74162
23813,"Breckenridge, MO",39.762234,-93.80438
27375,"Taylor, MO",39.938103,-91.523766
30540,"Bosworth, MO",39.469746,-93.334656
36283,"Velda Village Hills, MO",38.690605,-90.28734
21309,"Williamsburg, MO",38.92032,-91.70156
12835,"Morrison, MO",38.675323,-91.635506
10327,"Bella Villa, MO",38.543633,-90.285446
55934,"Ionia, MO",38.50181,-93.32372
36599,"Guilford, MO",40.168346,-94.73632
18884,"La Russell, MO",37.141445,-94.06161
33266,"Osborn, MO",39.74946,-94.35584
52486,"Henrietta, MO",39.234177,-93.9355
27919,"Wheeling, MO",39.786686,-93.38549
35039,"Arbyrd, MO",36.050903,-90.23871
16171,"Truesdale, MO",38.811714,-91.130424
17198,"Browning, MO",40.035297,-93.16243
55302,"Beverly Hills, MO",38.69528,-90.28602
19926,"Philadelphia, MO",39.838654,-91.73905
35055,"Cedarcreek, MO",36.578953,-92.99767
31659,"Fremont, MO",36.952274,-91.1643
4111,"Clarksdale, MO",39.813606,-94.550514
272618,"Northmoor, MO",39.18369,-94.605484
44179,"Birmingham, MO",39.164764,-94.45076
7275,"Stotts City, MO",37.10367,-93.94965
41340,"Union Star, MO",39.979782,-94.598946
27814,"Weaubleau, MO",37.89116,-93.54131
46118,"Lake Tapawingo, MO",39.021397,-94.311615
173646,"Leawood, MO",37.037006,-94.49689
18929,"Lake Waukomis, MO",39.232224,-94.638016
18656,"Hunnewell, MO",39.668095,-91.86183
20173,"Ridgedale, MO",36.503952,-93.22379
27791,"Wasola, MO",36.79367,-92.57572
52825,"La Plata, MO",40.02337,-92.49158
41310,"Turney, MO",39.634724,-94.32106
38215,"Dora, MO",36.777004,-92.21738
24939,"Gray Summit, MO",38.495785,-90.83684
173599,"Lakeshire, MO",38.538666,-90.33511
45204,"Ewing, MO",40.006157,-91.713776
9139,"Milo, MO",37.756153,-94.30606
35899,"Parnell, MO",40.43999,-94.6233
39111,"Innsbrook, MO",38.769215,-91.052086
38086,"Cross Timbers, MO",38.024754,-93.22687
10973,"Cowgill, MO",39.559177,-93.92688
5565,"Laurie, MO",38.199196,-92.83353
14973,"Des Arc, MO",37.28255,-90.637344
6199,"Newtown, MO",40.3765,-93.33504
29330,"Utica, MO",39.743626,-93.6266
54752,"Truxton, MO",39.001987,-91.239876
36109,"Linneus, MO",39.87863,-93.18882
10987,"Creighton, MO",38.49474,-94.07327
30174,"Alma, MO",39.095295,-93.54521
46187,"Leadwood, MO",37.86727,-90.593185
26293,"Olean, MO",38.410862,-92.52935
37442,"Black, MO",37.531437,-90.93318
29710,"Helena, MO",39.912773,-94.64941
39406,"Leonard, MO",39.89509,-92.1816
31533,"Farber, MO",39.27254,-91.5746
11710,"Greendale, MO",38.695328,-90.31317
8523,"Lake Winnebago, MO",38.831398,-94.35856
22434,"Lesterville, MO",37.453938,-90.84345
18856,"Knox City, MO",40.14365,-92.00934
36506,"West Alton, MO",38.865345,-90.22254
175465,"Westwood, MO",38.643665,-90.43984
26596,"Portage des Sioux, MO",38.92505,-90.34178
8482,"Gibbs, MO",40.097813,-92.416855
49913,"Winston, MO",39.870003,-94.139946
54665,"Tecumseh, MO",36.58673,-92.286545
38519,"Fillmore, MO",40.025272,-94.97359
50818,"Avondale, MO",39.154175,-94.546906
33719,"Rocky Comfort, MO",36.746456,-94.090485
15410,"Jameson, MO",40.005676,-93.98706
44242,"Bogard, MO",39.45752,-93.523544
26700,"Rea, MO",40.061935,-94.76469
52832,"Laclede, MO",37.647522,-92.632416
6644,"Purdin, MO",39.951992,-93.16578
56867,"Saint Martins, MO",38.5942,-92.33713
33342,"Pasadena Park, MO",38.710606,-90.29817
49672,"Pierce City, MO",36.945896,-94.00021
10623,"Burfordville, MO",37.367554,-89.807045
21765,"Bethel, MO",39.876705,-92.02406
15537,"Moundville, MO",37.76421,-94.45218
26096,"New Hampton, MO",40.26361,-94.19607
54782,"Ulman, MO",38.15309,-92.44407
37168,"Argyle, MO",38.294483,-92.02378
56938,"Saint Thomas, MO",38.36837,-92.21684
25291,"Jacksonville, MO",39.588367,-92.4713
20210,"Rockaway Beach, MO",36.699226,-93.159904
36139,"Polk, MO",37.62008,-93.4088
173387,"Indian Point, MO",36.644974,-93.34314
55642,"Altamont, MO",39.888615,-94.08911
48328,"Wardsville, MO",38.488922,-92.17435
175314,"Uplands Park, MO",38.693108,-90.28233
22721,"Taos, MO",38.506428,-92.071014
19526,"Myrtle, MO",36.508675,-91.267075
20056,"Preston, MO",37.941322,-93.20856
43903,"Annada, MO",39.261158,-90.82763
53521,"New Boston, MO",39.951973,-92.85964
6878,"Saginaw, MO",37.023952,-94.46828
21903,"Gideon, MO",36.452007,-89.91926
12652,"McFall, MO",40.110832,-94.22329
52610,"Hurdland, MO",40.150036,-92.30213
49211,"Fair Grove, MO",37.383934,-93.1513
172869,"Fremont Hills, MO",37.065052,-93.248795
53177,"Marston, MO",36.51895,-89.61258
35239,"Clifton Hill, MO",39.438087,-92.6663
24953,"Greenfield, MO",37.415325,-93.84104
8546,"Leadington, MO",37.84033,-90.49179
16014,"Viburnum, MO",37.715324,-91.13513
37361,"Bellerive, MO",38.71144,-90.314
21361,"Wood Heights, MO",39.33945,-94.16272
37163,"Arcola, MO",37.54921,-93.87521
17619,"Crane, MO",36.905334,-93.57159
175497,"Wilbur Park, MO",38.55311,-90.30956
49883,"Success, MO",37.443657,-92.08766
174953,"Shoal Creek Drive, MO",37.03579,-94.521965
55700,"King City, MO",40.051384,-94.524124
46410,"Marble Hill, MO",37.305885,-89.97038
172541,"Doolittle, MO",37.94036,-91.88088
3766,"Bourbon, MO",38.15477,-91.24403
42050,"Advance, MO",37.104496,-89.91065
50728,"Anderson, MO",36.650627,-94.44355
174263,"Oakwood Park, MO",39.203335,-94.573845
173791,"Mackenzie, MO",38.58095,-90.3164
41243,"Tina, MO",39.536133,-93.44021
6774,"Risco, MO",36.553394,-89.81786
26722,"Reeds Spring, MO",36.749783,-93.37797
8264,"Cleveland, MO",38.679176,-94.59357
47098,"Pilot Knob, MO",37.621162,-90.6404
56510,"Stanberry, MO",40.21359,-94.5425
53561,"Newburg, MO",37.914207,-91.902664
56745,"Sibley, MO",39.178616,-94.19328
31654,"Freeman, MO",38.618343,-94.50523
38181,"Delta, MO",37.19672,-89.736206
42326,"Houston Lake, MO",39.192524,-94.62127
32179,"Jackson, MS",32.29987,-90.183044
31892,"Gulfport, MS",30.36742,-89.09282
25066,"Hattiesburg, MS",31.32712,-89.29034
10530,"Brandon, MS",32.273148,-89.98681
51003,"Biloxi, MS",30.400763,-88.88938
53273,"Meridian, MS",32.36431,-88.70366
50450,"Olive Branch, MS",34.96176,-89.82953
4180,"Columbus, MS",33.495674,-88.42726
54492,"Southaven, MS",34.98738,-90.00349
47830,"Starkville, MS",33.463875,-88.81521
13149,"Oxford, MS",34.36638,-89.51877
41491,"Vicksburg, MS",32.352806,-90.87773
5751,"Madison, MS",32.630833,-90.00408
25521,"Laurel, MS",31.694052,-89.130615
20860,"Tupelo, MS",34.257607,-88.703384
18389,"Greenville, MS",33.411106,-91.06358
26438,"Pearl, MS",32.27358,-90.127884
18548,"Hernando, MS",34.82395,-89.9937
53676,"Ocean Springs, MS",30.411291,-88.82792
12909,"Natchez, MS",31.560408,-91.40317
44429,"Canton, MS",32.612602,-90.03675
5719,"Lucedale, MS",30.924889,-88.587944
32963,"Moss Point, MS",30.411589,-88.53446
38015,"Corinth, MS",34.93436,-88.52234
10868,"Clinton, MS",32.341057,-90.3216
55827,"Horn Lake, MS",34.95537,-90.03481
47384,"Ridgeland, MS",32.428474,-90.13231
47083,"Philadelphia, MS",32.770386,-89.11535
49671,"Picayune, MS",30.525469,-89.67951
45569,"Greenwood, MS",33.51623,-90.17953
47074,"Petal, MS",31.346563,-89.26006
24727,"Florence, MS",32.153484,-90.131195
30612,"Brookhaven, MS",31.579067,-90.44071
32771,"McComb, MS",31.243788,-90.453156
53820,"Pascagoula, MS",30.36468,-88.5586
36570,"Vancleave, MS",30.54193,-88.671684
4997,"Grenada, MS",33.7724,-89.76749
39494,"Long Beach, MS",30.350475,-89.15282
9146,"Pontotoc, MS",34.211464,-89.03826
37766,"Carriere, MS",30.616858,-89.652565
51295,"Carthage, MS",32.732635,-89.53619
24090,"Clarksdale, MS",34.20065,-90.570206
4868,"Gautier, MS",30.385756,-88.61169
9788,"Columbia, MS",31.251858,-89.83531
51215,"Byhalia, MS",34.87232,-89.69064
39522,"Louisville, MS",33.123737,-89.05506
56599,"Saucier, MS",30.625504,-89.14463
17474,"Cleveland, MS",33.744003,-90.724815
40462,"Purvis, MS",31.144335,-89.40695
23611,"Batesville, MS",34.316486,-89.95271
35914,"New Albany, MS",34.494267,-89.00784
20418,"Senatobia, MS",34.618782,-89.96463
48372,"Waynesboro, MS",31.674986,-88.646126
17959,"Ellisville, MS",31.604773,-89.19564
37308,"Bay Saint Louis, MS",30.308586,-89.33432
38557,"Forest, MS",32.36459,-89.474236
7861,"West Point, MS",33.60762,-88.65032
50476,"Perkinston, MS",30.782135,-89.13811
29270,"Saltillo, MS",34.37659,-88.68446
50497,"Poplarville, MS",30.840149,-89.53423
29350,"Sumrall, MS",31.417393,-89.54229
56602,"Summit, MS",31.283787,-90.46843
11557,"Fulton, MS",34.273994,-88.40921
47022,"Pass Christian, MS",30.315752,-89.24754
29700,"Amory, MS",33.986988,-88.48561
46065,"Kosciusko, MS",33.05763,-89.58758
7515,"Tylertown, MS",31.116013,-90.14204
8267,"Crystal Springs, MS",31.987175,-90.35618
25247,"Indianola, MS",33.45095,-90.65509
29102,"Ripley, MS",34.7307,-88.94883
43813,"Aberdeen, MS",33.825115,-88.543655
10645,"Byram, MS",32.184467,-90.27646
18522,"Hazlehurst, MS",31.860437,-90.39593
27392,"Terry, MS",32.096264,-90.29426
51489,"Collins, MS",31.645794,-89.55533
48492,"Wiggins, MS",30.858244,-89.13533
8861,"Magee, MS",31.872446,-89.732315
42073,"Coldwater, MS",34.69177,-89.97731
24387,"Diamondhead, MS",30.39464,-89.36394
4365,"Diberville, MS",32.459335,-90.05343
55279,"Yazoo City, MS",32.84569,-90.41461
49432,"Lumberton, MS",31.001074,-89.45213
15145,"Kiln, MS",30.418896,-89.434715
18637,"Houston, MS",33.898445,-88.99923
18717,"Iuka, MS",34.811756,-88.19004
43208,"Water Valley, MS",34.1515,-89.63148
15423,"Flowood, MS",32.309284,-90.13868
16873,"Baldwyn, MS",34.509544,-88.63533
26084,"Nesbit, MS",34.881763,-90.008705
24989,"Gulf Hills, MS",30.438145,-88.814705
57020,"Richton, MS",31.349342,-88.94005
12928,"Nettleton, MS",34.0898,-88.6224
44261,"Booneville, MS",34.65552,-88.56344
52917,"Leakesville, MS",31.153122,-88.55149
56151,"Magnolia, MS",31.143232,-90.45871
6948,"Sardis, MS",34.43705,-89.915924
55238,"Winona, MS",33.482296,-89.72772
31577,"Flora, MS",32.54326,-90.30946
396223,"Bogue Chitto, MS",32.834637,-88.92377
15540,"Mount Olive, MS",31.761274,-89.655075
32627,"Macon, MS",33.105404,-88.560875
35294,"Collinsville, MS",32.4886,-88.85043
43502,"Caledonia, MS",33.68289,-88.32448
33491,"Port Gibson, MS",31.960955,-90.98399
22212,"Quitman, MS",34.19202,-90.294655
20163,"Richland, MS",32.239037,-90.158424
19006,"Lexington, MS",33.113182,-90.05314
7493,"Tunica, MS",34.639877,-90.36238
36016,"Newton, MS",32.388283,-89.13175
4619,"Eupora, MS",33.540676,-89.26701
53696,"Okolona, MS",34.002014,-88.75474
12362,"Leland, MS",33.405396,-90.8976
41316,"Tutwiler, MS",34.014835,-90.43176
16023,"Woodville, MS",31.102636,-91.29905
56919,"Liberty, MS",31.158026,-90.80898
10461,"Blue Springs, MS",34.40102,-88.87208
29870,"Belzoni, MS",33.18429,-90.48926
25164,"Holly Springs, MS",34.76801,-89.447876
40822,"Seminary, MS",31.56239,-89.49757
20439,"Shannon, MS",34.11622,-88.711716
11761,"Guntown, MS",34.443157,-88.659775
47046,"Pelahatchie, MS",32.313217,-89.79894
10281,"Bay Springs, MS",31.979042,-89.287285
19183,"Mantachie, MS",34.324272,-88.49116
55995,"Jayess, MS",31.364897,-90.205925
27806,"Waveland, MS",30.285364,-89.37207
4414,"Drew, MS",33.80956,-90.52648
11514,"Foxworth, MS",31.238234,-89.86869
17547,"Como, MS",34.511257,-89.93994
52544,"Hollandale, MS",33.16901,-90.85399
25997,"Moselle, MS",31.502579,-89.27954
56035,"Durant, MS",33.07513,-89.85453
7649,"Utica, MS",32.109596,-90.623436
11862,"Heidelberg, MS",31.886822,-88.98394
30835,"Charleston, MS",34.00678,-90.056755
47838,"State Line, MS",31.43619,-88.47412
23387,"Lena, MS",32.591377,-89.60127
55947,"Fayette, MS",31.711517,-91.06066
56177,"Myrtle, MS",34.558434,-89.11923
28493,"Edwards, MS",32.330147,-90.60565
14104,"Taylorsville, MS",31.829603,-89.42812
33666,"Rienzi, MS",34.765926,-88.52672
23399,"Ackerman, MS",33.310123,-89.172844
21493,"Blue Mountain, MS",34.670933,-89.02645
21486,"Decatur, MS",32.43903,-89.10839
8541,"Gloster, MS",31.197395,-91.02177
10486,"Bolton, MS",32.34931,-90.4601
35397,"Ecru, MS",34.35316,-89.02312
27753,"Walnut, MS",34.948544,-88.90208
49171,"Goodman, MS",32.97013,-89.91231
44668,"Coffeeville, MS",33.97678,-89.675644
43201,"Silver Creek, MS",31.605303,-89.99855
38728,"Golden, MS",34.48834,-88.187065
54004,"Preston, MS",32.882687,-88.8289
26347,"Ovett, MS",31.485447,-89.03284
12827,"Mooreville, MS",34.267773,-88.57657
12329,"Lauderdale, MS",32.390438,-88.691864
16116,"Shubuta, MS",31.860155,-88.699486
23214,"Enterprise, MS",32.174316,-88.81977
25463,"Lake, MS",32.34436,-89.326
17604,"Courtland, MS",34.240944,-89.94287
27059,"Shaw, MS",33.60235,-90.77124
47842,"Steens, MS",33.56345,-88.31615
16487,"Centreville, MS",31.08962,-91.068436
5708,"Louin, MS",32.071262,-89.260895
18715,"Itta Bena, MS",33.49513,-90.322945
49978,"Tchula, MS",33.182903,-90.22286
54316,"Sarah, MS",34.56961,-90.2092
50953,"Belmont, MS",34.508102,-88.21147
396609,"New Houlka, MS",34.038166,-89.022
3855,"Bruce, MS",33.992054,-89.34896
18829,"Kilmichael, MS",33.44346,-89.57175
20054,"Prentiss, MS",34.62225,-88.51533
51754,"Duck Hill, MS",33.633175,-89.7112
49519,"Robinsonville, MS",34.81732,-90.31621
12811,"Monticello, MS",31.553667,-90.107285
32618,"Maben, MS",33.55605,-89.084656
50882,"Bassfield, MS",31.49656,-89.73952
44136,"Benton, MS",34.82773,-89.196045
26827,"Rolling Fork, MS",32.906517,-90.87816
47466,"Roxie, MS",31.504612,-91.06899
23155,"Mize, MS",31.868492,-89.5559
26703,"Red Banks, MS",34.82815,-89.56452
56452,"Pope, MS",34.21511,-89.94787
50572,"Vardaman, MS",33.875668,-89.17729
33451,"Plantersville, MS",34.21344,-88.6645
13619,"Ruleville, MS",33.72595,-90.55148
26675,"Raleigh, MS",32.03349,-89.52229
20042,"Potts Camp, MS",34.646294,-89.305
30113,"Abbeville, MS",34.50316,-89.503136
22804,"Rosedale, MS",33.8551,-91.02661
36914,"Morton, MS",32.353756,-89.65452
7107,"Smithville, MS",34.070107,-88.39115
7130,"Soso, MS",31.756826,-89.27422
5524,"Lamar, MS",31.210987,-89.515236
44726,"Conehatta, MS",32.455322,-89.272934
4674,"Falkner, MS",34.842037,-88.93423
8717,"Hamilton, MS",34.91676,-89.053955
23890,"Burnsville, MS",34.840645,-88.314766
7288,"Stringer, MS",31.866936,-89.26331
20755,"Taylor, MS",34.27252,-89.588
10308,"Beaumont, MS",31.16935,-88.920044
3501,"Bailey, MS",32.46764,-88.722824
32057,"Holcomb, MS",33.761227,-89.97592
52500,"Hickory Flat, MS",34.615932,-89.1884
9485,"Sontag, MS",31.65239,-90.204254
7397,"Thaxton, MS",34.30816,-89.174576
16010,"Verona, MS",34.194275,-88.71977
16161,"Smithdale, MS",31.339619,-90.68288
56417,"Noxapater, MS",32.99235,-89.06618
14343,"Vaiden, MS",33.33207,-89.741196
11887,"Hickory, MS",32.317646,-89.02561
6872,"Ruth, MS",31.381563,-90.31648
13074,"Oakland, MS",34.055668,-89.91648
10599,"Buckatunna, MS",31.539053,-88.528915
34899,"Woodland, MS",33.77873,-89.05145
5658,"Little Rock, MS",32.525974,-89.02534
38065,"Crawford, MS",33.301514,-88.61477
54720,"Toomsuba, MS",32.418472,-88.50698
19791,"Osyka, MS",31.007826,-90.472565
47565,"Sandy Hook, MS",31.036293,-89.8048
3838,"Brooklyn, MS",31.05769,-89.18928
42560,"Moorhead, MS",33.450356,-90.50545
55090,"West, MS",33.19707,-89.777306
177114,"Lynchburg, MS",34.962463,-90.10508
15673,"Mathiston, MS",33.539265,-89.12555
178224,"Vaughan, MS",32.806522,-90.04175
47883,"Sturgis, MS",33.34457,-89.04534
28539,"Kokomo, MS",31.197401,-90.00286
177383,"New Hebron, MS",31.731653,-89.97934
28870,"Puckett, MS",32.080986,-89.77591
36050,"Pickens, MS",32.883743,-89.97147
46499,"Mendenhall, MS",31.9622,-89.87021
36170,"Lorman, MS",31.82044,-91.0501
27426,"Tiplersville, MS",34.89565,-88.90756
44998,"Dundee, MS",34.52427,-90.45566
25755,"Marietta, MS",34.502045,-88.46894
14914,"Crenshaw, MS",34.50338,-90.19523
54622,"Sunflower, MS",33.49805,-90.602066
48350,"Waterford, MS",34.6476,-89.4573
22451,"Pinola, MS",31.877104,-89.96203
5856,"Mc Henry, MS",30.711258,-89.137825
19569,"New Augusta, MS",31.202404,-89.034775
4096,"Chunky, MS",32.3257,-88.92811
8430,"Hermanville, MS",31.959324,-90.8401
52428,"Harrisville, MS",31.972378,-90.07786
7114,"Snow Lake Shores, MS",34.82454,-89.23952
51940,"Ethel, MS",33.120407,-89.465904
42625,"Pachuta, MS",32.04043,-88.88477
177200,"McCool, MS",33.202072,-89.34507
25256,"Inverness, MS",33.353733,-90.59259
44133,"Benoit, MS",33.6515,-91.00955
7527,"Union Church, MS",31.682943,-90.7876
54999,"Vossburg, MS",31.928764,-88.94089
14221,"Union, MS",34.483456,-88.97892
39730,"Meadville, MS",31.472393,-90.89677
49004,"French Camp, MS",33.293182,-89.39951
15645,"Marion, MS",31.22477,-89.82177
28634,"Etta, MS",34.47038,-89.22757
20048,"Prairie, MS",33.796783,-88.66755
45240,"Farmington, MS",34.93041,-88.45275
15933,"Stonewall, MS",32.131813,-88.79338
9622,"Sallis, MS",33.02196,-89.76428
45168,"Enid, MS",34.1165,-89.93981
5571,"Lawrence, MS",31.512976,-90.12054
41276,"Tremont, MS",34.234825,-88.25865
20488,"Sidon, MS",33.407944,-90.20803
10663,"Calhoun City, MS",33.855392,-89.31146
24443,"Dumas, MS",34.638123,-88.84143
52654,"Isola, MS",33.262066,-90.592316
53827,"Pattison, MS",31.888493,-90.88732
36582,"Raymond, MS",32.259277,-90.42259
28129,"Anguilla, MS",32.974014,-90.82455
10729,"Cascilla, MS",33.85678,-90.00426
19925,"Pheba, MS",33.584286,-88.94978
53911,"Pittsboro, MS",33.94039,-89.33758
43721,"McLain, MS",31.108896,-88.827034
24005,"Cedarbluff, MS",33.867916,-118.25523
29557,"Wesson, MS",31.701277,-90.39759
56736,"Tillatoba, MS",33.98509,-89.896034
3665,"Big Creek, MS",33.84611,-89.41585
31805,"Gore Springs, MS",33.754284,-89.61647
35952,"New Site, MS",34.559265,-88.40949
4259,"Crosby, MS",31.283783,-91.06316
21584,"Cruger, MS",33.320957,-90.23231
53842,"Pearlington, MS",30.248932,-89.61204
177790,"Rose Hill, MS",32.359035,-90.807045
26642,"Pulaski, MS",32.27209,-89.602295
17509,"Coila, MS",33.3954,-89.97119
6980,"Scobey, MS",33.9415,-89.86592
34635,"Walls, MS",34.957874,-90.151764
17680,"Daleville, MS",32.569862,-88.676155
5927,"Michigan City, MS",34.980923,-89.250626
54559,"Stewart, MS",33.45068,-89.43618
10247,"Banner, MS",34.088722,-89.384796
17793,"Doddsville, MS",33.657616,-90.52481
7810,"Weir, MS",33.266792,-89.2909
26427,"Paulding, MS",32.030533,-89.03727
19184,"Mantee, MS",33.731506,-89.055336
43588,"Neely, MS",31.164906,-88.75475
26245,"Oak Vale, MS",31.438555,-89.96459
53225,"McCall Creek, MS",31.512672,-90.69871
8510,"Glen Allan, MS",33.024014,-91.030106
50313,"Schlater, MS",33.640858,-90.34817
53353,"Minter City, MS",33.75345,-90.29453
43394,"Alligator, MS",34.089554,-90.71954
39520,"Louise, MS",32.98235,-90.58871
42670,"Paris, MS",34.178722,-89.4598
6928,"Sandersville, MS",31.786549,-89.03228
28285,"Derma, MS",33.85567,-89.284515
15082,"Algoma, MS",34.176216,-89.03117
40907,"Silver City, MS",33.096516,-90.49676
56606,"Sumner, MS",33.970947,-90.368706
44466,"Cary, MS",32.80596,-90.92677
37638,"Bude, MS",31.46295,-90.8501
34643,"Walthall, MS",31.124191,-90.11977
37386,"Bentonia, MS",32.640972,-90.364815
23525,"Ashland, MS",34.83287,-89.1759
39180,"Jumpertown, MS",34.710926,-88.66394
37427,"Billings, MT",45.787495,-108.49607
53359,"Missoula, MT",46.870106,-113.99527
44281,"Bozeman, MT",45.67943,-111.044044
52308,"Great Falls, MT",47.504887,-111.29189
52480,"Helena, MT",46.592743,-112.03628
5371,"Kalispell, MT",48.20216,-114.31532
51211,"Butte, MT",46.01315,-112.53651
15057,"Belgrade, MT",45.773277,-111.18453
51500,"Columbia Falls, MT",48.369717,-114.19158
55184,"Whitefish, MT",48.4108,-114.334625
38857,"Hamilton, MT",46.247204,-114.15555
39375,"Laurel, MT",45.669117,-108.77153
5665,"Livingston, MT",45.662388,-110.56159
48984,"Havre, MT",48.553696,-109.6778
36129,"Miles City, MT",46.40702,-105.84784
34141,"Stevensville, MT",46.510406,-114.09438
47179,"Polson, MT",47.69053,-114.16376
9076,"Libby, MT",48.388363,-115.55586
45459,"Glendive, MT",47.10529,-104.71246
23328,"Sidney, MT",47.716736,-104.155975
50227,"Lewistown, MT",47.063927,-109.428215
16431,"Anaconda, MT",46.129467,-112.95313
23706,"Bigfork, MT",48.067924,-114.096664
21792,"East Helena, MT",46.589577,-111.9146
11119,"Dillon, MT",45.214127,-112.634605
22801,"Ronan, MT",47.528824,-114.1015
31579,"Florence, MT",46.64207,-114.10123
44342,"Browning, MT",48.557743,-113.01726
38113,"Cut Bank, MT",48.63304,-112.326164
31195,"Deer Lodge, MT",46.07538,-113.08933
46293,"Lolo, MT",46.75686,-114.0823
30905,"Clancy, MT",46.4649,-111.98666
27450,"Townsend, MT",46.3191,-111.520805
16403,"Manhattan, MT",45.85537,-111.33408
24626,"Eureka, MT",48.879963,-115.0535
17590,"Corvallis, MT",46.318424,-114.1145
25034,"Hardin, MT",45.73248,-107.61203
11615,"Glasgow, MT",48.19559,-106.63556
29442,"Wolf Point, MT",48.090572,-105.64056
16658,"Columbus, MT",45.636612,-109.25215
22776,"Three Forks, MT",45.892605,-111.551445
33807,"Saint Ignatius, MT",47.319515,-114.09704
13610,"Roundup, MT",46.445244,-108.5418
54688,"Thompson Falls, MT",47.59713,-115.34431
13807,"Shelby, MT",48.5055,-111.85687
38001,"Conrad, MT",48.17025,-111.943016
52158,"Gallatin Gateway, MT",45.59161,-111.19742
50028,"Shepherd, MT",45.94357,-108.342354
3445,"Arlee, MT",47.1715,-114.08543
54748,"Troy, MT",48.46152,-115.89499
49505,"Malta, MT",35.8886,14.447691
6705,"Red Lodge, MT",45.185905,-109.24706
34822,"Whitehall, MT",45.87076,-112.097496
31599,"Forsyth, MT",46.266384,-106.67781
17027,"Big Timber, MT",45.8349,-109.955315
48795,"Choteau, MT",47.812244,-112.18337
8285,"Clinton, MT",46.768967,-113.71263
50835,"Baker, MT",46.367813,-104.27522
29155,"Plains, MT",47.460545,-114.88479
30544,"Boulder, MT",46.236595,-112.120834
53369,"Molt, MT",45.861206,-108.92824
16409,"Superior, MT",47.191593,-114.8918
10550,"Bridger, MT",45.29578,-108.91376
38137,"Darby, MT",46.02266,-114.17809
5517,"Lakeside, MT",48.016796,-114.23689
17436,"Chinook, MT",48.590134,-109.23183
23769,"Bonner, MT",46.873806,-113.86376
23977,"Cascade, MT",47.327145,-111.328125
18634,"Hot Springs, MT",47.609104,-114.66874
12139,"Joliet, MT",45.48506,-108.97036
26478,"Philipsburg, MT",46.332188,-113.2945
48926,"Colstrip, MT",45.884163,-106.623634
45361,"Frenchtown, MT",47.014923,-114.229836
45656,"Harlem, MT",48.5325,-108.784904
38568,"Fort Benton, MT",47.81765,-110.67164
32704,"Marion, MT",48.105606,-114.66339
32121,"Huntley, MT",45.899403,-108.30151
18055,"Fairfield, MT",47.614674,-111.98028
25224,"Huson, MT",47.03131,-114.32734
16979,"Belt, MT",47.387634,-110.92753
57196,"Elmo, MT",47.82737,-114.349
23703,"Big Sandy, MT",48.179977,-110.11144
53017,"Lodge Grass, MT",45.314625,-107.36367
7315,"Sun River, MT",47.529137,-111.709435
8011,"Worden, MT",45.964985,-108.16362
56723,"Sheridan, MT",48.762592,-104.515465
12192,"Kila, MT",48.12023,-114.4568
47599,"Scobey, MT",48.792088,-105.419945
17398,"Charlo, MT",47.439034,-114.17338
29632,"West Yellowstone, MT",44.663204,-111.101204
29181,"Noxon, MT",47.98345,-115.769356
37423,"Big Sky, MT",45.25511,-111.26619
13618,"Rudyard, MT",48.559593,-110.55005
41285,"Trout Creek, MT",47.83232,-115.58484
16676,"Absarokee, MT",45.519108,-109.44428
29921,"Ennis, MT",45.348816,-111.7297
47165,"Plentywood, MT",48.77475,-104.562454
16706,"Alberton, MT",47.002396,-114.47716
30710,"Cameron, MT",45.203262,-111.67858
51412,"Circle, MT",47.416676,-105.592224
25843,"Medicine Lake, MT",48.501415,-104.50468
30606,"Broadus, MT",45.443882,-105.40749
31699,"Gardiner, MT",45.050217,-110.736046
9784,"Valier, MT",48.30726,-112.25074
57111,"Twin Bridges, MT",45.54437,-112.331116
10879,"Clyde Park, MT",45.88688,-110.60382
36959,"Lincoln, MT",48.58911,-115.49115
47628,"Seeley Lake, MT",47.1553,-113.448425
179335,"McLeod, MT",45.662224,-110.11388
24059,"Chester, MT",48.510307,-110.967316
36686,"Big Arm, MT",47.79048,-114.285484
29436,"Wise River, MT",45.79224,-112.94959
47244,"Proctor, MT",47.89263,-114.30557
46998,"Park City, MT",45.632725,-108.91793
47527,"Saint Regis, MT",47.301174,-115.09871
21749,"Condon, MT",47.527695,-113.71048
55136,"Westby, MT",48.869957,-104.05231
38103,"Culbertson, MT",48.1449,-104.51656
15184,"Ekalaka, MT",45.89077,-104.54746
13545,"Roberts, MT",45.359344,-109.16786
34820,"White Sulphur Springs, MT",46.548077,-110.90347
17842,"Dutton, MT",47.84425,-111.71171
55246,"Wolf Creek, MT",47.006084,-112.069275
38188,"Denton, MT",47.31863,-109.948204
17666,"Custer, MT",46.242607,-105.5693
27308,"Sula, MT",45.836617,-113.98229
26865,"Roy, MT",47.333054,-108.95797
50366,"Stockett, MT",47.355556,-111.16674
9482,"Ryegate, MT",46.29934,-109.25735
9166,"Power, MT",47.726112,-111.69737
45318,"Fort Peck, MT",48.0096,-106.44767
39653,"Martinsdale, MT",46.458176,-110.31396
52418,"Harlowton, MT",46.434925,-109.83544
16468,"Cardwell, MT",45.86346,-111.95523
51015,"Black Eagle, MT",47.52671,-111.26777
33616,"Reed Point, MT",45.708786,-109.542
14635,"Wibaux, MT",46.91002,-104.22152
16249,"Vaughn, MT",47.560513,-111.54581
37588,"Broadview, MT",46.097733,-108.8771
51985,"Fairview, MT",47.856407,-104.04493
31727,"Geraldine, MT",47.6033,-110.26644
45760,"Hinsdale, MT",48.39452,-107.08763
16076,"Terry, MT",46.793064,-105.31221
15662,"Richey, MT",47.644073,-105.069565
39858,"Moore, MT",46.975525,-109.69685
32016,"Heron, MT",48.05791,-115.96894
15397,"Fishtail, MT",45.45307,-109.50546
7124,"Somers, MT",48.08706,-114.23117
49391,"Fort Shaw, MT",47.49886,-111.82698
14178,"Trego, MT",48.705708,-114.86945
6737,"Rexford, MT",48.899406,-115.17211
49002,"Frazer, MT",48.059383,-106.04236
46837,"Nye, MT",45.435024,-109.80365
23939,"Canyon Creek, MT",48.50324,-114.314354
54533,"Stanford, MT",47.15374,-110.21742
18574,"Highwood, MT",47.595936,-110.8055
44979,"Drummond, MT",46.66743,-113.147285
43989,"Augusta, MT",47.488487,-112.39327
39380,"Lavina, MT",46.2948,-108.937706
15464,"Jordan, MT",47.32121,-106.91046
44939,"Divide, MT",45.751038,-112.74725
11930,"Hobson, MT",47.000263,-109.87366
45432,"Gildford, MT",48.58586,-110.25872
15216,"Geyser, MT",47.259132,-110.49327
49876,"Sand Coulee, MT",47.399403,-111.16775
23585,"Ballantine, MT",45.948853,-108.14512
45970,"Judith Gap, MT",46.677177,-109.75185
9294,"Savage, MT",47.452793,-104.34328
23018,"Monarch, MT",47.098293,-110.838554
52966,"Lima, MT",44.636173,-112.59121
12026,"Hysham, MT",46.291363,-107.231514
49984,"Wisdom, MT",45.6101,-113.447334
14687,"Winnett, MT",47.00275,-108.35227
51900,"Emigrant, MT",45.36855,-110.73404
4678,"Fallon, MT",46.329197,-104.436646
26079,"Neihart, MT",46.937126,-110.737816
49376,"Joplin, MT",48.55958,-110.76596
29165,"Plevna, MT",46.41767,-104.518585
7449,"Toston, MT",46.16578,-111.448555
42190,"Fromberg, MT",45.39217,-108.90653
35160,"Avon, MT",46.62895,-112.58116
56921,"Loma, MT",47.955105,-110.4919
40388,"Polaris, MT",45.369648,-113.119484
16552,"Essex, MT",48.275253,-113.610176
38767,"Grass Range, MT",47.026695,-108.80343
11864,"Helmville, MT",46.866604,-112.96117
3603,"Belfry, MT",45.136806,-109.00048
46905,"Opheim, MT",48.857086,-106.407906
54258,"Saco, MT",48.456608,-107.34377
10519,"Brady, MT",48.03566,-111.839836
50496,"Polebridge, MT",48.765247,-114.28513
23215,"East Glacier Park, MT",48.44223,-113.21936
40723,"Saltese, MT",47.410206,-115.5096
24188,"Conner, MT",45.93075,-114.12453
40200,"Ovando, MT",47.022655,-113.1733
179020,"Goldcreek, MT",46.586502,-112.92841
36891,"Elliston, MT",46.56237,-112.42977
31705,"Garrison, MT",46.521633,-112.81471
27744,"Walkerville, MT",46.030064,-112.535225
29378,"Victor, MT",46.414814,-114.1494
8986,"Rollins, MT",47.905567,-114.172966
35869,"Nashua, MT",48.13224,-106.35642
40430,"Pray, MT",48.49036,-113.365555
33994,"Silver Gate, MT",45.006947,-109.98974
32723,"Martin City, MT",48.39285,-114.03522
52600,"Hungry Horse, MT",48.382565,-114.05596
24043,"Charlotte, NC",35.227207,-80.84309
54047,"Raleigh, NC",35.7804,-78.6391
11722,"Greensboro, NC",36.072636,-79.79198
24457,"Durham, NC",35.996655,-78.9018
41760,"Winston-Salem, NC",36.09981,-80.24405
52001,"Fayetteville, NC",35.052574,-78.87829
21320,"Wilmington, NC",34.235287,-77.94873
51297,"Cary, NC",35.78829,-78.78121
17551,"Concord, NC",35.409416,-80.58
50779,"Asheville, NC",35.595364,-82.55084
11896,"High Point, NC",35.955692,-80.00532
39134,"Jacksonville, NC",34.750996,-77.430984
11726,"Greenville, NC",35.613224,-77.37246
17386,"Chapel Hill, NC",35.913155,-79.05578
52179,"Gastonia, NC",35.262264,-81.183815
16785,"Apex, NC",35.732536,-78.850555
46604,"Mooresville, NC",35.584858,-80.810074
55006,"Wake Forest, NC",35.980312,-78.510376
5621,"Lexington, NC",35.824028,-80.25339
20323,"Salisbury, NC",35.67097,-80.47423
33866,"Sanford, NC",35.479877,-79.1803
51441,"Clayton, NC",35.65071,-78.45639
41054,"Statesville, NC",35.782635,-80.8873
5239,"Huntersville, NC",35.410828,-80.84293
25108,"Hickory, NC",35.73333,-81.34429
45473,"Goldsboro, NC",35.384884,-77.99277
25092,"Hendersonville, NC",35.31873,-82.46095
7962,"Wilson, NC",35.70591,-77.91757
15128,"Kernersville, NC",36.119858,-80.073654
10627,"Burlington, NC",36.09569,-79.4378
53381,"Monroe, NC",34.985428,-80.549515
43956,"Asheboro, NC",35.707916,-79.813644
4854,"Garner, NC",35.711266,-78.614174
20220,"Rocky Mount, NC",35.942383,-77.79569
26088,"New Bern, NC",35.106842,-77.03988
39864,"Morganton, NC",35.74543,-81.68708
181663,"Fuquay Varina, NC",35.584385,-78.799866
32262,"Kannapolis, NC",35.49796,-80.624
53069,"Lumberton, NC",34.618332,-79.0082
20789,"Thomasville, NC",35.88318,-80.08182
42608,"Raeford, NC",34.981,-79.2242
12363,"Lenoir, NC",35.259037,-77.64849
25165,"Holly Springs, NC",35.651264,-78.83362
43646,"Indian Trail, NC",35.076813,-80.669235
12391,"Lincolnton, NC",35.473743,-81.254524
38350,"Elizabeth City, NC",36.301018,-76.22037
25090,"Henderson, NC",35.338905,-82.46639
52785,"Kinston, NC",35.262665,-77.581635
6050,"Morrisville, NC",35.82434,-78.83003
29105,"Mebane, NC",36.09597,-79.26696
20139,"Reidsville, NC",36.35486,-79.664474
12852,"Mount Airy, NC",36.499386,-80.607216
56956,"Hope Mills, NC",34.970444,-78.945305
54387,"Shelby, NC",35.29235,-81.535645
22819,"Waxhaw, NC",34.924812,-80.74402
17469,"Clemmons, NC",36.021526,-80.381996
52806,"Knightdale, NC",35.7879,-78.48229
37499,"Boone, NC",36.21879,-81.684006
12568,"Marion, NC",35.6841,-82.0091
12614,"Matthews, NC",35.11595,-80.722435
14751,"Zebulon, NC",35.8212,-78.31268
31639,"Franklin, NC",36.10286,-78.278725
41191,"Taylorsville, NC",35.92194,-81.176346
51550,"Cornelius, NC",35.481705,-80.859
14506,"Waynesville, NC",35.488747,-82.98888
22249,"Oxford, NC",36.3107,-78.590836
43591,"Candler, NC",35.544437,-82.6838
16704,"Albemarle, NC",35.350143,-80.20006
13559,"Rockingham, NC",36.39268,-79.74414
33112,"Newton, NC",35.66309,-81.22194
27127,"Smithfield, NC",35.5112,-78.3461
31814,"Graham, NC",35.359543,-83.83378
20258,"Roxboro, NC",36.393753,-78.98279
29434,"Winterville, NC",35.528225,-77.402245
50390,"Mocksville, NC",35.894024,-80.56178
42648,"Roanoke Rapids, NC",36.455803,-77.65735
12202,"Kings Mountain, NC",35.24506,-81.34105
52961,"Lillington, NC",35.39912,-78.8156
23664,"Belmont, NC",35.243828,-81.037735
45750,"Hillsborough, NC",36.075382,-79.099396
13967,"Spring Lake, NC",35.16794,-78.97281
4136,"Clinton, NC",34.997944,-78.32333
36431,"Washington, NC",35.87256,-76.62152
26009,"Mount Holly, NC",35.29763,-81.01617
53352,"Mint Hill, NC",35.17354,-80.657036
45006,"Dunn, NC",35.30769,-78.60933
51846,"Eden, NC",36.488472,-79.7667
31927,"Hampstead, NC",34.36767,-77.71053
22854,"Wendell, NC",35.780987,-78.36972
37711,"Cameron, NC",35.326824,-79.2553
24367,"Denver, NC",35.531246,-81.0298
56048,"Harrisburg, NC",35.32583,-80.6455
47137,"Pittsboro, NC",35.720123,-79.177155
10164,"Arden, NC",35.466183,-82.516426
49961,"Selma, NC",35.53655,-78.28445
13036,"North Wilkesboro, NC",36.158466,-81.14758
41598,"Weaverville, NC",35.696724,-82.56036
51528,"Conover, NC",35.7065,-81.21844
15287,"Leland, NC",34.236435,-78.004005
42776,"Newport, NC",34.78655,-76.85911
53049,"Louisburg, NC",36.09904,-78.30111
28253,"Brevard, NC",35.233448,-82.73429
35002,"Angier, NC",35.507103,-78.73918
25067,"Havelock, NC",34.8785,-76.90144
12889,"Murphy, NC",35.087585,-84.03463
28799,"Forest City, NC",35.33373,-81.86492
50551,"Willow Spring, NC",35.595715,-78.7314
54129,"Richlands, NC",34.899906,-77.5463
11048,"Davidson, NC",35.790237,-80.2115
31573,"Fletcher, NC",35.430935,-82.50112
40669,"Rutherfordton, NC",35.36929,-81.95677
28061,"Youngsville, NC",36.024776,-78.4767
54057,"Randleman, NC",35.817913,-79.803085
35100,"Dallas, NC",35.31604,-81.17648
55310,"Canton, NC",35.532883,-82.83736
36317,"Sylva, NC",35.37373,-83.22592
13841,"Siler City, NC",35.723473,-79.46224
27933,"Whiteville, NC",34.321735,-78.70315
32982,"Mount Olive, NC",35.196552,-78.066376
14032,"Summerfield, NC",36.208748,-79.904755
7238,"Stanley, NC",35.359024,-81.09702
37060,"Advance, NC",35.941284,-80.409645
44346,"Browns Summit, NC",36.212635,-79.71364
25408,"King, NC",36.280693,-80.35922
37867,"China Grove, NC",35.569305,-80.58173
30426,"Benson, NC",35.381435,-78.54806
38599,"Franklinton, NC",36.101818,-78.45805
52822,"La Grange, NC",35.306828,-77.78803
7471,"Trinity, NC",35.894737,-79.99097
4243,"Creedmoor, NC",36.12274,-78.686226
49869,"Williamston, NC",35.854603,-77.05551
14796,"Carthage, NC",35.345802,-79.41705
50507,"Hubert, NC",34.71377,-77.24523
30441,"Bessemer City, NC",35.284733,-81.283905
23891,"Burnsville, NC",35.917225,-82.29967
4886,"Gibsonville, NC",36.10569,-79.542244
22847,"Weddington, NC",35.02237,-80.7609
33430,"Pinehurst, NC",35.195198,-79.46928
35345,"Four Oaks, NC",35.445557,-78.42947
15599,"Nashville, NC",35.974598,-77.96554
6502,"Pikeville, NC",35.497105,-77.98193
23962,"Carrboro, NC",35.90999,-79.07529
10801,"Cherryville, NC",35.378746,-81.378975
6041,"Morehead City, NC",34.72294,-76.72604
21302,"Wilkesboro, NC",36.14839,-81.151764
10424,"Black Mountain, NC",35.617653,-82.32058
56908,"Granite Falls, NC",35.79652,-81.43065
41801,"Yadkinville, NC",36.134583,-80.65951
33374,"Pembroke, NC",34.680077,-79.19335
36640,"Snow Hill, NC",35.455357,-77.67073
45146,"Elon, NC",36.102913,-79.50669
25571,"Lewisville, NC",36.09708,-80.41922
3301,"Aberdeen, NC",35.131546,-79.42948
7182,"Southern Pines, NC",35.174046,-79.39226
5596,"Leicester, NC",35.655106,-82.69624
35969,"Maxton, NC",34.73516,-79.34893
45730,"Hertford, NC",36.356056,-77.01151
12516,"Maiden, NC",35.576603,-81.21392
22307,"Red Springs, NC",34.81516,-79.18376
27238,"Stallings, NC",35.10836,-80.66356
7751,"Walnut Cove, NC",36.295414,-80.14171
36482,"Troutman, NC",35.700584,-80.88823
31135,"Cullowhee, NC",35.313774,-83.17658
46425,"Marshville, NC",34.988487,-80.36701
56915,"Rocky Point, NC",34.43517,-77.887764
55704,"Edenton, NC",36.057938,-76.60772
396619,"Flat Rock, NC",35.27123,-82.441505
15793,"Liberty, NC",35.85347,-79.57169
28546,"Elkin, NC",36.24405,-80.8508
4144,"Clyde, NC",35.53344,-82.91069
43833,"Ahoskie, NC",36.285526,-76.98577
10307,"Beaufort, NC",35.46933,-76.89275
36917,"Marshall, NC",35.79748,-82.68393
25522,"Laurinburg, NC",34.774048,-79.46282
29833,"Vale, NC",35.539856,-81.39731
35604,"Fairview, NC",35.52219,-82.392685
35604,"Fairview, NC",35.52219,-82.392685
48823,"Claremont, NC",35.714577,-81.146194
26035,"Moyock, NC",36.524597,-76.17827
13791,"Shallotte, NC",33.97323,-78.38583
17792,"Dobson, NC",36.39569,-80.722565
6627,"Princeton, NC",35.465996,-78.16055
47121,"Pineville, NC",35.08554,-80.88712
41082,"Stokesdale, NC",36.237206,-79.979355
11788,"Hamlet, NC",34.886364,-79.69721
29556,"Wesley Chapel, NC",35.007095,-80.674515
13669,"Saint Pauls, NC",34.807022,-78.97078
49476,"Madison, NC",35.8482,-82.69311
20273,"Rural Hall, NC",36.240417,-80.29338
35981,"Mc Leansville, NC",36.178463,-79.67806
22112,"Dudley, NC",35.267387,-78.03749
38495,"Farmville, NC",35.59544,-77.58525
22839,"Sneads Ferry, NC",34.5576,-77.38005
16384,"Swannanoa, NC",35.60058,-82.38767
31983,"Hayesville, NC",35.04628,-83.81794
183069,"Nebo, NC",35.715057,-81.930595
29751,"Jamestown, NC",35.994106,-79.93566
55235,"Wingate, NC",34.984318,-80.449234
42022,"Bryson City, NC",35.430927,-83.44738
20216,"Rockwell, NC",35.55125,-80.40645
35067,"Archdale, NC",35.91458,-79.971985
5422,"Kill Devil Hills, NC",36.03212,-75.67761
56678,"Wadesboro, NC",34.968178,-80.07674
57110,"Bakersville, NC",36.015675,-82.15874
12061,"Iron Station, NC",35.441525,-81.15619
19456,"Mooresboro, NC",35.298492,-81.699104
29174,"Middlesex, NC",35.788837,-78.20391
40103,"Norwood, NC",35.21959,-80.11895
29007,"Mars Hill, NC",35.826378,-82.54868
52744,"Kenly, NC",35.595936,-78.124
37449,"Bladenboro, NC",34.538677,-78.78759
56819,"Troy, NC",35.358475,-79.89449
23883,"Burgaw, NC",34.552113,-77.9261
48807,"Ayden, NC",35.471165,-77.41757
40004,"Newland, NC",36.08735,-81.92734
16079,"Wallace, NC",34.734867,-77.99608
53891,"Pilot Mountain, NC",36.385136,-80.46712
14970,"Denton, NC",35.633472,-80.11588
48845,"Cleveland, NC",35.733196,-80.67701
27232,"Spruce Pine, NC",35.91478,-82.066414
42255,"Elm City, NC",35.806545,-77.86331
31306,"East Bend, NC",36.215775,-80.507416
40108,"Oak Island, NC",33.91656,-78.1611
47133,"Pisgah Forest, NC",35.272335,-82.70624
9240,"Stoneville, NC",36.466526,-79.90698
7209,"Spring Hope, NC",35.945152,-78.11193
19713,"Oak Ridge, NC",36.173622,-79.98922
42428,"Grimesland, NC",35.563496,-77.19218
35940,"Marvin, NC",34.999287,-80.821175
183959,"Saint James, NC",33.92934,-78.11638
26402,"Parkton, NC",34.902664,-79.011696
7928,"Whittier, NC",35.435097,-83.36015
56145,"Ramseur, NC",35.732075,-79.65409
24596,"Enfield, NC",36.18099,-77.66664
26107,"New London, NC",35.443195,-80.21922
40348,"Pinnacle, NC",35.28926,-83.527664
34662,"Warsaw, NC",34.999718,-78.09396
9228,"Whitsett, NC",36.071247,-79.56447
33738,"Roseboro, NC",34.952946,-78.50862
27743,"Walkertown, NC",36.174828,-80.15216
7355,"Tabor City, NC",34.14878,-78.87669
185037,"Woodfin, NC",35.633446,-82.58207
7976,"Winnabow, NC",34.149338,-78.093605
35025,"Castle Hayne, NC",34.354897,-77.90655
26013,"Mount Pleasant, NC",35.399307,-80.4359
19057,"Littleton, NC",36.434895,-77.911964
15292,"Erwin, NC",35.326828,-78.676125
17011,"Beulaville, NC",34.923775,-77.773865
10027,"Ellenboro, NC",35.328796,-81.75871
47460,"Rougemont, NC",36.218346,-78.926445
27774,"Warrenton, NC",36.39848,-78.15527
19366,"Midway Park, NC",34.72792,-77.33937
28111,"Carolina Beach, NC",34.03517,-77.89359
43129,"Tarboro, NC",35.896824,-77.535805
13944,"Sparta, NC",36.50547,-81.120766
20675,"Stony Point, NC",35.864986,-81.05174
55112,"West Jefferson, NC",36.403736,-81.49288
40124,"Ocean Isle Beach, NC",33.89434,-78.426674
40963,"Sophia, NC",35.823193,-79.86087
42919,"Old Fort, NC",35.629337,-82.18108
7669,"Vanceboro, NC",35.299545,-77.15223
8346,"Calabash, NC",33.890728,-78.568344
182895,"Mills River, NC",35.388447,-82.56679
52396,"Hamptonville, NC",36.09847,-80.760345
6794,"Robbins, NC",35.434032,-79.586975
12888,"Murfreesboro, NC",36.442375,-77.09857
16883,"Banner Elk, NC",36.163334,-81.8719
396622,"Unionville, NC",35.087368,-80.50896
8159,"Chadbourn, NC",34.322113,-78.826965
47156,"Pleasant Garden, NC",35.96212,-79.76213
18406,"Grover, NC",35.174576,-81.44981
40882,"Sherrills Ford, NC",35.61638,-80.99816
24549,"Efland, NC",36.08126,-79.169044
37192,"Ash, NC",34.066837,-78.5264
34125,"Stedman, NC",35.0135,-78.69391
15989,"Vass, NC",35.256268,-79.28225
22846,"Tryon, NC",35.208168,-82.23845
30325,"Bahama, NC",36.165977,-78.87667
4181,"Columbus, NC",34.28145,-78.666595
51210,"Butner, NC",36.133423,-78.75791
32511,"Linden, NC",35.254887,-78.747246
47169,"Plymouth, NC",35.86683,-76.74856
40997,"Southport, NC",33.921562,-78.02027
43848,"Alexander, NC",35.92474,-81.17163
55349,"Blowing Rock, NC",36.135025,-81.67779
56512,"Stanfield, NC",35.23348,-80.42701
9831,"Catawba, NC",35.674057,-81.210724
14141,"Timberlake, NC",34.973774,-78.97948
9738,"Maggie Valley, NC",35.518158,-83.09764
25163,"Holly Ridge, NC",34.495445,-77.55497
18401,"Grifton, NC",35.37286,-77.43556
34299,"Tobaccoville, NC",36.22616,-80.341606
37945,"Coats, NC",35.40794,-78.67196
53433,"Mount Gilead, NC",35.214867,-80.00228
9584,"Snow Camp, NC",35.89347,-79.43002
26145,"Newton Grove, NC",35.24543,-78.35439
12541,"Manteo, NC",35.908226,-75.67573
40347,"Pink Hill, NC",35.055077,-77.74494
37591,"Broadway, NC",35.45793,-79.05308
7016,"Seven Springs, NC",35.2266,-77.84651
36112,"Linwood, NC",35.750694,-80.31783
56538,"Willard, NC",34.690166,-77.979706
4806,"Franklinville, NC",35.744232,-79.69422
39790,"Millers Creek, NC",36.189594,-81.234314
33134,"Norlina, NC",36.44561,-78.19821
23570,"Bailey, NC",35.778957,-78.115105
23771,"Boonville, NC",36.232635,-80.70812
8095,"Andrews, NC",35.201748,-83.824066
180470,"Boiling Spring Lakes, NC",34.03135,-78.06727
36961,"Oakboro, NC",35.223534,-80.32659
49371,"Harmony, NC",35.955692,-80.771736
10419,"Biscoe, NC",35.360054,-79.779655
42364,"Hurdle Mills, NC",36.273197,-79.04751
43081,"Vilas, NC",36.24568,-81.76761
37507,"Bostic, NC",35.36262,-81.835655
9389,"Yanceyville, NC",36.404026,-79.33613
8691,"Halifax, NC",36.249405,-77.66834
14051,"Sunset Beach, NC",33.88073,-78.51223
5148,"Hiddenite, NC",35.903744,-81.09064
41855,"Carolina Shores, NC",33.901005,-78.58057
39536,"Lucama, NC",35.645435,-78.00971
5216,"Horse Shoe, NC",35.343193,-82.55646
46169,"Laurel Hill, NC",35.554577,-81.50287
46719,"New Hill, NC",35.680984,-78.93557
29649,"Glen Raven, NC",36.126423,-79.4675
46052,"Kittrell, NC",36.22209,-78.437775
37896,"Clarkton, NC",34.487392,-78.65613
52175,"Garland, NC",34.785835,-78.39407
40799,"Seagrove, NC",35.540844,-79.777885
26515,"Pinetops, NC",35.791176,-77.63751
47765,"South Mills, NC",36.440083,-76.32697
55631,"Camden, NC",36.310623,-76.11506
56281,"Rolesville, NC",35.923286,-78.45739
40791,"Scotland Neck, NC",36.1296,-77.42025
5847,"Mayodan, NC",36.41236,-79.96699
184030,"Sawmills, NC",35.824562,-81.47411
20840,"Trenton, NC",35.06366,-77.35348
35972,"Maysville, NC",34.90488,-77.231346
32034,"Highlands, NC",35.05259,-83.196815
21024,"Valdese, NC",35.743156,-81.56338
31519,"Faison, NC",35.116276,-78.1361
34333,"Trent Woods, NC",35.082104,-77.08634
34109,"Staley, NC",35.79597,-79.551414
51883,"Ellerbe, NC",35.071262,-79.76144
39359,"Lansing, NC",36.499393,-81.51099
27246,"Stantonsburg, NC",35.606827,-77.82331
28364,"Belhaven, NC",35.540165,-76.622986
25313,"Jefferson, NC",36.420403,-81.473434
32644,"Magnolia, NC",34.896557,-78.05415
37275,"Barnardsville, NC",35.77761,-82.45485
28323,"Climax, NC",35.912914,-79.71753
31711,"Gates, NC",36.44125,-76.69441
38722,"Godwin, NC",35.217663,-78.68037
54240,"Ruffin, NC",36.44708,-79.54389
28941,"Mount Ulla, NC",35.658474,-80.72674
41010,"Spindale, NC",35.360123,-81.92927
26786,"Roaring River, NC",36.26385,-81.0566
26837,"Roper, NC",35.877975,-76.61518
33829,"Saluda, NC",35.236225,-82.34928
23935,"Candor, NC",35.295143,-79.745316
12437,"Longview, NC",35.026653,-80.79512
396439,"Gold Hill, NC",34.921276,-79.17309
41050,"Star, NC",35.402084,-79.7842
11593,"Germanton, NC",36.26277,-80.23097
181463,"Fairview, NC",35.52219,-82.392685
181463,"Fairview, NC",35.52219,-82.392685
7437,"Todd, NC",36.308712,-81.595764
37229,"Autryville, NC",34.997944,-78.64252
18849,"Kitty Hawk, NC",36.066433,-75.69354
3485,"Aulander, NC",36.2296,-77.11413
9278,"Zirconia, NC",35.241783,-82.41623
47372,"Richfield, NC",35.470142,-80.257835
29259,"Whitakers, NC",36.105568,-77.71261
24293,"Currituck, NC",36.391872,-75.91184
10217,"Aurora, NC",35.304646,-76.78739
23247,"Pelham, NC",36.51004,-79.47102
44370,"Bunnlevel, NC",35.309605,-78.7803
39217,"Kenansville, NC",34.962387,-77.962204
11062,"Deep Run, NC",35.145443,-77.703865
29783,"Sims, NC",35.76074,-78.05941
48296,"Wade, NC",35.16294,-78.73613
37331,"Bear Creek, NC",34.66294,-77.18051
46408,"Marble, NC",35.175087,-83.924904
17333,"Castalia, NC",36.081818,-78.05749
52864,"Lake Park, NC",35.085968,-80.63555
33364,"Peachland, NC",34.993767,-80.2645
9428,"Ronda, NC",36.218468,-80.941185
42615,"Macon, NC",35.143665,-83.39773
52667,"Jamesville, NC",35.81127,-76.896614
44882,"Deep Gap, NC",35.039597,-83.55268
7250,"Stella, NC",34.774326,-77.150505
53949,"Pollocksville, NC",35.005993,-77.22106
31316,"East Flat Rock, NC",35.28742,-82.41917
43523,"Teachey, NC",34.768223,-78.00804
7246,"State Road, NC",36.325966,-80.86757
47115,"Pinebluff, NC",35.10988,-79.47226
17615,"Cramerton, NC",35.23875,-81.07507
54025,"Purlear, NC",36.182076,-81.284256
45973,"Julian, NC",35.905136,-79.6603
50150,"Union Mills, NC",35.487904,-81.96344
49852,"Salemburg, NC",35.015446,-78.50306
4264,"Crouse, NC",35.420967,-81.30536
46610,"Moravian Falls, NC",36.102688,-81.18158
12459,"Lowell, NC",35.267918,-81.10285
11584,"Gaston, NC",35.284966,-81.179016
15121,"Hays, NC",36.243134,-81.11234
29613,"Spencer, NC",35.692013,-80.43476
49427,"Lowgap, NC",36.52569,-80.867294
13462,"Red Oak, NC",36.038517,-77.90627
16955,"Belews Creek, NC",36.24458,-80.06976
8451,"Gamewell, NC",35.869297,-81.59621
15834,"Locust, NC",35.259865,-80.42535
8103,"Blanch, NC",36.50792,-79.29502
29292,"Stem, NC",36.199867,-78.72223
19425,"Moncure, NC",35.622498,-79.078316
17808,"Dover, NC",35.216274,-77.436905
42329,"Hudson, NC",35.848465,-81.495926
3709,"Blounts Creek, NC",35.048256,-78.87138
26342,"Otto, NC",35.060093,-83.38766
31392,"Elk Park, NC",36.157433,-81.98028
23689,"Bethel, NC",35.808308,-77.373344
5979,"Mineral Springs, NC",34.937927,-80.66868
46149,"Landis, NC",35.545696,-80.6109
41887,"Ararat, NC",36.404026,-80.560616
181452,"Fairfield Harbour, NC",35.064407,-76.95628
14463,"Walstonburg, NC",35.594604,-77.69692
19151,"Macclesfield, NC",35.7521,-77.669975
56102,"Lumber Bridge, NC",34.888496,-79.07225
5450,"Knotts Island, NC",36.532375,-75.92298
39646,"Marston, NC",34.988213,-79.58227
35493,"Lake Lure, NC",35.4279,-82.204834
37648,"Bullock, NC",36.491253,-78.545
57063,"Cedar Grove, NC",36.16764,-79.16779
38074,"Creston, NC",36.43031,-81.62116
12079,"Ivanhoe, NC",34.610725,-78.24194
28633,"Etowah, NC",35.318768,-82.599236
27923,"Whispering Pines, NC",35.25571,-79.37225
8633,"Laurel Park, NC",35.31373,-82.493454
17688,"Danbury, NC",36.409306,-80.20589
51497,"Columbia, NC",35.917664,-76.25215
46916,"Oriental, NC",35.025066,-76.695885
42392,"Laurel Springs, NC",35.942818,-79.122444
39778,"Midland, NC",35.227367,-80.500626
24193,"Conway, NC",36.437096,-77.22886
38537,"Fleetwood, NC",36.30624,-81.513435
21127,"Wagram, NC",34.88794,-79.36615
24029,"Cerro Gordo, NC",34.322113,-78.926414
7529,"Union Grove, NC",36.207638,-80.607285
50886,"Bath, NC",35.477108,-76.81161
13708,"Sandy Ridge, NC",36.177113,-75.75227
57151,"Casar, NC",35.512352,-81.61732
50959,"Belville, NC",34.22003,-77.99384
7496,"Turkey, NC",34.99239,-78.18305
18619,"Hookerton, NC",35.424595,-77.589294
183810,"River Bend, NC",35.06905,-77.1469
55088,"Wentworth, NC",36.40014,-79.77448
180656,"Cajahs Mountain, NC",35.834854,-81.54148
9880,"Eure, NC",36.427376,-76.853294
56712,"Wanchese, NC",35.83943,-75.636696
12548,"Maple Hill, NC",34.661278,-77.696365
36245,"Stokes, NC",36.412098,-80.228806
12539,"Manson, NC",36.421814,-78.28305
39926,"Nakina, NC",34.134613,-78.66807
44783,"Cove City, NC",35.18703,-77.32065
42082,"Albertson, NC",35.11433,-77.81887
9854,"Currie, NC",34.462666,-78.101105
21191,"Weldon, NC",36.426556,-77.59673
35083,"Bolton, NC",34.320724,-78.40195
10996,"Creswell, NC",35.86954,-76.39331
44369,"Bunn, NC",35.960663,-78.25364
28218,"Delco, NC",34.315723,-78.224724
5514,"Lake Waccamaw, NC",34.32217,-78.522026
36633,"Hot Springs, NC",35.892326,-82.82903
21162,"Warrensville, NC",36.46068,-81.519
55777,"Hollister, NC",36.255985,-77.93582
33242,"Olin, NC",35.952637,-80.83979
24566,"Elizabethtown, NC",34.629337,-78.60529
48737,"Atkinson, NC",34.5285,-78.171104
13403,"Providence, NC",36.25431,-78.66167
38953,"Hemby Bridge, NC",35.109955,-80.63994
24085,"Clarendon, NC",34.21017,-78.8453
25439,"Kure Beach, NC",33.99684,-77.90721
54736,"Traphill, NC",36.34645,-81.03264
21339,"Windsor, NC",35.998493,-76.94607
40238,"Pantego, NC",35.589054,-76.662155
40499,"Ranlo, NC",35.286247,-81.130356
4865,"Gatesville, NC",36.408524,-76.75316
46182,"Lawsonville, NC",36.48903,-80.23255
20451,"Shawboro, NC",36.405434,-76.09409
52424,"Harrells, NC",34.72755,-78.20145
37485,"Boiling Springs, NC",35.25429,-81.66704
56639,"Swansboro, NC",34.689674,-77.123215
36271,"Zionville, NC",36.334846,-81.743164
41112,"Sugar Grove, NC",36.257904,-81.78817
15140,"Henrico, NC",36.534317,-77.83082
25071,"Haw River, NC",36.091526,-79.36419
55468,"Crumpler, NC",36.504013,-81.394264
4452,"Eagle Springs, NC",35.572403,-78.79669
37781,"Cashiers, NC",35.11225,-83.09878
45622,"Hallsboro, NC",34.32239,-78.5989
29445,"Woodland, NC",36.331543,-77.212746
9321,"Wrightsville Beach, NC",34.207993,-77.79559
15391,"Dortches, NC",36.011265,-77.85748
22268,"Nags Head, NC",35.957394,-75.62406
32497,"Lilesville, NC",34.967655,-79.984505
49268,"Ferguson, NC",36.085686,-81.36842
30741,"Cape Carteret, NC",34.69155,-77.063
24900,"Goldston, NC",35.593204,-79.328354
28487,"Kingstown, NC",35.35124,-81.61231
182732,"Mar-Mac, NC",35.33572,-78.059814
18002,"Ernul, NC",35.252663,-77.07967
29797,"Lewiston Woodville, NC",36.122936,-77.17663
4859,"Garysburg, NC",36.450985,-77.55887
50004,"Terrell, NC",35.589302,-80.978134
56666,"Semora, NC",36.498474,-79.1489
5510,"Lake Toxaway, NC",35.1325,-82.93377
31738,"Gibson, NC",34.75905,-79.61061
29202,"Milton, NC",36.53884,-79.2066
29994,"Icard, NC",35.726124,-81.46178
44505,"Cedar Point, NC",34.68763,-77.073074
35893,"Navassa, NC",34.255447,-78.00749
45170,"Ennice, NC",36.553463,-80.99591
41783,"Woodleaf, NC",35.769028,-80.5909
29976,"Pendleton, NC",36.092922,-80.30582
45965,"Jonesville, NC",36.2393,-80.84451
184793,"Washington Park, NC",35.53266,-77.03245
24589,"Emerald Isle, NC",34.665314,-77.038216
21327,"Wilsons Mills, NC",35.582993,-78.35548
6553,"Polkton, NC",35.007656,-80.2009
27194,"Southern Shores, NC",36.139053,-75.731575
4963,"Grassy Creek, NC",36.573734,-81.38871
30421,"Bennett, NC",35.565422,-79.54363
180255,"Barker Heights, NC",35.31086,-82.44195
47908,"Sunbury, NC",36.445942,-76.610725
33903,"Seaboard, NC",36.49015,-77.44136
46191,"Leasburg, NC",36.394585,-79.15446
11609,"Glade Valley, NC",36.47192,-81.05155
48794,"Chinquapin, NC",34.831,-77.81637
46840,"Oak City, NC",35.962597,-77.30524
10945,"Corapeake, NC",36.53432,-76.57634
3915,"Buxton, NC",35.267677,-75.54237
45997,"Kelford, NC",36.1796,-77.22358
30529,"Boomer, NC",36.067352,-81.2537
29778,"Lake Santeetlah, NC",35.364845,-83.86208
13361,"Poplar Branch, NC",36.28016,-75.89269
4916,"Glenville, NC",35.17343,-83.12931
53511,"Neuse Forest, NC",34.964565,-76.93734
28532,"Hobbsville, NC",36.3471,-76.60467
27301,"Stumpy Point, NC",35.698505,-75.740456
30314,"Aydlett, NC",36.325993,-75.90687
14163,"Topton, NC",35.247036,-83.703224
9084,"North Topsail Beach, NC",34.475136,-77.45807
7339,"Swanquarter, NC",35.406277,-76.32909
44127,"Belwood, NC",35.477077,-81.52342
43475,"Shiloh, NC",35.551224,-82.53262
55034,"Warne, NC",34.994854,-83.893
183568,"Pleasant Hill, NC",36.253708,-80.89436
54015,"Prospect Hill, NC",36.249424,-79.19066
43352,"Princeville, NC",35.889694,-77.53047
11937,"Holden Beach, NC",33.913506,-78.30389
16007,"Surf City, NC",34.427113,-77.54608
41231,"Thurmond, NC",36.36652,-80.928406
9280,"Sapphire, NC",35.10701,-83.00267
7480,"Tuckasegee, NC",35.27038,-83.12264
16833,"Atlantic Beach, NC",34.69905,-76.74021
10536,"Brasstown, NC",35.039894,-83.9574
182576,"Light Oak, NC",35.285053,-81.47643
16980,"Belvidere, NC",36.26877,-76.535774
31497,"Fair Bluff, NC",34.3135,-79.037254
183722,"Red Cross, NC",35.267365,-80.35562
49548,"Parmele, NC",35.816547,-77.31413
34688,"Waves, NC",35.56684,-75.46839
52135,"Frisco, NC",35.234467,-75.627525
55618,"Collettsville, NC",35.925686,-81.674545
19329,"Merritt, NC",35.097942,-76.71438
42497,"Harkers Island, NC",34.69905,-76.56211
46512,"Merry Hill, NC",36.011826,-76.772446
37346,"Beech Mountain, NC",36.209087,-81.8818
42289,"Engelhard, NC",35.509617,-75.99602
23595,"Barco, NC",36.391823,-75.979645
9381,"Walnut Creek, NC",35.30593,-77.8718
181451,"Fairfield, NC",35.80673,-78.62596
35983,"Penrose, NC",35.27234,-82.639015
36910,"Fountain, NC",35.67405,-77.63998
53903,"Piney Creek, NC",36.550404,-81.288704
17345,"Cedar Mountain, NC",35.23206,-82.325676
46457,"Mc Adenville, NC",35.25195,-81.07573
22545,"Powells Point, NC",36.071945,-75.794556
11801,"Harbinger, NC",36.102108,-75.81407
47627,"Sedalia, NC",36.067356,-79.62058
47926,"Swepsonville, NC",36.021248,-79.361404
34991,"Corolla, NC",36.384747,-75.8287
34317,"Topsail Beach, NC",34.36517,-77.63053
13502,"Rhodhiss, NC",35.77402,-81.4312
33887,"Scaly Mountain, NC",35.037205,-83.285645
9144,"Ocracoke, NC",35.114597,-75.98091
3807,"Bridgeton, NC",35.121548,-77.02078
10738,"Caswell Beach, NC",33.896008,-78.0511
5182,"Hobgood, NC",36.029594,-77.39805
12535,"Manns Harbor, NC",35.885723,-75.76268
31825,"Grandy, NC",36.242413,-75.877785
3522,"Balsam Grove, NC",35.22955,-82.87374
52678,"Jarvisburg, NC",36.202938,-75.866585
9681,"Lake Junaluska, NC",35.53048,-82.972496
180468,"Bogue, NC",34.69933,-77.03689
11396,"Fairmont, NC",34.49683,-79.114204
16718,"Alexis, NC",35.399857,-81.11786
49576,"Patterson Springs, NC",35.23541,-81.514534
184711,"Varnamtown, NC",33.93573,-78.24861
36679,"Peletier, NC",34.730404,-77.08442
9326,"Scranton, NC",35.497112,-76.45132
7111,"Smyrna, NC",34.75888,-76.52758
180566,"Brookford, NC",35.703186,-81.34786
16831,"Atlantic, NC",34.884888,-76.34047
47458,"Rosman, NC",35.14369,-82.82202
21184,"Webster, NC",35.34621,-83.219315
3651,"Bethania, NC",36.18236,-80.338104
11513,"Foxfire, NC",35.17543,-79.57143
47634,"Seven Devils, NC",36.15597,-81.79966
56354,"Pine Knoll Shores, NC",34.697384,-76.81327
35745,"Hatteras, NC",35.22521,-75.527916
31530,"Fallston, NC",35.428413,-81.50147
9845,"Duck, NC",36.170013,-75.75593
13346,"Point Harbor, NC",36.07866,-75.79445
47708,"Simpson, NC",35.57516,-77.27857
5996,"Misenheimer, NC",35.484863,-80.28839
13569,"Rodanthe, NC",35.59345,-75.46781
52244,"Gloucester, NC",34.726273,-76.54104
26788,"Robbinsville, NC",35.32276,-83.807
184509,"Taylortown, NC",35.207657,-79.48586
44740,"Cooleemee, NC",35.810364,-80.55614
40639,"Rose Hill, NC",34.823753,-78.02868
15882,"Stacy, NC",34.849884,-76.41576
6028,"Montreat, NC",35.644283,-82.302895
10750,"Cedar Island, NC",35.540165,-76.6416
25117,"High Shoals, NC",35.402634,-81.2023
47541,"Salvo, NC",35.54018,-75.47293
47490,"Ruth, NC",35.382065,-81.94705
26863,"Roxobel, NC",36.202934,-77.24525
182904,"Minnesott Beach, NC",34.968773,-76.8116
272654,"Sugar Mountain, NC",36.12735,-81.860115
55639,"Alliance, NC",35.14489,-76.802155
22319,"Marshallberg, NC",34.72794,-76.515755
15606,"Roaring Gap, NC",36.40291,-80.98535
42051,"Bayboro, NC",35.142944,-76.77021
16863,"Badin, NC",35.405975,-80.11672
24149,"Coinjock, NC",36.347916,-75.953896
39373,"Lattimore, NC",35.31818,-81.66065
13749,"Sealevel, NC",34.862385,-76.387695
45527,"Grantsboro, NC",35.140644,-76.84246
25238,"Indian Beach, NC",34.68655,-76.89522
8410,"Fremont, NC",35.545437,-77.97471
5792,"Maple, NC",36.41488,-76.00409
180793,"Cedar Rock, NC",35.944298,-81.45815
16854,"Avon, NC",35.346653,-75.50793
5569,"Lawndale, NC",35.41402,-81.56315
26570,"Polkville, NC",35.41763,-81.642876
47412,"Robersonville, NC",35.823975,-77.25342
184897,"White Lake, NC",34.64045,-78.483894
27661,"Vandemere, NC",35.184055,-76.663536
21619,"Bald Head Island, NC",33.861893,-77.99553
29661,"Rich Square, NC",36.27372,-77.28453
29884,"Davis, NC",35.70214,-78.68777
9598,"Rowland, NC",34.536552,-79.29143
25285,"Jackson, NC",35.296238,-83.13881
52386,"Hamilton, NC",35.944138,-77.20878
182268,"Jaars, NC",34.863426,-80.748634
20363,"Saratoga, NC",35.653667,-77.775604
16475,"Morven, NC",34.864044,-80.001175
55505,"Balsam, NC",35.426773,-83.08521
182841,"Mesic, NC",35.200447,-76.643814
18073,"Fargo, ND",46.877228,-96.78982
17040,"Bismarck, ND",46.808327,-100.78374
4948,"Grand Forks, ND",47.92521,-97.03063
12765,"Minot, ND",48.23251,-101.29627
55107,"West Fargo, ND",46.874966,-96.90036
48506,"Williston, ND",48.146545,-103.62181
4366,"Dickinson, ND",46.879177,-102.78963
42638,"Mandan, ND",46.826416,-100.8897
39139,"Jamestown, ND",46.910545,-98.708435
49252,"Devils Lake, ND",48.112778,-98.86512
48299,"Wahpeton, ND",46.26588,-96.608864
9274,"Valley City, ND",46.923313,-98.00316
29526,"Watford City, ND",47.802242,-103.28325
4943,"Grafton, ND",48.412212,-97.41064
32083,"Horace, ND",46.758854,-96.903694
37512,"Bottineau, ND",48.824345,-100.84313
3659,"Beulah, ND",47.26334,-101.77795
22831,"Rugby, ND",48.36889,-99.99625
3982,"Carrington, ND",47.44972,-99.12622
7239,"Stanley, ND",48.31724,-102.39045
12305,"Langdon, ND",48.76059,-98.36782
36668,"Tioga, ND",48.397243,-102.93824
5849,"Mayville, ND",47.49882,-97.326035
14480,"Washburn, ND",47.289673,-101.02897
36855,"New Salem, ND",46.84526,-101.408356
44275,"Bowman, ND",46.10105,-103.50866
37783,"Casselton, ND",46.900528,-97.2112
40253,"Park River, ND",48.398605,-97.7412
25132,"Hillsboro, ND",47.40387,-97.062035
26696,"Ray, ND",48.344467,-103.165184
55354,"Cavalier, ND",48.766438,-98.50014
31706,"Garrison, ND",47.65222,-101.41572
56729,"Thompson, ND",47.77359,-97.1098
22481,"Linton, ND",46.26666,-100.232895
44104,"Belfield, ND",46.885292,-103.19962
28432,"Kenmare, ND",48.674747,-102.082664
28846,"Harwood, ND",46.979412,-96.88064
6174,"New Rockford, ND",47.68,-99.13789
51907,"Enderlin, ND",46.623028,-97.60149
41012,"Spiritwood Lake, ND",47.07638,-98.57315
12199,"Kindred, ND",46.64858,-97.01703
22288,"Mapleton, ND",46.889137,-97.05259
31027,"Cooperstown, ND",47.44444,-98.123985
26217,"Northwood, ND",47.734154,-97.56676
49704,"Lidgerwood, ND",46.075516,-97.15176
25511,"Larimore, ND",47.904778,-97.62385
15432,"Hankinson, ND",46.06968,-96.90175
48897,"Burlington, ND",48.275288,-101.42877
46553,"Milnor, ND",46.25913,-97.4562
50983,"Berthold, ND",48.31307,-101.73711
23514,"Argusville, ND",47.052193,-96.934525
51745,"Drayton, ND",48.57113,-97.17802
22522,"Portland, ND",47.498318,-97.37037
35998,"Richardton, ND",46.883896,-102.31573
43005,"Wilton, ND",47.15875,-100.786644
45154,"Emerado, ND",47.918877,-97.36508
31977,"Hatton, ND",47.63971,-97.45342
30263,"Arnegard, ND",47.807796,-103.441025
9009,"Reynolds, ND",47.672203,-97.10675
15909,"Steele, ND",47.441307,-97.74504
25595,"Lincoln, ND",46.762493,-100.7004
43797,"Killdeer, ND",47.371986,-102.75412
29353,"Velva, ND",48.05612,-100.92931
30330,"Baldwin, ND",47.026657,-100.74957
29125,"Menoken, ND",46.82055,-100.53123
50068,"Towner, ND",48.64815,-99.23226
36760,"Sterling, ND",46.813877,-100.2915
11621,"Glen Ullin, ND",46.815006,-101.82988
20725,"Surrey, ND",48.2364,-101.13349
17996,"Epping, ND",48.27919,-103.35713
34623,"Walcott, ND",46.548855,-96.93675
53201,"Max, ND",47.821114,-101.29877
49938,"Wyndmere, ND",46.26663,-97.13231
18285,"Gladstone, ND",46.86084,-102.567955
22482,"Lisbon, ND",46.441635,-97.68121
9665,"Page, ND",47.159706,-97.571205
36984,"Turtle Lake, ND",47.519997,-100.890144
34377,"Underwood, ND",47.456387,-101.13709
32679,"Manvel, ND",48.077763,-97.17647
42396,"Fairmount, ND",46.05496,-96.602295
25555,"Leonard, ND",46.651917,-97.24564
8323,"Coleharbor, ND",47.544167,-101.22376
52172,"Gardner, ND",47.147198,-96.967865
25540,"Leeds, ND",48.288887,-99.43764
53662,"Oakes, ND",46.13858,-98.09038
45845,"Hunter, ND",47.190533,-97.21703
57044,"Taylor, ND",46.902287,-102.422874
43777,"Zahl, ND",48.572704,-103.69101
8325,"Colfax, ND",46.469406,-96.87453
44365,"Buffalo, ND",46.9197,-97.54954
24320,"Davenport, ND",46.714134,-97.07009
9937,"Mooreton, ND",46.26857,-96.87619
42571,"Oriska, ND",46.930534,-97.788994
34779,"Westhope, ND",48.909466,-101.02071
15418,"Drake, ND",47.924168,-100.37236
7150,"South Heart, ND",46.864735,-102.99157
9443,"Tower City, ND",46.922756,-97.67399
10408,"Binford, ND",47.56194,-98.3451
37029,"Hazen, ND",47.29445,-101.622665
17444,"Christine, ND",46.57381,-96.80632
13533,"Riverdale, ND",47.497498,-101.37127
54096,"Reiles Acres, ND",46.923023,-96.865364
10693,"Cando, ND",48.486668,-99.20986
30107,"Hettinger, ND",46.4448,-102.4167
40152,"Omaha, NE",41.258747,-95.93838
32503,"Lincoln, NE",40.808887,-96.70778
16971,"Bellevue, NE",41.136513,-95.89374
52285,"Grand Island, NE",40.92427,-98.338684
13181,"Papillion, NE",41.15444,-96.04224
45991,"Kearney, NE",40.490623,-98.947235
4818,"Fremont, NE",41.433838,-96.49605
12995,"Norfolk, NE",42.02834,-97.417
13030,"North Platte, NE",41.136833,-100.761284
37977,"Columbus, NE",41.4293,-97.35815
38915,"Hastings, NE",40.586132,-98.389885
50513,"Gretna, NE",41.146927,-96.239006
32357,"La Vista, NE",41.18327,-96.0324
27001,"Scottsbluff, NE",41.8623,-103.66271
30062,"South Sioux City, NE",42.474297,-96.41359
3634,"Bennington, NE",41.36472,-96.1578
50918,"Beatrice, NE",40.26643,-96.74737
22454,"Lexington, NE",40.778847,-99.741486
47153,"Plattsmouth, NE",41.011196,-95.886215
51021,"Blair, NE",41.543804,-96.136
21414,"York, NE",40.871616,-97.60014
10088,"Alliance, NE",42.09719,-102.87071
45422,"Gering, NE",41.822693,-103.66037
47635,"Seward, NE",40.869553,-97.17067
31108,"Crete, NE",40.628143,-96.96137
6129,"Nebraska City, NE",40.676525,-95.858696
53228,"McCook, NE",40.200687,-100.62576
27101,"Sidney, NE",41.144867,-102.97674
13734,"Schuyler, NE",41.447353,-97.05725
16151,"Wayne, NE",42.19413,-97.169624
4037,"Chadron, NE",42.830982,-103.000374
41962,"Aurora, NE",40.866886,-98.00451
29657,"Ralston, NE",41.201668,-96.03238
43146,"Wahoo, NE",41.21111,-96.6198
33221,"Ogallala, NE",41.124832,-101.718956
3833,"Broken Bow, NE",41.40181,-99.63933
7796,"Waverly, NE",40.91742,-96.52817
31502,"Fairbury, NE",40.13731,-97.1811
28171,"Cozad, NE",40.85958,-99.985855
3464,"Ashland, NE",41.03917,-96.36839
9522,"West Point, NE",41.84027,-96.712074
31807,"Gothenburg, NE",40.92773,-100.16199
55053,"Waterloo, NE",22.312372,114.17079
35131,"Auburn, NE",40.392616,-95.83905
30818,"Central City, NE",41.11585,-98.001724
29723,"Milford, NE",40.774193,-97.05185
11886,"Hickman, NE",40.619972,-96.63238
43510,"Louisville, NE",40.997776,-96.16223
46566,"Mitchell, NE",41.940166,-103.80866
27226,"Springfield, NE",41.08184,-96.131096
56348,"Pierce, NE",42.259125,-97.60368
43025,"Valentine, NE",42.874676,-100.55061
36217,"Stanton, NE",41.92207,-97.21412
52434,"Hartington, NE",42.622498,-97.264496
27648,"Valley, NE",41.559574,-98.980545
13116,"Ord, NE",41.603336,-98.926216
24857,"Gibbon, NE",40.74907,-98.84565
4763,"Fort Calhoun, NE",41.45583,-96.026405
25153,"Holdrege, NE",40.437996,-99.369896
32636,"Madison, NE",41.906494,-97.59615
3345,"Albion, NE",41.692936,-98.00123
57158,"Dakota City, NE",42.41535,-96.41853
5264,"Imperial, NE",40.51702,-101.64308
36762,"Tecumseh, NE",40.368034,-96.194016
31411,"Elm Creek, NE",40.71742,-99.3733
32303,"Kimball, NE",41.18813,-103.69977
21759,"Bennet, NE",40.67902,-96.5078
5366,"Juniata, NE",40.591747,-98.506256
27359,"Syracuse, NE",40.657223,-96.1864
43473,"Shelton, NE",40.78066,-98.73413
15612,"Roca, NE",40.657322,-96.662315
15971,"Yutan, NE",41.244923,-96.397255
14856,"Arlington, NE",41.452496,-96.351135
40502,"Ravenna, NE",41.02536,-98.91259
31720,"Geneva, NE",40.525753,-97.60277
30286,"Atkinson, NE",42.53139,-98.97815
43732,"Oakland, NE",41.835712,-96.46679
16006,"Superior, NE",40.020847,-98.070045
54347,"Scribner, NE",41.666668,-96.66586
3314,"Adams, NE",40.51258,-98.51486
12752,"Minatare, NE",41.809513,-103.50327
16073,"Tekamah, NE",41.77832,-96.22113
50296,"Plainview, NE",42.349617,-97.79348
31246,"Doniphan, NE",40.77204,-98.37094
35269,"Burwell, NE",41.78162,-99.13532
10673,"Cambridge, NE",40.282036,-100.166046
41461,"Valparaiso, NE",41.0814,-96.83417
47053,"Pender, NE",42.114025,-96.70723
26080,"Neligh, NE",42.12864,-98.02996
10283,"Bayard, NE",41.755516,-103.32429
26172,"North Bend, NE",41.46271,-96.78
16264,"Wisner, NE",41.987373,-96.91428
43160,"Wakefield, NE",42.26926,-96.86493
11546,"Friend, NE",40.653618,-97.286156
44304,"Bridgeport, NE",41.66664,-103.09766
38669,"Genoa, NE",44.351925,9.440257
45706,"Hebron, NE",40.166393,-97.58588
21489,"Arapahoe, NE",40.30338,-99.89771
21149,"Walthill, NE",42.148342,-96.48853
23613,"Battle Creek, NE",41.999535,-97.598175
45806,"Hooper, NE",41.611694,-96.54767
32922,"Monroe, NE",41.47418,-97.599495
43375,"Grant, NE",41.923145,-101.735405
35400,"Fullerton, NE",41.363384,-97.968864
24091,"Clarkson, NE",41.726734,-97.12239
23320,"Sutton, NE",40.606586,-97.8594
34196,"Sutherland, NE",41.157112,-101.12618
43020,"Stromsburg, NE",41.11359,-97.59774
52598,"Humphrey, NE",41.691677,-97.48449
24262,"Creighton, NE",42.46667,-97.90618
5143,"Hershey, NE",41.158646,-101.002365
25210,"Humboldt, NE",40.164036,-95.94502
47034,"Paxton, NE",41.12416,-101.35628
51894,"Elmwood, NE",40.844772,-96.29202
4449,"Eagle, NE",40.816628,-96.4305
43389,"Loup City, NE",41.274696,-98.96722
46476,"Meadow Grove, NE",42.028877,-97.73552
57343,"Cairo, NE",41.00096,-98.60741
22014,"Laurel, NE",42.429443,-97.08977
28193,"Ceresco, NE",41.057224,-96.64474
55075,"Weeping Water, NE",40.87,-96.140564
44877,"De Witt, NE",40.393616,-96.922806
16641,"Wilber, NE",40.481518,-96.96026
6690,"Raymond, NE",40.956284,-96.78341
3335,"Ainsworth, NE",42.546906,-99.86252
21400,"Wymore, NE",40.12226,-96.662415
20117,"Red Cloud, NE",40.0889,-98.51951
41530,"Waco, NE",40.896957,-97.46339
38349,"Elgin, NE",41.98327,-98.08455
30496,"Blue Hill, NE",40.332615,-98.4488
31096,"Crawford, NE",42.686726,-103.41332
38954,"Hemingford, NE",42.32158,-103.07287
23170,"Crofton, NE",42.73245,-97.49607
35181,"Axtell, NE",40.47939,-99.12666
33773,"Rushville, NE",42.718166,-102.46381
24364,"Denton, NE",40.737926,-96.845566
23443,"Allen, NE",42.41615,-96.84533
18393,"Greenwood, NE",40.96279,-96.440346
29080,"Peru, NE",40.481445,-95.73079
22763,"Shickley, NE",40.416676,-97.72254
12973,"Newcastle, NE",42.65135,-96.87349
55373,"Cedar Bluffs, NE",41.39708,-96.612526
7674,"Verdigre, NE",42.596947,-98.03368
15660,"Pawnee City, NE",40.108334,-96.15445
29035,"Martell, NE",40.6375,-96.75863
46661,"Murray, NE",40.91528,-95.93028
53765,"Overton, NE",40.73901,-99.53772
33478,"Ponca, NE",42.562527,-96.70557
37826,"Chappell, NE",41.09254,-102.47101
48454,"Weston, NE",41.191864,-96.74349
35504,"Emerson, NE",42.278538,-96.72674
28412,"Bertrand, NE",40.526672,-99.63393
50619,"Bellwood, NE",41.34279,-97.23837
20799,"Tilden, NE",42.04723,-97.833954
48940,"Benkelman, NE",40.04916,-101.53294
16905,"Bassett, NE",42.586784,-99.53773
49516,"Panama, NE",40.59778,-96.51085
30278,"Ashton, NE",41.248108,-98.79419
28919,"Osceola, NE",41.17999,-97.54732
8242,"Bancroft, NE",42.01277,-96.57281
28559,"Homer, NE",42.321507,-96.48958
8269,"Culbertson, NE",40.229706,-100.83837
17462,"Clarks, NE",41.21529,-97.83589
50337,"Saint Edward, NE",41.56988,-97.86572
31239,"Dodge, NE",41.58577,-96.67898
4115,"Clay Center, NE",40.521744,-98.05573
40189,"Oshkosh, NE",41.40489,-102.344444
13170,"Palmyra, NE",40.703377,-96.39001
33108,"Newman Grove, NE",41.746723,-97.77673
8681,"Firth, NE",40.532787,-96.606415
51983,"Fairmont, NE",40.636135,-97.58528
5124,"Henderson, NE",40.781002,-97.81231
51033,"Bloomfield, NE",42.598892,-97.64562
31144,"Curtis, NE",40.63008,-100.5156
35500,"Elwood, NE",40.590385,-99.86121
36964,"Potter, NE",41.217365,-103.315575
7793,"Wausa, NE",42.4993,-97.53793
53874,"Phillips, NE",40.897602,-98.2145
12174,"Kenesaw, NE",40.621124,-98.65757
40058,"North Loup, NE",41.49529,-98.77314
29991,"Hay Springs, NE",42.684044,-102.6899
29249,"Springview, NE",42.82434,-99.74872
46910,"Orchard, NE",42.335255,-98.24103
18031,"Ewing, NE",42.25782,-98.34521
39063,"Hubbard, NE",42.386402,-96.58969
19807,"Oxford, NE",40.248394,-99.63361
46968,"Palmer, NE",41.222237,-98.257286
27464,"Trenton, NE",40.175755,-101.01316
9875,"Osmond, NE",42.359886,-97.59681
33634,"Republican City, NE",40.102104,-99.221664
29601,"Unadilla, NE",40.6814,-96.27208
25985,"Morrill, NE",41.683434,-103.010025
11373,"Exeter, NE",40.644173,-97.450325
51657,"Davey, NE",40.985573,-96.66878
8929,"Nelson, NE",40.201614,-98.067535
55560,"Bartley, NE",40.253136,-100.30597
18816,"Kennard, NE",41.473053,-96.203354
49398,"Harvard, NE",40.6189,-98.097275
10119,"Amherst, NE",40.838337,-99.27019
25685,"Lyman, NE",41.91738,-104.03895
55240,"Winside, NE",42.175877,-97.17661
24999,"Hadar, NE",42.10528,-97.451385
26078,"Nehawka, NE",40.829414,-95.99061
25836,"Mead, NE",41.22662,-96.48926
44285,"Brady, NE",41.02204,-100.3658
50489,"Rising City, NE",41.19946,-97.29615
42843,"Pleasanton, NE",40.966705,-99.0848
26544,"Pleasant Dale, NE",40.79195,-96.93225
24228,"Cortland, NE",40.50565,-96.70713
11033,"Dalton, NE",41.407204,-102.973816
19931,"Pickrell, NE",40.378613,-96.72864
44086,"Beaver Crossing, NE",40.778515,-97.28154
18397,"Gresham, NE",41.028347,-97.40227
29750,"Jackson, NE",42.448296,-96.56553
54898,"Utica, NE",40.895027,-97.34471
24340,"Decatur, NE",42.00749,-96.24974
20499,"Silver Creek, NE",41.315575,-97.663704
16711,"Alda, NE",40.87019,-98.46742
20882,"Union, NE",40.813335,-95.92278
53093,"Lyons, NE",41.937504,-96.47706
42301,"Hoskins, NE",42.112225,-97.30616
46309,"Loomis, NE",40.477364,-99.507095
47151,"Platte Center, NE",41.53751,-97.48838
55019,"Wallace, NE",40.838337,-101.164955
18641,"Howells, NE",41.725006,-97.002815
19522,"Murdock, NE",40.925793,-96.28013
37180,"Arnold, NE",41.421776,-100.194725
55538,"Brule, NE",41.09383,-101.88811
25579,"Liberty, NE",40.08465,-96.48265
53462,"Mullen, NE",42.042942,-101.04253
31958,"Harrison, NE",42.687317,-103.88304
44699,"Colon, NE",41.297455,-96.60949
29992,"Herman, NE",41.673325,-96.21502
8163,"Chapman, NE",41.02418,-98.159225
44507,"Cedar Rapids, NE",41.55999,-98.14601
31248,"Dorchester, NE",40.64723,-97.11337
25714,"Malcolm, NE",40.90767,-96.86527
25248,"Indianola, NE",40.2343,-100.417175
22755,"Walton, NE",40.797997,-96.56225
4915,"Glenvil, NE",40.50418,-98.253105
42065,"Bushnell, NE",41.232147,-103.891884
39644,"Marquette, NE",41.00701,-98.01143
16983,"Benedict, NE",41.005848,-97.60644
41588,"Wauneta, NE",40.418354,-101.37134
51703,"Deshler, NE",40.140926,-97.72291
46210,"Leigh, NE",41.705288,-97.2381
38850,"Hallam, NE",40.53778,-96.78725
41297,"Trumbull, NE",40.67945,-98.273346
53583,"Niobrara, NE",42.750237,-98.03193
6890,"Saint Libory, NE",41.081955,-98.35534
32517,"Linwood, NE",41.413494,-96.931854
33680,"Riverdale, NE",40.784275,-99.16233
39482,"Lodgepole, NE",41.149708,-102.63631
49847,"Wilcox, NE",40.365013,-99.17009
44856,"Dannebrog, NE",41.118347,-98.545906
5841,"Maxwell, NE",41.07736,-100.52576
31104,"Creston, NE",41.706673,-97.36452
26327,"Orleans, NE",40.129047,-99.455215
6949,"Sargent, NE",41.64051,-99.36986
10401,"Big Springs, NE",41.061382,-102.07435
38869,"Hampton, NE",40.879673,-97.88588
30698,"Callaway, NE",41.290855,-99.925415
7984,"Wolbach, NE",41.397015,-98.39612
44213,"Blue Springs, NE",40.139446,-96.65919
50237,"Ames, NE",41.452396,-96.626045
44994,"Dunbar, NE",40.668056,-96.03001
17773,"Diller, NE",40.10948,-96.93542
30566,"Brainard, NE",41.184288,-97.00243
23965,"Carroll, NE",42.276844,-97.1893
42777,"Petersburg, NE",41.853535,-98.07932
20592,"Spalding, NE",41.68878,-98.36443
40129,"Odell, NE",40.04883,-96.80184
45337,"Franklin, NE",40.171524,-98.96876
54593,"Stuart, NE",42.599167,-99.1426
33207,"Oakdale, NE",42.06966,-97.96936
16792,"Arcadia, NE",41.423344,-99.1265
38699,"Giltner, NE",40.77391,-98.153564
17715,"Dawson, NE",40.877644,-99.85057
52052,"Fordyce, NE",42.69861,-97.36228
29551,"Wellfleet, NE",40.752167,-100.73012
35135,"Bradshaw, NE",40.883904,-97.746994
3599,"Beemer, NE",41.929825,-96.811806
7520,"Ulysses, NE",41.071957,-97.20198
54388,"Shelby, NE",41.193825,-97.426025
43323,"Spencer, NE",42.873997,-98.70131
16056,"Talmage, NE",40.530556,-96.021675
36683,"Plymouth, NE",40.303062,-96.98761
49673,"Pilger, NE",42.00862,-97.053764
36261,"Stratton, NE",40.1482,-101.226845
24250,"Craig, NE",41.785545,-96.363914
9134,"Miller, NE",40.927788,-99.39316
46672,"Naper, NE",42.96361,-99.09676
50814,"Avoca, NE",40.796112,-96.11751
21834,"Edgar, NE",40.370354,-97.970024
29626,"Upland, NE",40.318626,-98.90119
54682,"Thedford, NE",41.977543,-100.574196
38441,"Eustis, NE",40.662437,-100.02915
12075,"Ithaca, NE",41.15826,-96.54046
54933,"Verdon, NE",40.148335,-95.71277
29118,"Lewellen, NE",41.332462,-102.14444
24985,"Guide Rock, NE",40.073635,-98.330376
17829,"Duncan, NE",41.38949,-97.49323
11816,"Harrisburg, NE",41.545757,-103.72289
16752,"Alvo, NE",40.871944,-96.38751
30827,"Chambers, NE",42.204754,-98.747444
22598,"Stella, NE",40.233055,-95.77332
20006,"Polk, NE",41.189365,-97.570244
49824,"Staplehurst, NE",40.97501,-97.17254
56472,"Ohiowa, NE",40.414436,-97.453
55313,"Cook, NE",40.50981,-96.16247
14583,"Western, NE",40.393616,-97.1981
45246,"Farnam, NE",40.70578,-100.21477
45599,"Gurley, NE",41.32103,-102.97341
55498,"Davenport, NE",40.312916,-97.81319
36825,"Morse Bluff, NE",41.43182,-96.76799
53188,"Mason City, NE",41.223015,-99.30036
3590,"Bee, NE",41.00634,-97.05881
22404,"Nickerson, NE",41.534443,-96.4703
22527,"Long Pine, NE",42.53547,-99.700775
11391,"Fairfield, NE",40.4305,-98.10569
26615,"Prague, NE",41.310284,-96.808365
4160,"Coleridge, NE",42.506256,-97.20364
4423,"Du Bois, NE",40.03472,-96.04833
19818,"Palisade, NE",40.34991,-101.1077
55974,"Douglas, NE",41.29541,-96.14156
45018,"Dwight, NE",41.083622,-97.02003
54753,"Tryon, NE",41.553116,-100.95763
38934,"Hayes Center, NE",40.510902,-101.019684
23930,"Campbell, NE",40.298347,-98.73202
22057,"Farwell, NE",41.214394,-98.628494
29391,"Wynot, NE",42.740276,-97.16922
3971,"Carleton, NE",40.299797,-97.678566
44383,"Burr, NE",40.535557,-96.30001
43248,"Smithfield, NE",40.572506,-99.74234
40219,"Page, NE",42.400974,-98.41726
9625,"Maywood, NE",40.65765,-100.62203
19400,"Minden, NE",40.498516,-98.947685
4851,"Garland, NE",40.94473,-96.98558
54652,"Table Rock, NE",40.178333,-96.09667
30967,"Cody, NE",42.93587,-101.24475
8263,"Clearwater, NE",42.170006,-98.18841
33986,"Shubert, NE",40.23638,-95.68234
32819,"Merna, NE",41.48404,-99.760284
52695,"Johnson, NE",40.39156,-96.27962
3857,"Bruno, NE",41.283955,-96.95999
11660,"Grafton, NE",40.628063,-97.713936
4578,"Elsie, NE",40.84739,-101.38871
17789,"Dixon, NE",42.435123,-96.87926
17053,"Bladen, NE",40.32216,-98.59477
31678,"Funk, NE",40.460785,-99.25041
36115,"Litchfield, NE",41.15751,-99.15565
7925,"Whitney, NE",42.785046,-103.25622
38993,"Hildreth, NE",40.33807,-99.04344
44924,"Deweese, NE",40.354733,-98.13866
5601,"Lemoyne, NE",41.27761,-101.81263
51519,"Concord, NE",42.383583,-96.98839
32514,"Lindsay, NE",41.698635,-97.69367
8859,"Madrid, NE",40.850204,-101.54374
186621,"McCool Junction, NE",40.744217,-97.59351
9431,"Roseland, NE",40.471306,-98.55891
40197,"Otoe, NE",40.656685,-96.144455
50675,"Alexandria, NE",40.245224,-97.38958
5765,"Malmo, NE",41.266113,-96.72225
25611,"Lisco, NE",41.497185,-102.62056
11854,"Heartwell, NE",40.569416,-98.78801
5572,"Lawrence, NE",40.291958,-98.26005
33805,"Saint Helena, NE",42.80972,-97.2494
28587,"Hordville, NE",41.079487,-97.88845
51436,"Clatonia, NE",40.465137,-96.84992
26063,"Naponee, NE",40.076553,-99.140526
28298,"Brunswick, NE",42.337467,-97.97061
33775,"Ruskin, NE",40.143936,-97.86943
15912,"Steinauer, NE",40.2077,-96.23411
40712,"Saint Paul, NE",41.213406,-98.45806
26872,"Rulo, NE",40.051785,-95.42628
57055,"Byron, NE",40.0039,-97.76893
51909,"Endicott, NE",40.082973,-97.098076
47997,"Thurston, NE",42.183784,-96.5395
51382,"Chester, NE",40.010284,-97.61838
24395,"Dix, NE",41.235325,-103.48746
23197,"Newport, NE",42.60124,-99.32741
23658,"Belgrade, NE",41.472908,-98.06796
17999,"Ericson, NE",41.779922,-98.67858
28297,"Bruning, NE",40.336117,-97.56588
44325,"Broadwater, NE",41.596096,-102.852516
25899,"Milligan, NE",40.500282,-97.38755
14370,"Venango, NE",40.76425,-102.040474
51168,"Brownville, NE",40.397778,-95.65804
28267,"Daykin, NE",40.322224,-97.29865
48804,"David City, NE",41.252735,-97.130066
4938,"Gordon, NE",42.804783,-102.20327
40495,"Randolph, NE",42.378742,-97.35694
35331,"Alma, NE",40.09751,-99.362045
10144,"Ansley, NE",41.287945,-99.38177
37796,"Cedar Creek, NE",41.036667,-96.09946
54463,"South Bend, NE",41.001667,-96.24529
5772,"Manchester, NH",42.99564,-71.45479
33031,"Nashua, NH",42.765625,-71.467705
37995,"Concord, NH",43.207176,-71.537476
395669,"Derry, NH",42.880867,-71.32645
38225,"Dover, NH",43.198112,-70.87398
13549,"Rochester, NH",43.305077,-70.975395
22918,"Salem, NH",42.788494,-71.200905
397242,"Merrimack, NH",43.32604,-71.68547
398967,"Londonderry, NH",42.865086,-71.373955
398779,"Hudson, NH",42.76558,-71.43934
22170,"Keene, NH",42.933598,-72.27843
44094,"Bedford, NH",42.946472,-71.5159
53977,"Portsmouth, NH",43.07513,-70.760185
21961,"Goffstown, NH",43.020447,-71.60026
46095,"Laconia, NH",43.527855,-71.47035
398932,"Milford, NH",42.83558,-71.649536
398938,"Exeter, NH",42.981476,-70.94784
29357,"Windham, NH",42.800644,-71.30423
398578,"Durham, NH",43.134563,-70.92705
398120,"Hooksett, NH",43.09396,-71.46252
398429,"Hampton, NH",42.94172,-70.837875
32462,"Lebanon, NH",43.643032,-72.25159
33370,"Pelham, NH",42.734,-71.323235
4103,"Claremont, NH",43.372757,-72.33825
27152,"Somersworth, NH",43.262558,-70.864586
16761,"Amherst, NH",42.86429,-71.62525
397648,"Hanover, NH",43.702354,-72.289215
397130,"Raymond, NH",43.036503,-71.1833
398768,"Conway, NH",43.978493,-71.12054
3643,"Berlin, NH",44.46966,-71.18107
395539,"Newmarket, NH",43.079617,-70.93578
44036,"Barrington, NH",43.22319,-71.04721
29545,"Weare, NH",43.094967,-71.73111
45338,"Franklin, NH",43.444244,-71.6473
52988,"Litchfield, NH",42.844254,-71.47979
5190,"Hollis, NH",42.74316,-71.59133
20401,"Seabrook, NH",42.877308,-70.87069
48740,"Bow, NH",43.13306,-71.54915
13322,"Plaistow, NH",42.83648,-71.09478
31741,"Gilford, NH",43.54805,-71.40701
22632,"Stratham, NH",43.024414,-70.91228
44122,"Belmont, NH",43.443825,-71.48137
399080,"Pembroke, NH",43.14758,-71.458046
49924,"Swanzey, NH",42.872345,-72.32904
23538,"Atkinson, NH",42.83842,-71.147
398241,"Epping, NH",43.039448,-71.07303
398480,"Farmington, NH",43.389637,-71.06491
399257,"Plymouth, NH",43.757275,-71.688545
398414,"Meredith, NH",43.656754,-71.501175
47563,"Sandown, NH",42.9287,-71.187004
38865,"Hampstead, NH",42.87453,-71.18117
395479,"Peterborough, NH",42.877617,-71.94939
49647,"Rindge, NH",42.751198,-72.0098
396124,"Wolfeboro, NH",43.58203,-71.2028
397393,"Newport, NH",43.365013,-72.1735
5436,"Kingston, NH",42.936478,-71.05339
42696,"New Boston, NH",42.97627,-71.69287
397300,"Littleton, NH",44.30639,-71.77107
18627,"Hopkinton, NH",43.191593,-71.67487
23546,"Auburn, NH",43.004528,-71.3484
23470,"Alton, NH",43.456367,-71.22132
398913,"Henniker, NH",43.17975,-71.822525
398515,"Hillsborough, NH",42.93734,-71.75137
32582,"Loudon, NH",43.286026,-71.467735
17189,"Brookline, NH",42.73481,-71.65813
397485,"Jaffrey, NH",42.81499,-72.02353
22343,"New Ipswich, NH",42.748142,-71.85424
9107,"Nottingham, NH",43.11502,-71.10008
24060,"Chester, NH",42.956753,-71.257286
44029,"Barnstead, NH",43.33979,-71.25926
397737,"Charlestown, NH",43.238148,-72.42482
8834,"Moultonborough, NH",43.755245,-71.39603
11065,"Deerfield, NH",43.130173,-71.238815
19620,"Newton, NH",42.869534,-71.0345
34619,"Wakefield, NH",43.553932,-71.03048
45172,"Epsom, NH",43.22319,-71.33217
10085,"Allenstown, NH",43.127506,-71.43212
18201,"Fremont, NH",42.99092,-71.14256
8389,"Haverhill, NH",44.03427,-72.063446
6253,"Northwood, NH",43.194664,-71.15158
15783,"North Hampton, NH",42.968983,-70.835945
39800,"Milton, NH",43.408497,-70.988106
55474,"Brentwood, NH",42.9787,-71.07284
398589,"Enfield, NH",43.644688,-72.143585
9710,"Lee, NH",43.12354,-71.011505
19789,"Ossipee, NH",43.75505,-71.152855
12948,"New London, NH",43.414024,-71.98517
47869,"Strafford, NH",43.33125,-71.03999
38136,"Danville, NH",42.912586,-71.124504
396131,"Winchester, NH",42.7732,-72.383255
399235,"Pittsfield, NH",43.305176,-71.328
51255,"Candia, NH",43.077915,-71.27724
4981,"Greenland, NH",43.036198,-70.83283
399006,"Hinsdale, NH",42.786507,-72.48415
51089,"Boscawen, NH",43.315186,-71.62125
11603,"Gilmanton, NH",43.425034,-71.413994
397512,"Wilton, NH",42.842724,-71.73677
37728,"Canaan, NH",43.64653,-72.01199
397373,"Northfield, NH",43.44007,-71.59326
27757,"Walpole, NH",43.079487,-72.42595
10686,"Campton, NH",43.823586,-71.63897
14042,"Sunapee, NH",43.387463,-72.087654
45526,"Grantham, NH",43.489956,-72.13702
395995,"Dunbarton, NH",43.10299,-71.61713
396109,"Bristol, NH",43.59127,-71.73615
29312,"Sanbornton, NH",43.489296,-71.582794
41560,"Warner, NH",43.28095,-71.81643
26889,"Rye, NH",43.01202,-70.77194
34232,"Tamworth, NH",43.860275,-71.263504
34275,"Thornton, NH",43.895386,-71.67798
22323,"New Durham, NH",43.436966,-71.17287
33444,"Plainfield, NH",43.534496,-72.35633
398584,"Lancaster, NH",44.489906,-71.56945
24067,"Chichester, NH",43.249702,-71.40015
398302,"Antrim, NH",43.030262,-71.938126
8274,"Bartlett, NH",44.07805,-71.282135
6824,"Rollinsford, NH",43.2362,-70.82062
39837,"Mont Vernon, NH",42.89453,-71.67424
33066,"New Hampton, NH",43.60562,-71.6551
16768,"Andover, NH",43.43666,-71.81975
21426,"Bethlehem, NH",44.280464,-71.687
396069,"Whitefield, NH",44.373127,-71.61197
397825,"Marlborough, NH",42.905,-72.20924
20858,"Tuftonboro, NH",43.689053,-71.30422
7427,"Tilton, NH",43.44219,-71.588806
30274,"Ashland, NH",43.695667,-71.63086
22085,"Fitzwilliam, NH",42.78063,-72.14553
395494,"Gorham, NH",44.387863,-71.173
35687,"Hampton Falls, NH",42.916416,-70.864685
21435,"Canterbury, NH",43.337166,-71.56563
31325,"East Kingston, NH",42.925644,-71.01672
398186,"Greenville, NH",42.767307,-71.812294
57068,"Madbury, NH",43.16963,-70.9243
30863,"Chesterfield, NH",42.887302,-72.47037
25152,"Holderness, NH",43.732407,-71.588974
396777,"Sutton, NH",43.334667,-71.95221
48380,"Webster, NH",43.329285,-71.716736
26130,"Newbury, NH",43.321312,-72.03629
21698,"Colebrook, NH",44.894264,-71.496414
6189,"Newfields, NH",43.035576,-70.94222
12500,"Madison, NH",43.899364,-71.148834
52748,"Kensington, NH",42.928333,-70.94349
27901,"Westmoreland, NH",42.962025,-72.44231
30161,"Alexandria, NH",43.61172,-71.79291
4979,"Greenfield, NH",42.950638,-71.8723
17741,"Deering, NH",43.073402,-71.84509
50286,"Troy, NH",42.826313,-72.183136
45097,"Effingham, NH",43.761673,-70.997086
15957,"Sandwich, NH",43.806385,-71.43797
11792,"Hancock, NH",42.973236,-71.979836
10954,"Cornish, NH",43.46462,-72.368904
397565,"Lisbon, NH",44.21352,-71.91079
53083,"Lyme, NH",43.810352,-72.155106
32609,"Lyndeborough, NH",42.907585,-71.766464
53629,"Northumberland, NH",44.576298,-71.516045
22997,"Alstead, NH",43.14895,-72.3613
47536,"Salisbury, NH",43.3801,-71.71738
397809,"Middleton, NH",43.478294,-71.07086
11163,"Dublin, NH",42.90594,-72.06198
52102,"Francestown, NH",42.98733,-71.81264
10516,"Bradford, NH",43.26941,-71.9588
9253,"Wilmot, NH",43.451923,-71.91376
28405,"Bennington, NH",43.001556,-71.92342
48090,"Unity, NH",43.292896,-72.25894
53187,"Mason, NH",42.742996,-71.768875
30065,"West Chesterfield, NH",42.904247,-72.51565
46915,"Orford, NH",43.90147,-72.141594
49285,"Jackson, NH",44.144276,-71.18111
44854,"Danbury, NH",43.52615,-71.86226
44307,"Bridgewater, NH",43.63856,-71.7366
36922,"Freedom, NH",43.81273,-71.036224
21381,"Woodstock, NH",44.031307,-71.68681
40559,"Richmond, NH",42.754696,-72.27189
46253,"Lincoln, NH",44.044533,-71.66842
27281,"Stoddard, NH",43.07892,-72.114944
21167,"Washington, NH",43.17634,-72.0966
29553,"Wentworth, NH",43.87242,-71.913086
20613,"Springfield, NH",43.495075,-72.03342
44330,"Brookfield, NH",43.558968,-71.065346
40662,"Rumney, NH",43.80452,-71.81308
28200,"Dalton, NH",44.415493,-71.694496
56544,"Stewartstown, NH",44.995102,-71.532776
41198,"Temple, NH",42.81854,-71.85141
24911,"Goshen, NH",43.301094,-72.14867
8765,"Harrisville, NH",42.94508,-72.09647
33107,"Newington, NH",43.100483,-70.83435
27170,"South Hampton, NH",42.880924,-70.962555
42356,"Grafton, NH",43.970245,-71.87426
24783,"Franconia, NH",44.22739,-71.74785
42044,"Acworth, NH",43.218143,-72.29315
396973,"Eaton, NH",43.915493,-71.045135
31126,"Croydon, NH",43.450935,-72.16219
22103,"Jefferson, NH",44.419445,-71.47475
397440,"Albany, NH",43.95998,-71.19296
31748,"Gilsum, NH",43.048008,-72.26331
14477,"Warren, NH",43.925064,-71.892075
40356,"Pittsburg, NH",45.051453,-71.39154
7331,"Surry, NH",43.017937,-72.32128
7281,"Stratford, NH",44.654465,-71.55811
21505,"Center Harbor, NH",43.717587,-71.49774
52523,"Hill, NH",43.524654,-71.701584
9711,"Lempster, NH",43.23904,-72.210594
46421,"Marlow, NH",43.116096,-72.197525
397952,"Lyman, NH",44.254,-71.95027
19935,"Piermont, NH",43.970734,-72.08115
37300,"Bath, NH",44.16735,-71.96549
11741,"Groton, NH",43.702133,-71.83617
21869,"Langdon, NH",43.167126,-72.37999
397172,"Sugar Hill, NH",44.21568,-71.797264
26081,"Nelson, NH",42.989876,-72.127464
54382,"Sharon, NH",42.81314,-71.915634
39784,"Milan, NH",44.573677,-71.18598
397853,"Monroe, NH",44.26101,-72.05495
51498,"Columbia, NH",44.876392,-71.51459
45066,"Easton, NH",44.147533,-71.78917
10358,"Benton, NH",44.10326,-71.90131
52887,"Landaff, NH",44.17533,-71.88751
47890,"Sullivan, NH",43.356434,-72.23925
397788,"Windsor, NH",43.14265,-72.02634
17798,"Dorchester, NH",43.756504,-71.94905
30845,"Chatham, NH",44.164055,-71.0104
25084,"Hebron, NH",43.693962,-71.80563
39970,"New Castle, NH",43.066418,-70.71986
54386,"Shelburne, NH",44.401443,-71.07521
398257,"Stark, NH",44.60067,-71.40762
57062,"Carroll, NH",43.87782,-71.274086
8881,"Randolph, NH",44.375156,-71.28156
22815,"Waterville Valley, NH",43.94963,-71.5057
52352,"Groveton, NH",44.598976,-71.51123
30915,"Clarksville, NH",45.007904,-71.32774
18003,"Errol, NH",44.78111,-71.13821
17826,"Dummer, NH",44.610794,-71.20075
12970,"Newark, NJ",40.735657,-74.17236
25320,"Jersey City, NJ",40.72157,-74.047455
41279,"Trenton, NJ",40.220306,-74.7659
19873,"Paterson, NJ",40.916767,-74.171814
31388,"Elizabeth, NJ",40.66399,-74.2107
395471,"Lakewood, NJ",40.097893,-74.21764
34311,"Toms River, NJ",39.95268,-74.19682
11267,"Edison, NJ",40.518158,-74.41139
24120,"Clifton, NJ",40.858433,-74.16376
17158,"Brick, NJ",40.070724,-74.12806
10676,"Camden, NJ",39.94484,-75.11989
19870,"Passaic, NJ",41.046185,-74.317795
51806,"East Orange, NJ",40.76424,-74.21501
54791,"Union City, NJ",40.779545,-74.02375
34597,"Vineland, NJ",39.48628,-75.02543
40038,"North Bergen Township, NJ",40.286953,-74.41156
398893,"Piscataway, NJ",40.546257,-74.46604
12067,"Irvington, NJ",40.72641,-74.22895
20883,"Union, NJ",40.665226,-74.30453
25146,"Hoboken, NJ",40.743305,-74.03237
21685,"Bayonne, NJ",40.668713,-74.11431
395552,"Freehold, NJ",40.26011,-74.27376
32180,"Jackson, NJ",39.776505,-74.86239
395489,"Princeton, NJ",40.349697,-74.65974
56814,"Somerset, NJ",40.56751,-74.61896
39967,"New Brunswick, NJ",40.495136,-74.443924
27808,"Wayne, NJ",40.949173,-74.23768
47071,"Perth Amboy, NJ",40.51332,-74.27242
33445,"Plainfield, NJ",40.62014,-74.42224
36529,"West New York, NJ",40.78561,-74.009315
3699,"Bloomfield, NJ",40.79348,-74.19793
16117,"Sicklerville, NJ",39.71734,-74.96933
15471,"East Brunswick, NJ",40.427883,-74.415985
23821,"Bridgeton, NJ",39.427338,-75.23408
16216,"West Orange, NJ",40.79871,-74.23904
398406,"Monroe Township, NJ",40.335754,-74.43345
51952,"Evesham Township, NJ",39.851753,-74.89174
53420,"Morristown, NJ",40.79704,-74.48099
38835,"Hackensack, NJ",40.887142,-74.041084
4529,"Egg Harbor Township, NJ",39.38207,-74.61715
10552,"Bridgewater Township, NJ",40.593124,-74.60496
397859,"Mt Laurel Township, NJ",39.934002,-74.891
36718,"Linden, NJ",40.622047,-74.24459
33949,"Sewell, NJ",39.770683,-75.14388
28510,"Hillsborough Township, NJ",40.50523,-74.673294
46780,"North Brunswick, NJ",40.453926,-74.47655
5382,"Kearny, NJ",40.768433,-74.145424
47956,"Teaneck, NJ",40.886017,-74.007256
39839,"Montclair, NJ",40.816444,-74.22106
41716,"Williamstown, NJ",39.68869,-74.986916
15592,"Manalapan Township, NJ",40.28529,-74.333496
11491,"Fort Lee, NJ",40.850933,-73.97014
37362,"Belleville, NJ",40.793713,-74.15015
10201,"Atlantic City, NJ",39.364285,-74.422935
44192,"Blackwood, NJ",39.799232,-75.06417
43697,"Fair Lawn, NJ",40.93584,-74.11751
26082,"Neptune Township, NJ",40.224,-74.04782
53338,"Millville, NJ",39.402058,-75.03934
37663,"Burlington Township, NJ",40.072586,-74.88701
53733,"Orange, NJ",40.77095,-74.22646
5840,"Matawan, NJ",40.41483,-74.22959
42213,"Garfield, NJ",40.88149,-74.1132
43775,"Willingboro Township, NJ",40.028942,-74.88082
189314,"Lawrence Township, NJ",40.287746,-74.71233
56428,"Livingston, NJ",40.795933,-74.31487
4730,"Flemington, NJ",40.513096,-74.85913
21122,"Voorhees Township, NJ",39.851215,-74.961975
27896,"Westfield, NJ",40.651726,-74.348305
53876,"Phillipsburg, NJ",40.691563,-75.19525
13056,"Nutley, NJ",40.822323,-74.15987
5027,"Hackettstown, NJ",40.85386,-74.829254
25637,"Long Branch, NJ",40.30428,-73.99236
4498,"East Windsor Township, NJ",40.26822,-74.54096
8854,"Rahway, NJ",40.60816,-74.27765
11326,"Englewood, NJ",40.892933,-73.97265
44137,"Bergenfield, NJ",40.927597,-73.99736
46452,"Mays Landing, NJ",39.452785,-74.72469
50861,"Barnegat, NJ",39.755745,-74.22074
21366,"Woodbury, NJ",39.83817,-75.15268
46984,"Paramus, NJ",40.94529,-74.07359
3553,"Basking Ridge, NJ",40.70641,-74.54927
22402,"Newton, NJ",41.05831,-74.75314
20176,"Ridgewood, NJ",40.979668,-74.11944
53018,"Lodi, NJ",40.88232,-74.0832
7852,"West Milford, NJ",41.131207,-74.36738
20391,"Scotch Plains, NJ",40.65538,-74.38987
4131,"Cliffside Park, NJ",40.82149,-73.98764
11144,"Dover, NJ",40.883987,-74.5621
51291,"Carteret, NJ",40.577328,-74.2282
39616,"Maplewood, NJ",40.731213,-74.27348
20578,"South Plainfield, NJ",40.57927,-74.41154
25717,"Manahawkin, NJ",39.690517,-74.24864
19296,"Medford Township, NJ",39.900948,-74.823494
40514,"Red Bank, NJ",40.347054,-74.06431
31092,"Cranford, NJ",40.65654,-74.30358
18447,"Hammonton, NJ",39.636505,-74.80238
19855,"Parlin, NJ",40.46282,-74.3105
25687,"Lyndhurst, NJ",40.812023,-74.12428
13593,"Roselle, NJ",40.652702,-74.25794
27319,"Summit, NJ",40.718235,-74.35923
46805,"North Plainfield, NJ",40.620846,-74.42798
32815,"Merchantville, NJ",39.951633,-75.04876
397869,"West Deptford Township, NJ",39.832363,-75.18887
55745,"Hillside, NJ",40.701214,-74.23015
24869,"Glassboro, NJ",39.702766,-75.111946
54461,"South Amboy, NJ",40.482113,-74.28288
7341,"Swedesboro, NJ",39.747612,-75.31046
33911,"Secaucus, NJ",40.78993,-74.05667
395758,"Moorestown Township, NJ",39.967056,-74.942665
53418,"Morris Plains, NJ",40.836483,-74.47819
26551,"Pleasantville, NJ",39.38984,-74.52404
17965,"Elmwood Park, NJ",40.907425,-74.118355
398283,"Sparta Township, NJ",41.040157,-74.631004
16927,"Bayville, NJ",39.909286,-74.15486
38565,"Forked River, NJ",39.824677,-74.14797
32513,"Lindenwold, NJ",39.824448,-74.99701
19819,"Palisades Park, NJ",40.848156,-73.99764
397230,"Hazlet Township, NJ",40.42922,-74.1649
35781,"Morganville, NJ",40.341053,-74.29705
30621,"Browns Mills, NJ",39.972046,-74.56936
47242,"Princeton Junction, NJ",40.31599,-74.62412
32685,"Maple Shade Township, NJ",39.952614,-74.99239
9181,"Monmouth Junction, NJ",40.38402,-74.53308
20377,"Sayreville, NJ",40.463535,-74.36185
25074,"Hawthorne, NJ",40.949265,-74.153755
826200,"Woodbridge, NJ",40.55418,-74.286
27934,"Whiting, NJ",39.954563,-74.37848
34059,"South Orange, NJ",40.747498,-74.263535
54702,"Tinton Falls, NJ",40.289074,-74.0928
272632,"Point Pleasant, NJ",40.08317,-74.06819
41940,"Chatham, NJ",40.740925,-74.383675
8762,"Harrison, NJ",40.74649,-74.15626
4171,"Colonia, NJ",40.591717,-74.31425
26885,"Rutherford, NJ",40.82649,-74.10681
14055,"Sussex, NJ",41.133373,-74.69304
6463,"Pennsauken, NJ",39.956223,-75.05795
29748,"Iselin, NJ",40.569336,-74.31511
17827,"Dumont, NJ",40.940655,-73.9968
43998,"Avenel, NJ",40.58483,-74.27302
11083,"Delran Township, NJ",40.01549,-74.95504
19518,"Mullica Hill, NJ",39.728985,-75.21879
32061,"Holmdel Township, NJ",40.345108,-74.18403
53105,"Madison, NJ",40.759823,-74.4171
25872,"Metuchen, NJ",40.54316,-74.363205
24079,"Cinnaminson Township, NJ",39.99678,-74.99267
19592,"New Milford, NJ",40.935097,-74.01903
29390,"Wyckoff, NJ",41.00954,-74.17292
41030,"Springfield, NJ",40.71091,-74.30994
48385,"Weehawken, NJ",40.769547,-74.02042
19654,"North Arlington, NJ",40.788433,-74.1332
23945,"Cape May Court House, NJ",39.07594,-74.81146
15190,"Highland Park, NJ",40.49974,-74.4262
37547,"Branchburg Township, NJ",40.568825,-74.70027
10704,"Cape May, NJ",39.17654,-74.80121
27188,"South River, NJ",40.446495,-74.38599
55038,"Warren Township, NJ",40.630657,-74.52266
51448,"Clementon, NJ",39.811504,-74.98294
397619,"Bordentown Township, NJ",40.148064,-74.69463
830775,"Manchester, NJ",39.973495,-74.3817
35421,"Egg Harbor City, NJ",39.52873,-74.647934
35236,"Budd Lake, NJ",40.873947,-74.738235
47961,"Tenafly, NJ",40.925377,-73.96291
3455,"Asbury Park, NJ",40.22039,-74.012085
18427,"Haddonfield, NJ",39.891502,-75.037674
6679,"Ramsey, NJ",41.05732,-74.140976
49769,"Long Valley, NJ",40.78168,-74.75923
18065,"Fairview, NJ",40.36463,-74.07886
10836,"Clark, NJ",40.623398,-74.31483
53300,"Middlesex, NJ",40.42797,-74.39631
6877,"Saddle Brook, NJ",40.898987,-74.09264
43078,"Verona, NJ",40.829823,-74.24014
13829,"Short Hills, NJ",40.73816,-74.33774
8350,"Collingswood, NJ",39.918167,-75.07128
9859,"Edgewater, NJ",40.827045,-73.97569
29512,"Roselle Park, NJ",40.664547,-74.26431
760887,"Berlin, NJ",39.791225,-74.929054
46727,"New Providence, NJ",40.698433,-74.40154
17907,"Eatontown, NJ",40.296223,-74.05097
5416,"Keyport, NJ",40.433163,-74.199585
43491,"Little Falls, NJ",40.88135,-74.22819
16217,"Woodland Park, NJ",40.889328,-74.19697
18115,"Flanders, NJ",40.841774,-74.71798
28407,"Berkeley Heights, NJ",40.683434,-74.44265
42713,"Ridgefield Park, NJ",40.857044,-74.02153
42156,"Kendall Park, NJ",40.413887,-74.56599
14839,"Cedar Grove, NJ",40.851765,-74.229034
4748,"Fords, NJ",40.541122,-74.31652
36743,"Lumberton Township, NJ",39.965946,-74.80516
19724,"Oakland, NJ",41.02205,-74.243095
19171,"Manasquan, NJ",40.126225,-74.0493
36497,"Somerville, NJ",40.57427,-74.60988
27950,"Wildwood, NJ",38.984196,-74.81425
9195,"Wharton, NJ",40.893154,-74.581825
397684,"Haddon Township, NJ",39.897614,-75.09601
396479,"Pennsville, NJ",39.653446,-75.51659
21901,"Elmer, NJ",39.594246,-75.1682
10008,"Bound Brook, NJ",40.568436,-74.53849
38545,"Florham Park, NJ",40.788166,-74.38917
52570,"Hopatcong, NJ",40.933205,-74.660095
38911,"Hasbrouck Heights, NJ",40.85793,-74.08167
38710,"Glen Rock, NJ",40.962875,-74.13292
6462,"Pennington, NJ",40.32812,-74.791
43381,"River Edge, NJ",40.92871,-74.03986
3752,"Boonton, NJ",40.9026,-74.4071
37363,"Bellmawr, NJ",39.867615,-75.09462
30048,"Wanaque, NJ",41.03815,-74.29404
18420,"Guttenberg, NJ",40.792046,-74.00375
52245,"Gloucester City, NJ",39.89186,-75.11619
47392,"Ringwood, NJ",41.11343,-74.24542
25599,"Lincoln Park, NJ",40.924267,-74.30209
33824,"Salem, NJ",39.5981,-75.34882
50015,"Wallington, NJ",40.853157,-74.113754
22330,"Ridgefield, NJ",40.834267,-74.00875
46267,"Little Ferry, NJ",40.85288,-74.04208
27912,"Westwood, NJ",40.991207,-74.03264
41501,"Villas, NJ",39.016777,-74.9353
53952,"Pompton Lakes, NJ",41.00534,-74.29057
11527,"Franklin Lakes, NJ",41.016766,-74.2057
21214,"West Caldwell, NJ",40.840935,-74.30182
39609,"Manville, NJ",40.541008,-74.58754
15118,"Franklinville, NJ",39.61764,-75.07246
27446,"Totowa, NJ",40.905098,-74.20987
395667,"Millstone Township, NJ",40.20237,-74.40797
28336,"Beachwood, NJ",39.939007,-74.19292
43966,"Atco, NJ",39.783623,-74.90779
54456,"Somers Point, NJ",39.317616,-74.594604
8759,"East Hanover Township, NJ",40.81264,-74.39346
44701,"Colts Neck Township, NJ",40.28761,-74.17236
5169,"Hillsdale, NJ",41.002598,-74.04042
21851,"Kinnelon, NJ",41.001766,-74.367096
27146,"Somerdale, NJ",39.844,-75.02267
22369,"Maywood, NJ",40.9026,-74.061806
48302,"Waldwick, NJ",41.01093,-74.1182
45627,"Hamburg, NJ",41.15343,-74.57627
398105,"Mt Holly Township, NJ",39.99289,-74.78766
6780,"River Vale, NJ",40.995377,-74.012085
28446,"East Rutherford, NJ",40.83399,-74.097084
14903,"Audubon, NJ",39.890945,-75.07295
47885,"Succasunna, NJ",40.85153,-74.66161
15845,"Ocean City, NJ",39.277615,-74.5746
48563,"Wood Ridge, NJ",40.845657,-74.08792
19963,"Pitman, NJ",39.73168,-75.13004
737788,"Lebanon Borough, NJ",40.640636,-74.83562
12368,"Leonia, NJ",40.861736,-73.98805
50052,"Township of Washington, NJ",40.988483,-74.06525
3304,"Absecon, NJ",39.42845,-74.495705
17422,"Chesterfield Township, NJ",40.1154,-74.64127
17621,"Cresskill, NJ",40.941486,-73.959305
22671,"Ventnor City, NJ",39.340504,-74.477394
22932,"Westampton Township, NJ",40.01554,-74.82808
13042,"Northfield, NJ",39.370396,-74.550156
53809,"Park Ridge, NJ",41.037598,-74.040695
49526,"Mansfield Township, NJ",40.09122,-74.71377
33424,"Pine Hill, NJ",39.784283,-74.99211
23907,"Caldwell, NJ",40.83982,-74.276535
26185,"North Haledon, NJ",40.955097,-74.18598
45082,"Edgewater Park Township, NJ",40.068165,-74.90072
18815,"Kenilworth, NJ",40.67714,-74.28707
50108,"Wenonah, NJ",39.79463,-75.148766
52380,"Haledon, NJ",40.935654,-74.18626
397969,"Carneys Point, NJ",39.71082,-75.46755
10871,"Closter, NJ",40.973152,-73.961525
10482,"Bogota, NJ",40.87621,-74.02986
34750,"West Long Branch, NJ",40.29039,-74.01764
27910,"Westville, NJ",39.870056,-75.12652
25968,"Montvale, NJ",41.046764,-74.02292
43328,"Upper Saddle River, NJ",41.058537,-74.09848
56870,"Spotswood, NJ",40.391773,-74.39848
21292,"Whitehouse Station, NJ",40.61538,-74.77044
43149,"Woodbine, NJ",39.241783,-74.81517
41023,"Spring Lake, NJ",40.153515,-74.029396
12166,"Keansburg, NJ",40.441772,-74.12987
21484,"Dayton, NJ",40.382305,-74.51705
29517,"Skillman, NJ",40.423416,-74.70779
21156,"Waretown, NJ",39.78842,-74.195854
48902,"Butler, NJ",41.003708,-74.34154
44310,"Brigantine, NJ",39.41012,-74.36459
26691,"Raritan, NJ",40.56718,-74.63468
15742,"Riverside Township, NJ",40.032333,-74.95739
9455,"Rumson, NJ",40.372055,-73.99902
20626,"Stanhope, NJ",40.902878,-74.70905
42270,"Glen Ridge, NJ",40.805378,-74.20376
54491,"Southampton Township, NJ",39.931465,-74.73809
10375,"Bernardsville, NJ",40.71868,-74.56923
26308,"Oradell, NJ",40.954395,-74.03085
4805,"Franklin Park, NJ",40.025112,-74.90794
398873,"Pemberton Township, NJ",39.95482,-74.59322
53321,"Milford, NJ",40.568714,-75.09462
42402,"Fanwood, NJ",40.640957,-74.38384
5529,"Lambertville, NJ",40.36562,-74.945404
20271,"Runnemede, NJ",39.852337,-75.06795
38388,"Emerson, NJ",40.976208,-74.02625
43976,"Atlantic Highlands, NJ",40.407887,-74.03431
50870,"Barrington, NJ",39.864834,-75.05517
36150,"Millburn, NJ",40.724445,-74.30691
39972,"New Egypt, NJ",40.065437,-74.52267
16507,"Dunellen, NJ",40.589268,-74.47182
49513,"Palmyra, NJ",40.007057,-75.02823
51976,"Fairfield, NJ",40.88371,-74.305984
9669,"Belvidere, NJ",40.829937,-75.07827
5967,"Milltown, NJ",40.456215,-74.44321
18426,"Haddon Heights, NJ",39.877335,-75.06461
39910,"Mountainside, NJ",40.672325,-74.35737
397666,"Green Brook Township, NJ",40.59909,-74.473145
25884,"Midland Park, NJ",40.98931,-74.1401
51034,"Bloomingdale, NJ",41.002148,-74.32633
15963,"Stratford, NJ",39.826782,-75.01545
35008,"Blairstown Township, NJ",40.975143,-75.02328
831874,"Vernon, NJ",39.897392,-75.0318
10081,"Allendale, NJ",41.04132,-74.12914
831334,"Mantua, NJ",39.794003,-75.17213
37754,"Carlstadt, NJ",40.840378,-74.0907
16319,"Oceanport, NJ",40.318165,-74.01514
47935,"Tabernacle Township, NJ",39.844006,-74.71016
32508,"Lincroft, NJ",40.34507,-74.13007
17465,"Clayton, NJ",39.660114,-75.09212
16536,"Oakhurst, NJ",40.261307,-74.02666
27793,"Watchung, NJ",40.63788,-74.45099
40043,"North Caldwell, NJ",40.864822,-74.2582
10869,"Clinton, NJ",40.636288,-74.91166
57011,"Shamong Township, NJ",39.782425,-74.730316
9726,"Califon, NJ",40.719543,-74.835724
30170,"Allentown, NJ",40.177887,-74.58349
20068,"Prospect Park, NJ",40.937042,-74.17431
46154,"Lanoka Harbor, NJ",39.866787,-74.167915
4648,"Fair Haven, NJ",40.360664,-74.03819
50223,"Roseland, NJ",40.820656,-74.29376
19037,"Linwood, NJ",39.33984,-74.57515
21367,"Woodcliff Lake, NJ",41.02343,-74.06653
51822,"Eastampton Township, NJ",40.000633,-74.74648
18080,"Farmingdale, NJ",40.196503,-74.16847
56241,"Paulsboro, NJ",39.83039,-75.24046
41064,"Stewartsville, NJ",40.68768,-75.10023
25004,"Hainesport Township, NJ",39.983723,-74.82711
4685,"Far Hills, NJ",40.68427,-74.63571
20206,"Rochelle Park, NJ",40.909298,-74.07331
40146,"Old Tappan, NJ",41.010696,-73.991104
52521,"Hightstown, NJ",40.269558,-74.52325
21762,"West Berlin, NJ",39.809685,-74.94415
37367,"Belmar, NJ",40.178448,-74.021805
19051,"Little Silver, NJ",40.336777,-74.04708
54788,"Union Beach, NJ",40.446495,-74.1782
52224,"Glen Gardner, NJ",40.696766,-74.94073
56414,"Norwood, NJ",40.998154,-73.96181
6503,"Pilesgrove, NJ",39.651566,-75.285385
5313,"Jamesburg, NJ",40.352608,-74.440155
53385,"Monroeville, NJ",39.629005,-75.15935
18189,"Franklin, NJ",41.12204,-74.58044
19610,"Newfield, NJ",39.546505,-75.024895
42989,"Stockton, NJ",40.407883,-74.978226
25878,"Mickleton, NJ",39.79197,-75.24491
18302,"Glendora, NJ",39.841415,-75.06886
31443,"Englewood Cliffs, NJ",40.885376,-73.95236
397046,"Shrewsbury, NJ",40.329556,-74.06153
33500,"Port Reading, NJ",40.560028,-74.24112
16521,"Belford, NJ",40.42784,-74.07942
38870,"Hampton, NJ",40.707047,-74.956
8863,"Magnolia, NJ",39.854557,-75.03906
397423,"Cranbury Township, NJ",40.31339,-74.520195
42217,"Highlands, NJ",40.40372,-73.99152
44903,"Demarest, NJ",40.95732,-73.96347
42807,"Pine Brook, NJ",40.866287,-74.34165
30592,"Brielle, NJ",40.107895,-74.056526
831875,"Andover, NJ",40.98593,-74.74211
22377,"Penns Grove, NJ",39.729557,-75.46797
13908,"South Bound Brook, NJ",40.553436,-74.53155
15846,"Ocean View, NJ",39.191475,-74.73203
49005,"Frenchtown, NJ",40.526417,-75.06161
4334,"Delanco Township, NJ",40.050667,-74.9535
51499,"Columbia, NJ",40.925793,-75.09419
26765,"Rio Grande, NJ",39.018696,-74.87997
55767,"Gibbstown, NJ",39.82411,-75.27821
188868,"Florence, NJ",40.11886,-74.80918
189129,"Highland Lake, NJ",40.90285,-74.190025
6068,"Mount Ephraim, NJ",39.87845,-75.092674
25045,"Harrington Park, NJ",40.983707,-73.97986
395548,"Byram Township, NJ",40.960175,-74.71829
12561,"Margate City, NJ",39.327892,-74.50349
32998,"Mountain Lakes, NJ",40.89482,-74.43293
33185,"Northvale, NJ",41.006664,-73.949066
52178,"Garwood, NJ",40.651768,-74.32293
12354,"Leesburg, NJ",39.256783,-74.9874
32711,"Marmora, NJ",39.25949,-74.657104
17117,"Boonton Township, NJ",40.931454,-74.42915
28233,"Bradley Beach, NJ",40.202335,-74.012085
25143,"Ho Ho Kus, NJ",40.997654,-74.11028
32800,"Medford Lakes, NJ",39.857983,-74.81287
42863,"Point Pleasant Beach, NJ",40.09192,-74.0482
8146,"Cream Ridge, NJ",40.131226,-74.535
44291,"Branchville, NJ",41.146484,-74.75239
37920,"Cliffwood, NJ",40.436775,-74.239586
13534,"Riverdale, NJ",40.993988,-74.30348
44621,"Clarksboro, NJ",39.799835,-75.22379
395570,"Florence Township, NJ",40.1028,-74.79153
399495,"Asbury, NJ",40.701916,-75.01354
29207,"Oaklyn, NJ",39.900948,-75.08462
35546,"Lafayette Township, NJ",41.09843,-74.6885
55913,"Lavallette, NJ",39.970394,-74.06875
50250,"Mine Hill Township, NJ",40.877876,-74.59377
396672,"Roebling, NJ",40.115288,-74.77899
49764,"Port Monmouth, NJ",40.43268,-74.1016
26496,"Pine Beach, NJ",39.93595,-74.170975
11893,"High Bridge, NJ",40.667046,-74.89572
17985,"Englishtown, NJ",40.297333,-74.35821
15490,"Montague Township, NJ",41.30315,-74.7935
17072,"Bloomsbury, NJ",40.653988,-75.08656
49222,"Great Meadows, NJ",40.877613,-74.90422
29733,"South Toms River, NJ",39.942062,-74.20431
21383,"Woodstown, NJ",39.651505,-75.32825
27004,"Sea Girt, NJ",40.13206,-74.034584
26186,"North Hanover Township, NJ",40.08801,-74.58573
29395,"Seaside Heights, NJ",39.94276,-74.073555
41299,"Tuckerton, NJ",39.603508,-74.33812
36354,"Woodbury Heights, NJ",39.81706,-75.155174
14490,"Waterford Works, NJ",39.72317,-74.84905
27277,"Stockholm, NJ",41.089905,-74.52015
397820,"Long Beach Township, NJ",39.61625,-74.19971
830774,"West Creek, NJ",39.24013,-74.90352
39960,"Netcong, NJ",40.899174,-74.70687
9501,"Saddle River, NJ",41.031765,-74.10209
5098,"Haworth, NJ",40.96093,-73.990135
190288,"Springfield Township, NJ",40.71091,-74.30994
39831,"Monmouth Beach, NJ",40.330387,-73.98153
20428,"Sewaren, NJ",40.55118,-74.2619
15621,"National Park, NJ",39.865967,-75.179634
16021,"Woodlynne, NJ",39.917336,-75.09628
6789,"Riverton, NJ",40.0115,-75.01489
46128,"Lakehurst, NJ",40.01456,-74.31126
36165,"Port Norris, NJ",39.244663,-75.03828
12339,"Lawnside, NJ",39.8665,-75.02823
50339,"Sea Isle City, NJ",39.15484,-74.68978
21663,"Buena, NJ",39.531338,-74.942924
826245,"Quinton, NJ",39.545948,-75.412415
51938,"Estell Manor, NJ",39.41206,-74.742386
398243,"South Hackensack, NJ",40.869854,-74.050064
189331,"Leisuretowne, NJ",39.902096,-74.70897
18995,"Leonardo, NJ",40.420418,-74.060455
55689,"Helmetta, NJ",40.376774,-74.4246
38685,"Gibbsboro, NJ",39.83817,-74.96489
21500,"Cedarville, NJ",39.338905,-75.209076
6575,"Port Murray, NJ",40.79037,-74.923615
26272,"Ogdensburg, NJ",41.081764,-74.592384
21959,"Essex Fells, NJ",40.824543,-74.28459
33909,"Seaside Park, NJ",39.926785,-74.076385
37409,"Beverly, NJ",40.065388,-74.91905
5563,"Laurel Springs, NJ",39.820114,-75.00628
46645,"Mount Royal, NJ",39.810112,-75.211296
32940,"Moonachie, NJ",40.84121,-74.04514
398778,"Woodland Township, NJ",39.841988,-74.522995
16654,"Brooklawn, NJ",39.878307,-75.12053
42730,"Pedricktown, NJ",39.766953,-75.41244
5489,"Lake Como, NJ",40.170948,-74.02736
18307,"Glenwood, NJ",41.251205,-74.4896
43996,"Avalon, NJ",39.101227,-74.71766
190473,"Victory Gardens, NJ",40.87593,-74.54238
18469,"Hardwick Township, NJ",41.054543,-74.93211
25273,"Island Heights, NJ",39.942062,-74.149864
21586,"Avon by the Sea, NJ",40.192337,-74.01597
32677,"Mantoloking, NJ",40.03936,-74.05053
10802,"Chesilhurst, NJ",39.732338,-74.881
272644,"Sandyston Township, NJ",41.21134,-74.798485
23458,"Alpine, NJ",40.94855,-73.928116
54570,"Stone Harbor, NJ",39.053715,-74.758446
3358,"Allenhurst, NJ",40.236225,-74.000694
397040,"New Hanover Township, NJ",40.02301,-74.57869
38157,"Deal, NJ",40.243168,-74.000694
9155,"Longport, NJ",39.31428,-74.52487
29739,"Ocean Gate, NJ",39.926785,-74.13375
56726,"Ship Bottom, NJ",39.6496,-74.17572
55585,"Beach Haven, NJ",39.56295,-74.240555
9137,"Milmay, NJ",39.44227,-74.862404
20723,"Surf City, NJ",39.658733,-74.16829
20400,"Sea Bright, NJ",40.36155,-73.974205
49765,"Port Republic, NJ",39.52067,-74.48571
8865,"Malaga, NJ",39.580154,-75.060844
23548,"Augusta, NJ",41.128986,-74.72822
15103,"Allenwood, NJ",40.140305,-74.101776
55928,"Interlaken, NJ",40.233444,-74.01569
29062,"Rocky Hill, NJ",40.39983,-74.63432
22802,"Roosevelt, NJ",40.22011,-74.473206
23619,"Bay Head, NJ",40.07178,-74.054306
52015,"Fieldsboro, NJ",40.136497,-74.728775
31869,"Greenwich, NJ",40.68473,-75.13473
11829,"Harvey Cedars, NJ",39.6975,-74.13933
46744,"Newport, NJ",40.7268,-74.03475
48631,"Corbin City, NJ",39.303448,-74.75572
397335,"Alloway, NJ",39.560963,-75.362434
45325,"Fortescue, NJ",39.233498,-75.1684
5668,"Loch Arbour, NJ",40.23289,-74.00097
10549,"Bridgeport, NJ",39.800648,-75.34755
9399,"Shiloh, NJ",39.458992,-75.29963
20685,"Strathmere, NJ",39.196537,-74.65732
55267,"Wrightstown, NJ",40.036224,-74.617935
42001,"Barnegat Light, NJ",39.753716,-74.10882
30745,"Cape May Point, NJ",38.936016,-74.96732
17730,"Deepwater, NJ",39.683445,-75.49048
23429,"Albuquerque, NM",35.084103,-106.650986
25514,"Las Cruces, NM",32.314034,-106.77981
40760,"Santa Fe, NM",35.68761,-105.93845
40574,"Rio Rancho, NM",35.270245,-106.63298
24682,"Farmington, NM",36.729115,-108.205444
20252,"Roswell, NM",33.39433,-104.52295
52537,"Hobbs, NM",32.7027,-103.13553
39512,"Los Lunas, NM",34.81421,-106.76131
30953,"Clovis, NM",34.40547,-103.20507
17305,"Carlsbad, NM",32.425747,-104.23761
3340,"Alamogordo, NM",32.899883,-105.960205
52160,"Gallup, NM",35.52835,-108.743904
17750,"Deming, NM",32.26274,-107.7582
5702,"Los Alamos, NM",35.88137,-106.29896
12321,"Las Vegas, NM",35.593933,-105.22389
54420,"Silver City, NM",32.771183,-108.27641
37148,"Anthony, NM",32.00591,-106.596855
37186,"Artesia, NM",32.842335,-104.4033
30398,"Belen, NM",34.66275,-106.7762
24040,"Chaparral, NM",32.02387,-106.40895
41980,"Aztec, NM",36.822063,-107.9929
18007,"Espanola, NM",36.0028,-106.0578
35768,"Lovington, NM",32.94407,-103.34875
37456,"Bloomfield, NM",36.711117,-107.98451
23379,"Edgewood, NM",35.061302,-106.19111
31828,"Grants, NM",35.14726,-107.85145
40409,"Portales, NM",34.185963,-103.33733
54659,"Taos, NM",36.407238,-105.57328
23684,"Bernalillo, NM",35.034924,-106.68707
27329,"Sunland Park, NM",31.796495,-106.57999
27421,"Tijeras, NM",35.079636,-106.38795
6863,"Ruidoso, NM",33.33158,-105.673096
50435,"Corrales, NM",35.238235,-106.60697
16307,"Socorro, NM",34.057285,-106.89308
34344,"Truth or Consequences, NM",33.12835,-107.25291
20356,"Santa Teresa, NM",31.858873,-106.64657
14197,"Tucumcari, NM",35.171944,-103.72504
54067,"Raton, NM",36.897923,-104.43548
9891,"Moriarty, NM",34.997204,-106.049484
39269,"Kirtland, NM",36.743805,-108.359795
47279,"Ranchos de Taos, NM",36.362556,-105.60036
33869,"Santa Cruz, NM",35.992226,-106.0473
24283,"Cuba, NM",36.019936,-106.951355
53046,"Los Ranchos de Albuquerque, NM",35.161987,-106.64281
47147,"Placitas, NM",35.30691,-106.42465
23777,"Bosque Farms, NM",34.85477,-106.70515
36621,"Sandia Park, NM",35.16795,-106.36539
51714,"Dexter, NM",33.19731,-104.37304
31382,"El Prado, NM",36.43226,-105.57514
396578,"Rio Communities, NM",34.650333,-106.73385
41573,"Waterflow, NM",36.769913,-108.4902
18019,"Eunice, NM",32.438824,-103.159004
50120,"Tularosa, NM",33.073975,-106.0186
47061,"Peralta, NM",34.837036,-106.69086
52824,"La Luz, NM",32.977867,-105.94193
43853,"Algodones, NM",35.38065,-106.47925
55375,"Cedar Crest, NM",35.10755,-106.37343
30925,"Clayton, NM",36.450783,-103.1848
29532,"Ruidoso Downs, NM",33.32927,-105.60442
31777,"Glorieta, NM",35.57768,-105.7544
27641,"Vado, NM",32.111763,-106.6625
38881,"Hanover, NM",32.81344,-108.09115
15020,"Bayard, NM",32.7618,-108.130585
10872,"Cloudcroft, NM",32.957664,-105.74272
25869,"Mesquite, NM",32.16395,-106.69601
28544,"La Mesa, NM",32.122044,-106.70777
37744,"Capitan, NM",33.54538,-105.57209
42965,"Stanley, NM",35.147774,-105.977455
30193,"Alto, NM",33.399067,-105.67993
45940,"Jemez Springs, NM",35.76851,-106.692154
42457,"Jal, NM",32.112125,-103.19346
18213,"Fruitland, NM",36.73917,-108.39564
53283,"Mesilla Park, NM",32.27593,-106.76667
24143,"Cochiti Lake, NM",35.64392,-106.31631
30825,"Chama, NM",36.903656,-106.57989
39081,"Hurley, NM",32.699276,-108.13198
52079,"Fort Sumner, NM",34.47167,-104.24551
41929,"Arroyo Seco, NM",36.51602,-105.56999
53455,"Mountainair, NM",34.520355,-106.24077
35690,"Jemez Pueblo, NM",35.603203,-106.741295
8208,"Chimayo, NM",36.00391,-105.94687
41870,"Blanco, NM",36.72438,-107.82463
30118,"Abiquiu, NM",36.207096,-106.31863
11577,"Garfield, NM",32.757,-107.26469
8475,"Elephant Butte, NM",33.197506,-107.22416
39348,"Lamy, NM",35.480663,-105.88019
41863,"Angel Fire, NM",36.39309,-105.28501
23513,"Arenas Valley, NM",32.79399,-108.184204
10773,"Cerrillos, NM",35.43747,-106.12616
26792,"Rociada, NM",35.832245,-105.42004
51936,"Estancia, NM",34.758392,-106.05585
23964,"Carrizozo, NM",33.645187,-105.87751
24724,"Flora Vista, NM",36.79873,-108.07711
6451,"Pecos, NM",35.574528,-105.67526
13414,"Quemado, NM",34.343597,-108.49831
21609,"Datil, NM",34.145035,-107.84335
8493,"La Plata, NM",36.928284,-108.19022
35991,"Reserve, NM",33.713306,-108.75786
29692,"Logan, NM",35.366524,-103.41071
191950,"San Jose, NM",36.03919,-106.098076
19247,"Mayhill, NM",32.88954,-105.478035
22651,"Sapello, NM",35.77282,-105.25334
40757,"Santa Clara, NM",32.779522,-108.150314
48503,"Williamsburg, NM",33.116257,-107.29336
23297,"Red River, NM",36.709484,-105.40756
29055,"Pena Blanca, NM",35.570854,-106.33819
52528,"Hillsboro, NM",32.920906,-107.56697
20009,"Ponderosa, NM",35.656128,-106.65018
53883,"Pie Town, NM",34.299644,-108.132545
15234,"La Jara, NM",36.100227,-106.94786
37684,"Caballo, NM",32.975746,-107.307915
13642,"Sacramento, NM",32.7926,-105.56054
190918,"Carnuel, NM",35.063747,-106.45725
47947,"Taos Ski Valley, NM",36.596,-105.4545
42795,"Nogal, NM",33.558132,-105.70776
27424,"Timberon, NM",32.62093,-105.694145
18959,"Las Vegas, NV",36.167427,-115.148415
11867,"Henderson, NV",36.03196,-114.98227
13478,"Reno, NV",39.52618,-119.81266
26187,"North Las Vegas, NV",36.20052,-115.121475
13943,"Sparks, NV",39.540466,-119.748726
30772,"Carson City, NV",39.166325,-119.76704
53780,"Pahrump, NV",36.204178,-116.026024
31552,"Fernley, NV",39.607525,-119.25084
31701,"Gardnerville, NV",38.937885,-119.74079
31396,"Elko, NV",41.195812,-115.327286
38482,"Fallon, NV",39.474518,-118.77789
47906,"Sun Valley, NV",39.613853,-119.77675
39761,"Mesquite, NV",36.803566,-114.06714
11052,"Dayton, NV",39.23623,-119.59041
34096,"Spring Creek, NV",40.737484,-115.59722
51095,"Boulder City, NV",35.97766,-114.83774
7977,"Winnemucca, NV",40.97243,-117.7348
32883,"Minden, NV",38.9533,-119.763664
5266,"Incline Village, NV",39.250126,-119.95191
12331,"Laughlin, NV",35.11457,-114.70392
34934,"Yerington, NV",38.985542,-119.16299
38382,"Ely, NV",39.24806,-114.891716
27107,"Silver Springs, NV",39.373596,-119.226746
28319,"Battle Mountain, NV",40.641426,-116.93383
40203,"Overton, NV",36.53807,-114.44363
5711,"Lovelock, NV",40.180126,-118.474724
50107,"Wellington, NV",38.75673,-119.377464
38929,"Hawthorne, NV",38.524643,-118.62458
20637,"Stateline, NV",38.963066,-119.93995
56757,"Tonopah, NV",38.100063,-117.22506
53025,"Logandale, NV",36.596638,-114.48415
27889,"West Wendover, NV",40.740967,-114.07517
55295,"Zephyr Cove, NV",39.006012,-119.947235
28782,"Jean, NV",35.77886,-115.32438
14517,"Wells, NV",41.110725,-114.96314
49145,"Glenbrook, NV",39.08935,-119.93907
3972,"Carlin, NV",40.71306,-116.107086
30653,"Bunkerville, NV",36.758892,-114.13495
39105,"Indian Springs, NV",36.569897,-115.70329
192612,"McGill, NV",39.405186,-114.778725
56185,"Panaca, NV",37.79052,-114.389435
40349,"Pioche, NV",37.929756,-114.45164
56640,"Verdi, NV",39.51824,-119.98881
6993,"Searchlight, NV",35.48128,-114.919586
11359,"Eureka, NV",39.94976,-116.28845
30695,"Caliente, NV",37.61496,-114.510544
21880,"Genoa, NV",39.004353,-119.84712
3488,"Austin, NV",39.492985,-117.07145
16698,"Alamo, NV",37.36496,-115.16446
19417,"Moapa, NV",36.75295,-114.64861
16634,"Smith, NV",38.800423,-119.32845
46631,"Mount Charleston, NV",36.25948,-115.64512
6181,"New York, NY",40.712727,-74.00601
17222,"Buffalo, NY",42.886715,-78.878395
832063,"Rochester, NY",43.157284,-77.61521
34937,"Yonkers, NY",40.93121,-73.89875
7353,"Syracuse, NY",43.048122,-76.14742
40779,"Schenectady, NY",42.814243,-73.93957
37074,"Albany, NY",42.65117,-73.75497
34819,"White Plains, NY",41.033985,-73.76291
831538,"Binghamton, NY",42.098698,-75.91252
26114,"New Rochelle, NY",40.911537,-73.78264
32991,"Mount Vernon, NY",40.91251,-73.83865
21017,"Utica, NY",43.100903,-75.232666
41292,"Troy, NY",42.728413,-73.69179
27225,"Spring Valley, NY",41.11302,-74.043785
51128,"Brentwood, NY",40.782635,-73.25663
5937,"Middletown, NY",41.45011,-74.41648
27652,"Valley Stream, NY",40.663136,-73.705696
46749,"Niagara Falls, NY",43.084843,-79.070175
831676,"Monroe, NY",41.330475,-74.18664
830736,"Hempstead, NY",40.67368,-73.61907
831683,"Newburgh, NY",41.500076,-74.00983
27957,"Williamsville, NY",42.963783,-78.737724
832068,"Webster, NY",43.212284,-77.42999
12608,"Massapequa, NY",40.669502,-73.469826
827066,"Lockport, NY",43.16871,-78.69656
12413,"Liverpool, NY",43.106457,-76.217705
829287,"Watertown, NY",43.974785,-75.91076
15138,"Freeport, NY",40.657608,-73.58358
43490,"Lindenhurst, NY",40.686768,-73.37345
13218,"Patchogue, NY",40.765656,-73.01511
41669,"Westbury, NY",40.755657,-73.58762
22021,"Fairport, NY",43.0993,-77.443016
26200,"North Tonawanda, NY",43.040775,-78.86605
25566,"Levittown, NY",40.721775,-73.51256
829820,"Elmira, NY",42.089798,-76.80773
18375,"Great Neck, NY",40.800655,-73.72846
25112,"Hicksville, NY",40.76953,-73.52933
31419,"Elmont, NY",40.705334,-73.70783
33074,"New Hyde Park, NY",40.735214,-73.688324
13578,"Rome, NY",43.21022,-75.4584
32924,"Monsey, NY",41.117992,-74.05943
5317,"Jamestown, NY",42.096516,-79.23803
37219,"Auburn, NY",42.932022,-76.5672
41621,"West Babylon, NY",40.704372,-73.35013
54320,"Saratoga Springs, NY",43.08218,-73.78539
15135,"East Meadow, NY",40.721775,-73.55829
13579,"Ronkonkoma, NY",40.80752,-73.135994
44014,"Baldwinsville, NY",43.15868,-76.33271
7759,"Wappingers Falls, NY",41.596565,-73.91121
10768,"Central Islip, NY",40.780727,-73.192825
30360,"Bay Shore, NY",40.727654,-73.24352
829620,"Smithtown, NY",40.85593,-73.20067
829619,"Huntington, NY",40.868153,-73.425674
831622,"Plattsburgh, NY",44.696087,-73.45429
25219,"Huntington Station, NY",40.847237,-73.40363
46509,"Merrick, NY",40.652332,-73.55125
31537,"Farmingdale, NY",40.73288,-73.445854
832069,"Pittsford, NY",43.090958,-77.5153
30331,"Baldwin, NY",40.653484,-73.61135
38598,"Franklin Square, NY",40.700237,-73.676445
3521,"Ballston Spa, NY",43.010017,-73.850296
39971,"New City, NY",41.15098,-73.98978
36164,"Port Chester, NY",41.001766,-73.66568
31439,"Endicott, NY",42.098408,-76.04937
4484,"East Northport, NY",40.88094,-73.31945
34650,"Wantagh, NY",40.66329,-73.51359
57124,"Coram, NY",40.879715,-73.004
6528,"Plainview, NY",40.783463,-73.473885
40406,"Port Washington, NY",40.826397,-73.68499
31695,"Garden City, NY",40.726646,-73.63431
831687,"Amsterdam, NY",42.936222,-74.19058
43174,"Yorktown Heights, NY",41.27018,-73.77535
10762,"Centereach, NY",40.86775,-73.08398
831537,"Vestal, NY",42.08507,-76.05381
44707,"Commack, NY",40.83935,-73.2859
26261,"Oceanside, NY",40.63359,-73.63765
36041,"Medford, NY",40.82282,-72.98875
24229,"Cortland, NY",42.584213,-76.07049
23477,"Amityville, NY",40.67899,-73.41707
25183,"Hopewell Junction, NY",41.58109,-73.81067
41341,"Uniondale, NY",40.715755,-73.58989
46300,"Long Beach, NY",40.58855,-73.658264
40613,"Rockville Centre, NY",40.657417,-73.645065
827212,"Queensbury, NY",43.361855,-73.665245
21885,"Holbrook, NY",40.799377,-73.06977
51677,"Deer Park, NY",40.76225,-73.32286
831680,"New Windsor, NY",41.47676,-74.02375
31755,"Glen Cove, NY",40.864185,-73.63192
44910,"Depew, NY",42.902206,-78.69567
829613,"Riverhead, NY",40.91687,-72.66242
12514,"Mahopac, NY",41.3713,-73.73907
36510,"West Hempstead, NY",40.69776,-73.6499
17783,"Dix Hills, NY",40.80285,-73.33716
56840,"West Islip, NY",40.70645,-73.29877
7009,"Selden, NY",40.871243,-73.04542
16112,"Shirley, NY",40.793602,-72.87132
33369,"Peekskill, NY",41.28981,-73.920494
26061,"Nanuet, NY",41.100433,-74.01551
11558,"Fulton, NY",43.10615,-74.446175
23695,"Bethpage, NY",40.75048,-73.489204
5838,"Massapequa Park, NY",40.680378,-73.455124
33495,"Port Jefferson Station, NY",40.92259,-73.065735
31780,"Gloversville, NY",43.050503,-74.345764
24148,"Cohoes, NY",42.774246,-73.70012
831333,"Batavia, NY",42.998013,-78.18755
33904,"Seaford, NY",40.668087,-73.49151
34220,"Syosset, NY",40.814857,-73.50179
829821,"Horseheads, NY",42.166985,-76.8203
46559,"Mineola, NY",40.749268,-73.640686
20143,"Rensselaer, NY",42.709137,-73.51077
27287,"Stony Brook, NY",40.90848,-73.132545
53084,"Lynbrook, NY",40.654827,-73.6718
45244,"Farmingville, NY",40.840652,-73.03494
24725,"Floral Park, NY",40.7247,-73.7048
53623,"North Syracuse, NY",43.13479,-76.12992
32045,"Hilton, NY",43.28811,-77.792854
832016,"Geneva, NY",42.869026,-76.978615
831673,"Warwick, NY",41.25648,-74.35988
15755,"North Bellmore, NY",40.689293,-73.53692
51130,"Brewster, NY",41.397297,-73.61653
12133,"Johnson City, NY",42.115704,-75.958786
24213,"Copiague, NY",40.672844,-73.39476
832067,"Penfield, NY",43.13011,-77.47596
395435,"Islip, NY",40.73007,-73.210724
25848,"Melville, NY",40.783592,-73.407555
9043,"North Babylon, NY",40.730442,-73.32638
37592,"Brockport, NY",43.213673,-77.93918
27797,"Watervliet, NY",42.73008,-73.70123
829615,"East Hampton, NY",40.963387,-72.18476
35541,"Hudson, NY",42.252865,-73.79096
11200,"East Aurora, NY",42.768913,-78.61776
25725,"Manhasset, NY",40.7867,-73.69673
26832,"Roosevelt, NY",40.6781,-73.58563
16227,"Spencerport, NY",43.18645,-77.803894
5890,"Mechanicville, NY",42.902855,-73.68734
28337,"Beacon, NY",41.50484,-73.96954
42798,"North Bay Shore, NY",40.76149,-73.26095
396690,"Setauket, NY",40.946754,-73.11591
39253,"Kings Park, NY",40.8891,-73.24684
38178,"Delmar, NY",42.625122,-73.838135
38922,"Hauppauge, NY",40.823734,-73.20623
27749,"Wallkill, NY",41.4637,-74.37242
45057,"East Syracuse, NY",43.065346,-76.07854
55625,"Bellmore, NY",40.653885,-73.52882
194103,"Croton-on-Hudson, NY",41.20882,-73.89052
47039,"Pearl River, NY",41.055664,-74.00763
46438,"Mastic Beach, NY",40.764233,-72.83553
18955,"Larchmont, NY",40.927876,-73.7518
15797,"Middle Island, NY",40.879242,-72.94013
826185,"Massena, NY",44.928104,-74.89208
32735,"Mastic, NY",40.810623,-72.84576
54331,"Sayville, NY",40.74535,-73.08852
826182,"Potsdam, NY",44.6698,-74.98134
830899,"Dunkirk, NY",42.483223,-79.334564
21934,"Glens Falls, NY",43.30994,-73.64445
36879,"Ogdensburg, NY",44.697525,-75.49249
19562,"Nesconset, NY",40.845093,-73.15231
11899,"Highland, NY",41.721256,-73.96081
6263,"Nyack, NY",41.09112,-73.91968
18451,"Hampton Bays, NY",40.86958,-72.52436
54599,"Suffern, NY",41.11514,-74.14939
12001,"Hudson Falls, NY",43.300697,-73.58608
21397,"Wyandanch, NY",40.750755,-73.3658
5343,"Jericho, NY",40.78743,-73.54346
11957,"Holtsville, NY",40.809315,-73.03206
9147,"Port Jervis, NY",41.375095,-74.692665
831672,"Goshen, NY",41.40215,-74.32421
18489,"Hartsdale, NY",41.01309,-73.808975
53558,"Newark, NY",43.04673,-77.09525
831675,"Chester, NY",41.362453,-74.2715
3954,"Canastota, NY",43.079674,-75.751076
34902,"Woodmere, NY",40.63679,-73.724014
28450,"Fredonia, NY",42.442356,-79.3321
5213,"Hornell, NY",42.327847,-77.6611
51352,"Chappaqua, NY",41.157284,-73.7677
17876,"East Islip, NY",40.72292,-73.183426
6536,"Pleasantville, NY",41.132874,-73.79263
12812,"Monticello, NY",41.655647,-74.68933
8978,"Penn Yan, NY",42.660305,-77.0541
24692,"Fayetteville, NY",43.02979,-76.004364
8914,"Manorville, NY",40.86256,-72.786095
56270,"Pelham, NY",40.90982,-73.807915
831324,"Stony Point, NY",41.229538,-73.98708
831674,"Montgomery, NY",42.894127,-74.40997
831685,"Johnstown, NY",43.00616,-74.37052
34744,"West Henrietta, NY",43.040062,-77.66167
5493,"Lake Grove, NY",40.852875,-73.11511
831323,"Haverstraw, NY",41.19765,-73.96405
829614,"Babylon, NY",40.695656,-73.325676
47513,"Saint James, NY",40.8827,-73.14808
34624,"Walden, NY",41.561203,-74.188484
27373,"Tarrytown, NY",41.076206,-73.85875
831678,"Pine Bush, NY",41.61329,-74.29391
831611,"Oneida, NY",43.214405,-75.403915
23258,"Ridge, NY",40.90473,-72.878395
827224,"Ontario, NY",42.858063,-77.29503
826180,"Canton, NY",44.595615,-75.1691
36140,"Pomona, NY",41.18915,-74.05425
11234,"East Rockaway, NY",40.64153,-73.6656
4982,"Greenlawn, NY",40.86087,-73.36331
37772,"Carthage, NY",43.97824,-75.60963
18799,"Katonah, NY",41.25587,-73.684746
827067,"Lewiston, NY",43.172554,-79.03588
38206,"Dobbs Ferry, NY",41.01454,-73.872635
829611,"Southampton, NY",40.884247,-72.38971
24594,"Endwell, NY",42.118824,-76.02256
827221,"Macedon, NY",43.06923,-77.298874
832064,"Henrietta, NY",43.061176,-77.633896
23177,"Mount Kisco, NY",41.20426,-73.72707
39902,"Mount Sinai, NY",40.941067,-73.019455
18292,"Glen Head, NY",40.843353,-73.62575
19297,"Medina, NY",43.220284,-78.38664
44652,"Clinton, NY",40.765278,-73.99389
18568,"Highland Mills, NY",41.34704,-74.12626
3736,"Bohemia, NY",40.77061,-73.12007
23420,"Airmont, NY",41.10093,-74.11626
5960,"Miller Place, NY",40.95982,-72.996216
7154,"South Huntington, NY",40.82267,-73.395874
13567,"Rocky Point, NY",40.93981,-72.93595
40938,"Sleepy Hollow, NY",41.08565,-73.85847
51644,"Dansville, NY",42.561127,-77.69618
44594,"Churchville, NY",43.10423,-77.88445
9206,"Whitesboro, NY",43.122036,-75.29171
832013,"Seneca Falls, NY",42.91072,-76.79678
39124,"Islip Terrace, NY",40.75052,-73.18557
832015,"Waterloo, NY",42.904694,-76.862785
24766,"Fort Salonga, NY",40.908314,-73.29249
831793,"Fort Edward, NY",43.267204,-73.58471
16178,"Rye Brook, NY",41.019264,-73.683464
7663,"Valley Cottage, NY",41.117786,-73.94428
26850,"Roslyn, NY",40.799824,-73.65096
8232,"Clarence Center, NY",43.008034,-78.6322
38917,"Hastings on Hudson, NY",40.994663,-73.87859
15044,"Akron, NY",43.020893,-78.4953
32135,"Ilion, NY",43.01507,-75.03543
30223,"Angola, NY",42.638393,-79.02782
35431,"Highland Falls, NY",41.36926,-73.96625
49991,"Woodbury, NY",40.818325,-73.47061
37106,"Altamont, NY",42.700634,-74.03374
28254,"Briarcliff Manor, NY",41.145653,-73.823746
17963,"Elmsford, NY",41.055096,-73.82014
832061,"Wellsville, NY",42.122013,-77.94806
37871,"Chittenango, NY",43.045856,-75.86924
12068,"Irvington, NY",41.039867,-73.87272
826188,"Gouverneur, NY",44.336864,-75.46303
43310,"West Nyack, NY",41.09013,-73.97049
42627,"Painted Post, NY",42.162018,-77.09414
831799,"Lowville, NY",43.786713,-75.492195
18556,"Hewlett, NY",40.641438,-73.69297
36433,"Washingtonville, NY",41.42787,-74.16598
35856,"Malverne, NY",40.678993,-73.67402
831331,"Le Roy, NY",42.79434,-77.99971
51321,"Cedarhurst, NY",40.621773,-73.72358
11964,"Honeoye Falls, NY",42.952286,-77.59028
28189,"Central Square, NY",43.287003,-76.14636
43424,"Inwood, NY",40.622944,-73.75089
50362,"Valhalla, NY",41.075214,-73.77501
831689,"Little Falls, NY",43.043404,-74.8596
50181,"Northport, NY",40.90096,-73.34317
23662,"Bellport, NY",40.753178,-72.94156
827220,"Palmyra, NY",43.062374,-77.234726
25472,"Lake Mohegan, NY",41.31482,-73.8462
26249,"Oakdale, NY",40.7385,-73.135216
831613,"Cazenovia, NY",42.930065,-75.8527
17183,"Bronxville, NY",40.938156,-73.83208
52907,"Lawrence, NY",40.61566,-73.729576
48885,"Bayport, NY",40.74885,-73.052216
16804,"Armonk, NY",41.132973,-73.71261
52545,"Holley, NY",43.226807,-78.02715
7951,"Williston Park, NY",40.75649,-73.64485
54527,"Springville, NY",42.508694,-78.666725
10760,"Center Moriches, NY",40.800556,-72.79334
35163,"Brewerton, NY",43.236916,-76.14364
11580,"Garnerville, NY",41.201763,-73.99431
50079,"Waverly, NY",42.010353,-76.52717
827227,"Lyons, NY",43.06423,-76.99024
15382,"Island Park, NY",40.60427,-73.65541
54901,"Valatie, NY",42.413418,-73.67317
54436,"Slingerlands, NY",42.629246,-73.86457
6839,"Roslyn Heights, NY",40.77661,-73.63398
45133,"Ellenville, NY",41.69751,-74.34536
33494,"Port Jefferson, NY",40.94651,-73.06912
17556,"Congers, NY",41.146633,-73.94322
55360,"Apalachin, NY",42.065487,-76.16065
13740,"Scotia, NY",42.826466,-73.964294
43141,"Wading River, NY",40.94464,-72.824615
827222,"Williamson, NY",43.22382,-77.1864
44204,"Bloomingburg, NY",41.55426,-74.4396
830735,"Oyster Bay, NY",40.769657,-73.49986
193195,"Bay Wood, NY",57.551052,-4.2170744
45319,"Fort Plain, NY",42.93146,-74.62264
36642,"Sound Beach, NY",40.96069,-72.9729
30703,"Calverton, NY",40.91179,-72.77097
56114,"Orangeburg, NY",41.05147,-73.93431
38300,"East Rochester, NY",43.112156,-77.48356
27479,"Trumansburg, NY",42.542294,-76.66606
55681,"Freeville, NY",42.512806,-76.346466
36314,"Wynantskill, NY",42.68707,-73.64572
54469,"South Glens Falls, NY",43.299446,-73.63518
20855,"Tuckahoe, NY",40.905117,-72.43935
41525,"Voorheesville, NY",42.65397,-73.928734
831616,"Peru, NY",44.578487,-73.52703
16707,"Albertson, NY",40.772537,-73.646774
23558,"Averill Park, NY",42.63917,-73.558174
831800,"Camden, NY",43.334667,-75.747986
193690,"Castleton-on-Hudson, NY",42.530815,-73.7553
57000,"Bloomfield, NY",42.895065,-77.434715
11971,"Hoosick Falls, NY",42.90069,-73.35161
26643,"Pulaski, NY",43.567013,-76.1277
831796,"Greenwich, NY",43.09035,-73.49939
831791,"Granville, NY",43.408043,-73.25958
40984,"South Salem, NY",41.273823,-73.55617
832062,"Hamlin, NY",43.303116,-77.92113
32548,"Locust Valley, NY",40.87752,-73.5723
37166,"Ardsley, NY",41.010654,-73.84374
831541,"Windsor, NY",42.075912,-75.640465
56122,"Purchase, NY",41.04093,-73.71458
52268,"Gowanda, NY",42.46297,-78.93536
8521,"Lake Placid, NY",44.28312,-73.982834
15309,"Evans Mills, NY",44.088326,-75.80738
47685,"Shoreham, NY",40.95732,-72.9076
57007,"Scottsville, NY",43.025894,-77.745285
831610,"Hamilton, NY",43.630787,-74.46593
827228,"Walworth, NY",43.13923,-77.27221
14745,"Youngstown, NY",43.247482,-79.05011
15539,"Mount Morris, NY",42.72562,-77.87417
47499,"Sag Harbor, NY",40.99787,-72.29223
33873,"Saranac Lake, NY",44.329662,-74.13112
37949,"Cold Spring, NY",41.420094,-73.95458
49975,"Tappan, NY",41.024834,-73.950455
45692,"Hawthorne, NY",41.104397,-73.79759
48868,"Clifton Springs, NY",42.96173,-77.13998
43008,"Sanborn, NY",43.143738,-78.87506
29773,"Kerhonkson, NY",41.769222,-74.30076
33147,"North Chili, NY",43.119785,-77.805565
832048,"Cuba, NY",42.217567,-78.27529
831670,"Cornwall, NY",41.434444,-74.035835
46619,"Morrisonville, NY",44.69274,-73.54861
16029,"Wurtsboro, NY",41.57676,-74.48711
44999,"Dundee, NY",42.523403,-76.97663
33407,"Phoenix, NY",43.23092,-76.300186
54413,"Shortsville, NY",42.955914,-77.22069
22886,"West Haverstraw, NY",41.20983,-73.98575
29549,"Weedsport, NY",43.048676,-76.56272
6002,"Mohawk, NY",42.957714,-74.39583
827215,"Lake George, NY",43.425995,-73.712425
25760,"Marlboro, NY",41.60547,-73.971725
33592,"Ransomville, NY",43.241116,-78.914795
827229,"Marion, NY",43.1434,-77.18915
42406,"Greenfield Center, NY",43.128407,-73.84651
4209,"Corfu, NY",42.96006,-78.40558
43469,"Schuylerville, NY",43.10023,-73.58196
827225,"Sodus, NY",43.237843,-77.06136
26500,"Pine City, NY",42.03674,-76.8694
53705,"Old Westbury, NY",40.78871,-73.59957
55276,"Yaphank, NY",40.832188,-72.92997
10713,"Carle Place, NY",40.750053,-73.611824
397595,"Saint Johnsville, NY",42.998127,-74.68292
46519,"Middleport, NY",43.212666,-78.47661
24417,"Dover Plains, NY",41.738426,-73.570885
6687,"Ravena, NY",42.468414,-73.81624
829291,"Clayton, NY",44.23949,-76.08578
831789,"Whitehall, NY",43.555756,-73.40356
39746,"Menands, NY",42.692024,-73.72456
44742,"Cooperstown, NY",42.70063,-74.924324
10878,"Clyde, NY",43.084232,-76.86941
24844,"Gasport, NY",43.19234,-78.57661
827065,"Newfane, NY",43.286724,-78.71031
827226,"Wolcott, NY",43.220623,-76.81496
831688,"Broadalbin, NY",43.058685,-74.19652
4028,"Centerport, NY",40.89808,-73.373055
4482,"East Moriches, NY",40.80985,-72.755394
24506,"East Quogue, NY",40.842335,-72.568855
53329,"Millbrook, NY",41.786503,-73.692184
28921,"Otisville, NY",41.473427,-74.53849
39470,"Livingston Manor, NY",41.89321,-74.82683
13747,"Sea Cliff, NY",40.849567,-73.647125
7414,"Thornwood, NY",41.11878,-73.77708
16612,"Northville, NY",40.97332,-72.61581
14808,"Blauvelt, NY",41.06961,-73.95184
56837,"West Chazy, NY",44.81659,-73.51053
50351,"Campbell Hall, NY",41.450653,-74.26591
32324,"Kirkville, NY",43.075066,-75.95186
39842,"Montebello, NY",41.13593,-74.11848
832014,"Ovid, NY",42.67646,-76.82301
38194,"Dexter, NY",44.007835,-76.04437
41683,"Westtown, NY",41.33676,-74.53988
21549,"Ashville, NY",42.096447,-79.3756
41942,"Delanson, NY",42.745354,-74.18819
21494,"Blue Point, NY",40.752907,-73.03302
831794,"Cambridge, NY",43.007996,-73.43926
831788,"Fort Ann, NY",43.414307,-73.48798
55123,"West Sayville, NY",40.729233,-73.10626
13365,"Port Byron, NY",43.034504,-76.62406
18126,"Florida, NY",42.890415,-74.19658
36177,"Old Bethpage, NY",40.75821,-73.45542
11944,"Holland Patent, NY",43.24195,-75.257034
14528,"Wesley Hills, NY",41.159374,-74.070045
29666,"Jordan, NY",43.065346,-76.47299
829286,"Adams, NY",43.80923,-76.024086
829612,"Southold, NY",41.067223,-72.4408
42212,"Garden City South, NY",40.712692,-73.66053
29902,"Delevan, NY",42.48923,-78.48085
826184,"Norfolk, NY",44.801586,-74.99098
830903,"Westfield, NY",42.32228,-79.5781
57019,"Richfield Springs, NY",42.853405,-74.985435
24402,"Dolgeville, NY",43.100983,-74.77295
34680,"Watkins Glen, NY",42.381054,-76.870575
831598,"Germantown, NY",42.134533,-73.8918
16678,"Adams Center, NY",43.862682,-75.99815
36198,"Staatsburg, NY",41.85286,-73.91961
55194,"Whitney Point, NY",42.328964,-75.9677
831624,"Champlain, NY",44.986656,-73.44669
42111,"Belmont, NY",42.223125,-78.034454
831327,"Oakfield, NY",43.06589,-78.269745
42487,"Forestville, NY",42.468494,-79.17678
25276,"Islandia, NY",40.804264,-73.169
22902,"Tuxedo Park, NY",41.197025,-74.21039
57207,"Falconer, NY",42.11867,-79.19838
14574,"West Sand Lake, NY",42.640465,-73.60349
831330,"Bergen, NY",43.085266,-77.94189
6570,"Port Crane, NY",42.16424,-75.83353
12894,"Muttontown, NY",40.82399,-73.54762
11732,"Greenwood Lake, NY",41.22259,-74.29432
32410,"Lakewood, NY",42.104225,-79.33311
21683,"Accord, NY",41.79812,-74.2293
832065,"Rush, NY",42.995895,-77.64555
831792,"Salem, NY",43.171448,-73.330154
27796,"Waterville, NY",42.931183,-75.37989
7076,"Silver Creek, NY",42.544224,-79.16671
45995,"Keeseville, NY",44.505096,-73.48287
14585,"Westhampton Beach, NY",40.80841,-72.64483
42871,"Lloyd Harbor, NY",40.90343,-73.45985
52819,"La Fargeville, NY",44.19292,-75.97002
17339,"Cattaraugus, NY",42.223484,-78.64771
831795,"Argyle, NY",43.23785,-73.49122
22931,"West Winfield, NY",42.88535,-75.193214
831604,"Chatham, NY",42.36425,-73.59484
831539,"Conklin, NY",42.034245,-75.8038
52422,"Harpursville, NY",42.178413,-75.624626
4821,"Frewsburg, NY",42.060184,-79.146286
9850,"Norwood, NY",44.75161,-74.99439
829617,"Brookhaven, NY",40.779266,-72.91538
827068,"Wilson, NY",43.309776,-78.82615
832049,"Friendship, NY",42.206455,-78.13751
831785,"Schaghticoke, NY",42.894413,-73.587234
20527,"Sloatsburg, NY",41.15454,-74.192924
831599,"Ghent, NY",42.329254,-73.61568
35960,"Rock Tavern, NY",41.466206,-74.19126
829292,"Theresa, NY",44.215363,-75.7974
827217,"Warrensburg, NY",43.515453,-73.78297
26097,"New Hampton, NY",41.410927,-74.4071
16594,"Fonda, NY",42.954426,-74.376915
30598,"Brightwaters, NY",40.720932,-73.26734
35276,"Cold Spring Harbor, NY",40.860107,-73.4529
10351,"Bemus Point, NY",42.15934,-79.39229
48451,"Westhampton, NY",40.825043,-72.671
831686,"Mayfield, NY",43.120724,-74.26043
827214,"Lake Luzerne, NY",43.326027,-73.84193
6051,"Morrisville, NY",42.898655,-75.64022
4983,"Greenport, NY",41.103294,-72.35931
53499,"Nedrow, NY",42.976913,-76.14178
44749,"Copenhagen, NY",43.89344,-75.67383
12483,"Lyndonville, NY",43.326725,-78.388916
826187,"Lisbon, NY",44.727467,-75.321236
42879,"Millerton, NY",41.95383,-73.51052
25789,"Mattituck, NY",41.011906,-72.55054
831540,"Kirkwood, NY",42.0397,-75.7971
6906,"Salisbury Mills, NY",41.43062,-74.10997
48785,"Bridgeport, NY",43.155968,-75.96473
34267,"Thiells, NY",41.206764,-74.01262
24224,"Cornwall on Hudson, NY",41.444813,-74.01552
4485,"East Norwich, NY",40.850704,-73.524605
5500,"Lake Katrine, NY",41.988842,-73.99046
45377,"Fultonville, NY",42.947834,-74.36991
35853,"Red Creek, NY",43.247288,-76.723564
53397,"Montour Falls, NY",42.347298,-76.84524
10314,"Beaver Dams, NY",42.291183,-76.95969
830901,"Sherman, NY",42.159225,-79.59533
17410,"Chenango Forks, NY",42.23563,-75.84825
14157,"Tomkins Cove, NY",41.25704,-73.983475
39687,"Mayville, NY",42.25395,-79.50449
831625,"Saranac, NY",44.651558,-73.74367
44065,"Bayville, NY",40.9106,-73.56209
15840,"Milton, NY",43.033688,-73.85262
7152,"South Hempstead, NY",40.680943,-73.622055
12802,"Montauk, NY",41.04197,-71.94147
20467,"Sherrill, NY",43.073902,-75.5983
826174,"Hammond, NY",44.44898,-75.69443
37036,"Elmira Heights, NY",42.129692,-76.82136
829294,"Philadelphia, NY",44.15462,-75.70885
832056,"Scio, NY",42.17146,-77.978615
35143,"Chestertown, NY",43.6451,-73.79294
11790,"Hammondsport, NY",42.407936,-77.22363
11238,"East Williston, NY",40.758434,-73.63485
36379,"Yorkville, NY",43.113014,-75.27111
45663,"Harriman, NY",41.308426,-74.14459
5144,"Heuvelton, NY",44.618332,-75.40741
48742,"Chaumont, NY",44.066998,-76.13021
832051,"Bolivar, NY",42.06704,-78.16691
44186,"Black River, NY",44.01257,-75.79399
831332,"Pavilion, NY",42.876167,-78.02276
40178,"Oriskany, NY",43.15736,-75.33291
47860,"Stone Ridge, NY",41.844845,-74.15435
830900,"Ripley, NY",42.267002,-79.7106
49030,"Eastport, NY",40.844845,-72.731804
24709,"Fillmore, NY",42.460453,-78.11388
830902,"Clymer, NY",42.02089,-79.63005
21520,"Arkport, NY",42.394512,-77.69666
831325,"Alexander, NY",42.901173,-78.25668
831602,"Kinderhook, NY",42.395363,-73.6979
32890,"Minoa, NY",43.07618,-76.000755
22731,"Winthrop, NY",44.800964,-74.802925
41950,"Brasher Falls, NY",44.80932,-74.776085
831601,"Hillsdale, NY",42.178978,-73.52595
30093,"Cutchogue, NY",41.018684,-72.48916
39917,"Munnsville, NY",42.977013,-75.586845
33734,"Roscoe, NY",41.94228,-74.91523
829616,"Shelter Island, NY",41.064312,-72.32872
23865,"Buchanan, NY",41.26204,-73.938194
44640,"Cleveland, NY",43.24045,-75.88394
18696,"Interlaken, NY",42.617016,-76.72495
23985,"Castorland, NY",43.888493,-75.51144
827223,"Savannah, NY",43.076385,-76.756546
8246,"Barker, NY",43.327682,-78.554756
37671,"Burt, NY",43.316425,-78.7136
39866,"Moriches, NY",40.8033,-72.82104
831329,"Byron, NY",43.07978,-78.0639
831623,"Chazy, NY",44.88993,-73.43605
13831,"Shrub Oak, NY",41.321507,-73.82987
10925,"Comstock, NY",43.45729,-73.4415
52226,"Glen Park, NY",44.00117,-75.96632
831597,"Copake, NY",42.103565,-73.549736
20521,"Slate Hill, NY",41.390926,-74.47655
831671,"Sparrow Bush, NY",41.401844,-74.71813
33490,"Port Ewen, NY",41.901764,-73.97618
4464,"East Chatham, NY",42.41064,-73.52456
15705,"New York Mills, NY",43.105495,-75.29137
41248,"Tivoli, NY",42.05853,-73.90891
13798,"Sharon Springs, NY",42.795906,-74.61709
50743,"Appleton, NY",43.327183,-78.64871
32235,"Johnsonville, NY",42.91452,-73.513725
52068,"Fort Johnson, NY",42.95706,-74.236435
48086,"Union Springs, NY",42.83979,-76.69328
43852,"Alfred Station, NY",42.26979,-77.75916
32761,"Mc Graw, NY",42.930386,-74.25558
832046,"Almond, NY",42.322292,-77.73833
826179,"Colton, NY",44.55329,-74.939804
13175,"Panama, NY",42.075054,-79.48311
830763,"Duanesburg, NY",42.76202,-74.133736
831621,"Altona, NY",44.888847,-73.65954
33471,"Poland, NY",42.146698,-79.10847
6498,"Piermont, NY",41.041534,-73.91843
40972,"South Dayton, NY",42.36116,-79.048965
48816,"Brocton, NY",42.388668,-79.441154
50063,"Silver Springs, NY",42.660618,-78.08556
47197,"Port Henry, NY",44.04352,-73.46411
30632,"Brushton, NY",44.830196,-74.513504
8321,"Cold Brook, NY",43.24195,-75.039024
9618,"Harrisville, NY",44.15216,-75.321236
16387,"Sands Point, NY",40.85177,-73.71874
6801,"Rock Hill, NY",41.611557,-74.59085
50522,"Oriskany Falls, NY",42.939236,-75.461006
832057,"Andover, NY",42.15646,-77.79555
33029,"Napanoch, NY",41.752815,-74.370346
831798,"Croghan, NY",43.895912,-75.39265
38271,"Earlville, NY",42.73979,-75.54518
831620,"Mooers, NY",44.960545,-73.5834
18818,"Kennedy, NY",42.157356,-79.098946
7774,"Water Mill, NY",40.921177,-72.34885
45047,"East Nassau, NY",42.50786,-73.5065
12461,"Lowman, NY",42.029797,-76.720505
829823,"Big Flats, NY",42.1373,-76.936905
9435,"Sinclairville, NY",42.263947,-79.25866
820771,"Callicoon, NY",41.76508,-75.054184
831536,"Lisle, NY",42.351173,-76.00321
41784,"Woodridge, NY",41.709972,-74.573425
55863,"Lacona, NY",43.643402,-76.068535
47761,"South Floral Park, NY",40.714268,-73.700134
831606,"Stuyvesant, NY",42.39036,-73.78151
831328,"Elba, NY",43.077377,-78.18702
29504,"Romulus, NY",42.75208,-76.83371
54256,"Sackets Harbor, NY",43.94617,-76.119095
827230,"North Rose, NY",43.186443,-76.885574
49511,"Narrowsburg, NY",41.60269,-75.05934
48802,"Darien Center, NY",42.901173,-78.38863
826183,"Madrid, NY",44.750477,-75.13083
54911,"Valley Falls, NY",42.90341,-73.562614
831679,"Huguenot, NY",40.537327,-74.19459
19808,"Oyster Bay Cove, NY",40.870934,-73.510956
11894,"High Falls, NY",41.82529,-74.12211
54802,"Upper Brookville, NY",40.8475,-73.562904
6711,"Redwood, NY",44.303722,-75.802765
55389,"Craryville, NY",42.174812,-73.5829
47586,"Savona, NY",42.288685,-77.21831
35029,"Cayuga, NY",42.80934,-76.570076
24574,"Ellenburg Depot, NY",44.905872,-73.80098
46412,"Margaretville, NY",42.148773,-74.648705
48929,"Alexandria Bay, NY",44.336243,-75.91806
6868,"Rushville, NY",42.75783,-77.22775
20381,"Schenevus, NY",42.550392,-74.82514
36840,"Bridgehampton, NY",40.931282,-72.31037
826178,"Hermon, NY",44.467358,-75.2306
829290,"Cape Vincent, NY",44.128925,-76.3343
8109,"Cassadaga, NY",42.344227,-79.30949
43784,"Aquebogue, NY",40.94406,-72.61507
38782,"Great River, NY",40.719913,-73.147675
3698,"Bliss, NY",42.581417,-78.25354
50705,"Altmar, NY",43.512604,-76.00562
28968,"Palisades, NY",41.018284,-73.91637
28589,"Houghton, NY",42.421513,-78.164024
829295,"Henderson, NY",43.847008,-76.18187
52684,"Jeffersonville, NY",41.780922,-74.93378
31189,"De Kalb Junction, NY",44.505062,-75.27382
22015,"Laurel Hollow, NY",40.856766,-73.46957
16392,"Burdett, NY",42.420074,-76.84885
18304,"Glenfield, NY",43.710346,-75.40212
829819,"Erin, NY",42.18591,-76.66995
11292,"Elizaville, NY",42.050972,-73.79346
40537,"Rensselaer Falls, NY",44.59218,-75.319176
25585,"Lido Beach, NY",40.58683,-73.61095
55448,"Au Sable Forks, NY",44.451714,-73.66835
16902,"Basom, NY",43.06728,-78.39141
10641,"Buskirk, NY",42.95369,-73.43428
15069,"Calcium, NY",44.04077,-75.85098
34746,"West Hurley, NY",42.009415,-74.115265
48846,"Cuddebackville, NY",41.467316,-74.59377
52764,"Keuka Park, NY",42.61378,-77.09284
831612,"Madison, NY",42.87588,-75.68026
36315,"Wyoming, NY",42.70398,-78.24152
831609,"Eaton, NY",42.84991,-75.61233
829822,"Van Etten, NY",42.19723,-76.551674
35870,"Palenville, NY",42.17959,-74.02318
18662,"Huntington Bay, NY",40.89982,-73.41484
54224,"Round Lake, NY",42.937855,-73.79563
9498,"West Edmeston, NY",42.763405,-75.27822
27165,"South Fallsburg, NY",41.704544,-74.63343
41236,"Tillson, NY",41.835804,-74.06401
39679,"Maybrook, NY",41.483982,-74.21765
26591,"Port Leyden, NY",43.583126,-75.34527
26423,"Pattersonville, NY",42.890076,-74.08152
44531,"Central Valley, NY",41.33176,-74.12098
29920,"Hobart, NY",42.37147,-74.67043
31190,"De Ruyter, NY",40.631332,-74.15584
14928,"Aurora, NY",42.732452,-78.63155
830905,"Cherry Creek, NY",42.294502,-79.09976
47103,"Pine Island, NY",41.29781,-74.46148
11995,"Hubbardsville, NY",42.81785,-75.463234
33753,"Rouses Point, NY",44.993984,-73.364525
16892,"Barneveld, NY",43.275253,-75.18855
4362,"Dewittville, NY",42.239223,-79.44533
12736,"Mill Neck, NY",40.88712,-73.55514
31295,"Eagle Bridge, NY",42.950077,-73.396225
832017,"Lodi, NY",42.61396,-76.82246
831797,"Turin, NY",43.627377,-75.41153
25735,"Mannsville, NY",43.712845,-76.0627
824031,"Middlesex, NY",42.70501,-77.27166
32868,"Millport, NY",42.265354,-76.83468
41002,"Sparkill, NY",41.02891,-73.93249
826192,"Russell, NY",44.4293,-75.15011
831617,"Dannemora, NY",44.721615,-73.723755
826186,"Waddington, NY",44.86463,-75.20416
829293,"Antwerp, NY",44.199436,-75.60688
832055,"Angelica, NY",42.306736,-78.01584
830896,"Stockton, NY",42.31756,-79.35588
4459,"East Bethany, NY",42.93145,-78.1014
30947,"Clintondale, NY",41.6921,-74.04362
28468,"Eatons Neck, NY",40.92908,-73.401886
18575,"Hillburn, NY",41.123985,-74.16931
44629,"Clayville, NY",42.98007,-75.251
41984,"Baiting Hollow, NY",40.95695,-72.74465
831607,"Canaan, NY",42.411842,-73.44961
13162,"Palatine Bridge, NY",42.910908,-74.57403
13347,"Point Lookout, NY",40.589878,-73.579384
7118,"Sodus Point, NY",43.27245,-76.98799
12988,"Nineveh, NY",42.194244,-75.60241
48292,"Waccabuc, NY",41.300316,-73.57616
832054,"Belfast, NY",42.342846,-78.1114
54085,"Redford, NY",44.609016,-73.80504
6754,"Richville, NY",44.41735,-75.39196
831600,"New Lebanon, NY",42.463974,-73.3965
8228,"Circleville, NY",41.51426,-74.38349
50543,"Loch Sheldrake, NY",41.769245,-74.6536
23092,"Leeds, NY",42.255096,-73.892296
831603,"Ancram, NY",42.050488,-73.63626
831790,"Hampton, NY",43.5252,-73.25136
830906,"Gerry, NY",42.193394,-79.24866
11849,"Head of the Harbor, NY",40.90343,-73.15789
51531,"Constableville, NY",43.56696,-75.428696
17144,"Branchport, NY",42.59868,-77.15386
43498,"Shokan, NY",41.98128,-74.20643
9127,"Lockwood, NY",42.091187,-76.54994
21198,"Wellsburg, NY",42.010445,-76.72835
33156,"North Lawrence, NY",40.624264,-73.73823
829288,"Lorraine, NY",43.766457,-75.959366
829289,"Rodman, NY",43.851177,-75.94076
53401,"Mooers Forks, NY",44.95809,-73.6407
33218,"Odessa, NY",42.33664,-76.78857
38719,"Glenwood Landing, NY",40.827576,-73.63113
21951,"Erieville, NY",42.851734,-75.75546
11406,"Farmersville Station, NY",42.427563,-78.36085
36778,"Atlantic Beach, NY",40.588654,-73.72888
831326,"Stafford, NY",42.981728,-78.073906
9066,"North Creek, NY",43.691483,-73.986725
28139,"Castle Creek, NY",42.227577,-75.91825
45285,"Fleischmanns, NY",42.155514,-74.53159
42918,"Old Chatham, NY",42.44064,-73.56178
19929,"Phoenicia, NY",42.077457,-74.30523
12990,"Nissequogue, NY",40.903988,-73.19789
29610,"Saint Regis Falls, NY",44.673946,-74.5449
57330,"Bolton Landing, NY",43.566967,-73.6548
10098,"Alplaus, NY",42.855354,-73.89901
831614,"Georgetown, NY",42.768402,-75.73658
15241,"Ellenburg Center, NY",44.864765,-73.897095
44451,"Caroga Lake, NY",43.134132,-74.481895
56508,"Salisbury Center, NY",43.141087,-74.78851
396127,"Preston Hollow, NY",42.444523,-74.20792
4061,"Chase Mills, NY",44.84894,-75.080765
46352,"Lyons Falls, NY",43.618816,-75.363365
832059,"Dalton, NY",42.54134,-77.95276
17279,"Canaseraga, NY",42.461456,-77.77694
11774,"Hagaman, NY",42.974518,-74.15096
28999,"Remsenburg, NY",40.807697,-72.708824
56289,"New Woodstock, NY",42.8484,-75.85436
831619,"Schuyler Falls, NY",44.62884,-73.55793
826176,"Edwards, NY",44.322353,-75.25194
10755,"Celoron, NY",42.109493,-79.283165
22462,"Limestone, NY",42.02249,-78.63523
829824,"Chemung, NY",42.138466,-76.77255
831542,"Maine, NY",42.194157,-76.0609
827216,"Johnsburg, NY",43.61843,-73.961334
12913,"Natural Bridge, NY",44.071888,-75.4988
50196,"Quogue, NY",40.823177,-72.60964
28701,"Greenvale, NY",40.812344,-73.62492
44616,"Clark Mills, NY",43.08958,-75.374916
43952,"Asharoken, NY",40.927933,-73.35992
23484,"Ancramdale, NY",42.018147,-73.59123
51122,"Brant Lake, NY",43.711525,-73.709785
44270,"Bouckville, NY",42.889236,-75.55129
20632,"Star Lake, NY",44.1608,-75.03498
831681,"Blooming Grove, NY",41.40926,-74.195145
21868,"Himrod, NY",42.58959,-76.95513
24385,"Diamond Point, NY",43.479237,-73.687065
827219,"Thurman, NY",43.533615,-73.916016
16624,"Shushan, NY",43.090355,-73.34289
830907,"Portland, NY",42.37978,-79.467545
47500,"Sagaponack, NY",40.925377,-72.27814
36229,"Whitesville, NY",42.037846,-77.7625
39235,"Kiamesha Lake, NY",41.680607,-74.66478
33164,"North River, NY",43.74141,-74.05304
827218,"Stony Creek, NY",43.42425,-73.93009
35956,"Peconic, NY",41.039402,-72.45902
40464,"Putnam Station, NY",43.73423,-73.37484
831608,"Austerlitz, NY",42.31266,-73.47338
826189,"Oswegatchie, NY",44.643177,-75.46317
42049,"Adirondack, NY",43.763954,-73.75846
832066,"Mendon, NY",42.99784,-77.50444
25615,"Little Genesee, NY",42.02701,-78.20612
39376,"Laurel, NY",40.968803,-72.55398
55114,"West Leyden, NY",43.459515,-75.46379
30282,"Athol, NY",43.49257,-73.8429
27162,"South Colton, NY",44.51062,-74.887695
831684,"Stratford, NY",43.18624,-74.62712
19143,"Lyon Mountain, NY",44.703655,-73.864586
36542,"Speculator, NY",43.50056,-74.36356
19954,"Pine Valley, NY",42.22887,-76.84745
41985,"Bakers Mills, NY",43.614788,-74.02486
30203,"Amagansett, NY",40.981544,-72.13322
18289,"Glen Aubrey, NY",42.263855,-75.99554
40325,"Philmont, NY",42.24842,-73.653175
9030,"Medusa, NY",42.44143,-74.121086
53982,"Pottersville, NY",43.73783,-73.82144
35369,"East Marion, NY",41.129246,-72.34414
4098,"Churubusco, NY",44.95393,-73.93154
827213,"Hague, NY",43.745552,-73.498535
9404,"Three Mile Bay, NY",44.08594,-76.196396
19402,"Mineville, NY",44.09103,-73.52872
41007,"Speonk, NY",40.821217,-72.70484
48722,"Chadwicks, NY",43.031162,-75.271614
7372,"Tannersville, NY",42.195644,-74.13375
826177,"De Peyster, NY",44.552803,-75.43556
826181,"Parishville, NY",44.62884,-74.813805
13607,"Rotterdam Junction, NY",42.874332,-74.04659
39759,"Merrill, NY",44.764763,-73.9582
19775,"Orient, NY",41.137257,-72.27958
24112,"Clemons, NY",43.636456,-73.4454
55245,"Witherbee, NY",44.082825,-73.53403
3795,"Breesport, NY",42.181152,-76.733955
830898,"Chautauqua, NY",42.289467,-79.42173
24231,"Cossayuna, NY",43.183685,-73.42678
42258,"Gilbertsville, NY",42.471466,-75.32573
19637,"Niverville, NY",42.447353,-73.64851
21129,"Wainscott, NY",40.95371,-72.24717
5941,"Middleville, NY",43.138824,-74.9683
38525,"Fire Island Pines, NY",40.665607,-73.068954
831786,"Hartford, NY",43.36431,-73.392975
37355,"Belle Terre, NY",40.95982,-73.06789
3684,"Black Creek, NY",42.275623,-78.2264
53298,"Middle Granville, NY",43.433403,-73.28344
17617,"Cranberry Lake, NY",44.201633,-74.80834
29933,"Olcott, NY",43.328255,-78.720276
831605,"Claverack, NY",42.222507,-73.734924
51135,"Brier Hill, NY",44.53145,-75.662735
44293,"Brantingham, NY",43.68868,-75.29212
14060,"Swain, NY",42.477844,-77.85333
22129,"Johnson, NY",41.366207,-74.506546
40906,"Silver Bay, NY",43.696453,-73.50568
28621,"Huletts Landing, NY",43.639233,-73.50706
12519,"Malden, NY",42.09509,-73.935135
832053,"Rushford, NY",42.39229,-78.253624
52249,"Godeffroy, NY",41.44676,-74.61238
831802,"Greig, NY",43.68153,-75.35488
18102,"Findley Lake, NY",42.11922,-79.73255
40122,"Ocean Beach, NY",40.6468,-73.15696
194799,"Fort Jackson, NY",44.705612,-74.71491
15574,"Mumford, NY",42.992443,-77.86025
26504,"Pine Hill, NY",42.125744,-74.46959
832047,"Alfred, NY",42.254234,-77.7906
52073,"Fort Montgomery, NY",41.34024,-73.99424
20678,"Stottville, NY",42.29806,-73.75023
20740,"Sylvan Beach, NY",43.204502,-75.72385
36549,"Unionville, NY",41.301853,-74.56181
829285,"Brownville, NY",44.007004,-75.98409
9017,"Newton Falls, NY",44.210617,-74.98908
826175,"Morristown, NY",44.58481,-75.64515
13875,"Smallwood, NY",41.66237,-74.81738
25590,"Lily Dale, NY",42.351723,-79.32421
49321,"Dresden, NY",42.68396,-76.955795
52327,"Greenhurst, NY",42.119503,-79.310326
12921,"Nelliston, NY",42.934795,-74.61347
196760,"North Hornell, NY",42.34618,-77.66138
27303,"Stuyvesant Falls, NY",42.355362,-73.73096
5125,"Henderson Harbor, NY",43.864784,-76.20187
54740,"Tribes Hill, NY",42.948933,-74.294266
198017,"South Corning, NY",42.132328,-77.036644
49627,"Richburg, NY",42.0884,-78.15334
10920,"Columbus, OH",39.96226,-83.00071
4099,"Cincinnati, OH",39.10145,-84.51246
24115,"Cleveland, OH",41.499657,-81.69368
34303,"Toledo, OH",41.652916,-83.53782
30141,"Akron, OH",41.083065,-81.518486
31184,"Dayton, OH",39.75895,-84.191605
51260,"Canton, OH",40.798546,-81.374954
11786,"Hamilton, OH",39.208534,-84.550186
34103,"Springfield, OH",39.923405,-83.810135
53304,"Middletown, OH",39.516644,-84.404175
14584,"Westerville, OH",40.12614,-82.92953
53812,"Parma, OH",41.38224,-81.73557
25784,"Massillon, OH",40.796513,-81.52316
35641,"Grove City, OH",39.88145,-83.092964
32572,"Lorain, OH",41.263355,-82.17348
53253,"Medina, OH",41.100075,-81.938255
53145,"Mansfield, OH",40.75839,-82.51545
14541,"West Chester, OH",39.330338,-84.40827
38999,"Hilliard, OH",40.033813,-83.159615
28060,"Youngstown, OH",41.10358,-80.652016
17974,"Elyria, OH",41.367317,-82.10736
25495,"Lancaster, OH",39.713676,-82.59933
4426,"Dublin, OH",40.0996,-83.113556
32500,"Lima, OH",40.73998,-84.105
5710,"Loveland, OH",39.268948,-84.263824
39996,"Newark, OH",40.05812,-82.40127
48792,"Chillicothe, OH",39.33312,-82.9824
5834,"Mason, OH",39.360058,-84.30994
5411,"Kettering, OH",39.689503,-84.16883
27771,"Warren, OH",39.4204,-84.1809
29898,"Delaware, OH",40.23177,-82.9651
28066,"Zanesville, OH",39.940144,-82.00502
39635,"Marion, OH",40.588528,-83.18952
38520,"Findlay, OH",41.041386,-83.6504
11022,"Cuyahoga Falls, OH",41.136272,-81.48281
46503,"Mentor, OH",41.666477,-81.33997
10315,"Beavercreek, OH",39.709225,-84.06327
21995,"Lakewood, OH",41.481995,-81.79819
41098,"Strongsville, OH",41.314472,-81.83511
45221,"Fairfield, OH",39.788612,-82.64189
24117,"Cleveland Heights, OH",41.52005,-81.55624
24624,"Euclid, OH",41.593105,-81.52679
50327,"Brunswick, OH",41.24568,-81.82754
16087,"Xenia, OH",39.684784,-83.92965
21386,"Wooster, OH",40.798096,-81.93977
5398,"Kent, OH",41.15131,-81.3578
19911,"Perrysburg, OH",41.557117,-83.62793
5586,"Lebanon, OH",39.435337,-84.202995
56162,"Painesville, OH",41.724487,-81.24566
40554,"Reynoldsburg, OH",39.954784,-82.81212
42802,"Pickerington, OH",39.88423,-82.7535
24658,"Fairborn, OH",39.8209,-84.01939
23789,"Bowling Green, OH",41.374775,-83.65132
39769,"Miamisburg, OH",39.642838,-84.286606
42925,"Powell, OH",40.15784,-83.07519
18647,"Huber Heights, OH",39.859024,-84.11127
16908,"Batavia, OH",39.077007,-84.17688
22337,"Marysville, OH",40.23645,-83.36714
14192,"Troy, OH",40.039497,-84.20328
46783,"North Canton, OH",40.875893,-81.402336
7540,"Upper Arlington, OH",39.994507,-83.06241
3731,"Boardman, OH",41.024593,-80.657295
13034,"North Ridgeville, OH",41.389492,-82.019035
43969,"Athens, OH",39.357563,-82.06096
7279,"Stow, OH",41.159626,-81.44063
8375,"Alliance, OH",40.915337,-81.105934
55145,"Westlake, OH",41.455322,-81.917915
18226,"Gahanna, OH",40.01956,-82.879135
12729,"Milford, OH",39.174625,-84.2959
49496,"Ravenna, OH",41.15756,-81.24205
43098,"Sylvania, OH",41.718895,-83.712776
33348,"Pataskala, OH",39.99557,-82.67424
34613,"Wadsworth, OH",41.02561,-81.72985
46803,"North Olmsted, OH",41.415604,-81.92347
30276,"Ashtabula, OH",41.864788,-80.78413
21547,"Ashland, OH",40.78874,-82.23604
40070,"North Royalton, OH",41.313663,-81.72457
17049,"Blacklick, OH",39.99562,-82.81129
55683,"Fremont, OH",41.34734,-83.113495
40899,"Sidney, OH",40.28424,-84.155525
31704,"Garfield Heights, OH",41.416996,-81.60596
54377,"Shaker Heights, OH",41.47394,-81.53706
12867,"Mount Vernon, OH",40.393394,-82.48572
10776,"Chagrin Falls, OH",41.43659,-81.385506
16104,"Tiffin, OH",41.114487,-83.177956
31201,"Defiance, OH",41.320305,-84.508484
43407,"Maumee, OH",41.562828,-83.653824
32700,"Marietta, OH",39.416775,-81.45484
33291,"Oxford, OH",39.510303,-84.74205
10223,"Austintown, OH",41.099617,-80.763855
10249,"Barberton, OH",41.012833,-81.605125
16385,"Salem, OH",40.900894,-80.85675
53547,"New Philadelphia, OH",40.489788,-81.44567
22553,"Springboro, OH",39.55228,-84.23327
50815,"Avon, OH",41.451653,-82.03506
47131,"Piqua, OH",40.14477,-84.24245
26223,"Norwalk, OH",41.24242,-82.61558
27269,"Steubenville, OH",40.360073,-80.615105
7954,"Willoughby, OH",41.63977,-81.4065
44601,"Circleville, OH",39.600616,-82.946014
33861,"Sandusky, OH",41.295155,-83.15554
42221,"Hillsboro, OH",39.202286,-83.61159
13896,"Solon, OH",41.38978,-81.44122
56087,"Olmsted Falls, OH",41.37505,-81.908195
19190,"Maple Heights, OH",41.41544,-81.56556
42786,"Riverside, OH",39.779396,-84.12463
52056,"Forest Park, OH",39.290337,-84.50411
39491,"London, OH",39.886448,-83.44825
10694,"Canfield, OH",41.02506,-80.76091
52591,"Hudson, OH",41.240055,-81.44067
27476,"Trotwood, OH",39.79728,-84.31133
14933,"Avon Lake, OH",41.510033,-82.01859
8165,"Chardon, OH",41.582493,-81.20341
50719,"Amelia, OH",39.027454,-84.21933
22624,"Wilmington, OH",39.44534,-83.82854
27786,"Washington Court House, OH",39.53645,-83.43909
34049,"South Euclid, OH",41.52311,-81.518456
22155,"Harrison, OH",40.269432,-81.128914
24793,"Franklin, OH",39.55895,-84.30411
7510,"Twinsburg, OH",41.312553,-81.44011
10764,"Centerville, OH",39.62839,-84.15938
35368,"East Liverpool, OH",40.618675,-80.57729
16122,"Tipp City, OH",39.961327,-84.17006
16560,"Parma Heights, OH",41.391415,-81.75983
25898,"Millersburg, OH",40.55451,-81.91792
54194,"Rocky River, OH",41.4756,-81.8393
46320,"Louisville, OH",40.837532,-81.259575
19628,"Niles, OH",41.180836,-80.76538
5846,"Mayfield Heights, OH",41.51922,-81.45789
28935,"Madison, OH",39.88682,-83.39372
14842,"Celina, OH",40.548935,-84.57024
34823,"Whitehall, OH",39.966732,-82.88545
37590,"Broadview Heights, OH",41.313942,-81.68513
13043,"Northfield, OH",41.345055,-81.52845
30723,"Canal Winchester, OH",39.842823,-82.80565
55028,"Wapakoneta, OH",40.567825,-84.19356
53743,"Oregon, OH",41.64366,-83.48688
39963,"New Albany, OH",40.081173,-82.808784
31993,"Heath, OH",40.022842,-82.444595
19698,"Norwood, OH",39.155617,-84.45966
38588,"Fostoria, OH",41.15743,-83.41411
55314,"Copley, OH",41.098946,-81.64457
17184,"Brookpark, OH",41.419792,-81.82382
10363,"Berea, OH",41.36616,-81.8543
20745,"Tallmadge, OH",41.101463,-81.441795
23228,"Dover, OH",40.52134,-81.474144
39485,"Logan, OH",40.44305,-83.74145
31061,"Coshocton, OH",40.29057,-81.92715
6586,"Portsmouth, OH",38.73454,-82.99628
51827,"Eastlake, OH",41.649033,-81.4379
3877,"Bucyrus, OH",40.80839,-82.975464
43493,"Streetsboro, OH",41.239223,-81.34594
8640,"Fairview Park, OH",41.446175,-81.85265
16847,"Aurora, OH",41.317554,-81.34538
55335,"Cortland, OH",41.33014,-80.72524
45782,"Holland, OH",41.62172,-83.7116
55961,"Jackson, OH",39.013187,-82.6089
56843,"Saint Clairsville, OH",40.080627,-80.90009
45387,"Galion, OH",40.733795,-82.78965
55262,"Worthington, OH",40.093094,-83.01796
15156,"Eaton, OH",39.74394,-84.63649
4962,"Granville, OH",40.06812,-82.51961
4119,"Clayton, OH",39.86311,-84.360504
29540,"Trenton, OH",39.480892,-84.457726
19346,"Middleburg Heights, OH",41.36144,-81.81291
55713,"Galena, OH",40.21506,-82.8799
25993,"Morrow, OH",40.457436,-82.77717
56234,"New Carlisle, OH",39.93617,-84.02549
43450,"Plain City, OH",40.107883,-83.26697
49904,"Van Wert, OH",40.801464,-84.60099
21971,"Hubbard, OH",41.156425,-80.568886
19349,"Middlefield, OH",41.463818,-81.07352
9706,"Bryan, OH",41.474773,-84.55245
45441,"Girard, OH",41.154037,-80.70094
24182,"Concord, OH",39.02201,-84.08021
36612,"Amherst, OH",41.397823,-82.222374
11209,"East Cleveland, OH",41.533108,-81.57901
37554,"Brecksville, OH",41.319775,-81.62679
34857,"Willowick, OH",41.633102,-81.46873
7677,"Vermilion, OH",41.42199,-82.36461
8823,"Lyndhurst, OH",41.520054,-81.48873
50571,"Vandalia, OH",39.890614,-84.19883
21984,"Grafton, OH",41.272552,-82.05459
27508,"University Heights, OH",41.49783,-81.537346
3663,"Bexley, OH",39.96924,-82.93687
16231,"Uniontown, OH",40.97303,-81.40463
37327,"Beachwood, OH",41.464497,-81.508736
48336,"Warrensville Heights, OH",41.43535,-81.514824
6349,"Orrville, OH",40.843666,-81.76402
16008,"Swanton, OH",41.590683,-83.89318
34686,"Waverly, OH",39.126736,-82.98546
18233,"Gallipolis, OH",38.809803,-82.20237
55060,"Wauseon, OH",41.54607,-84.13621
54389,"Shelby, OH",40.34916,-84.1593
44208,"Blue Ash, OH",39.232006,-84.37828
39226,"Kenton, OH",40.647816,-83.60899
50898,"Bay Village, OH",41.484997,-81.920845
47909,"Sunbury, OH",40.24256,-82.85907
20448,"Sharonville, OH",39.268116,-84.41328
12137,"Johnstown, OH",40.153675,-82.68517
50933,"Bedford, OH",41.39311,-81.53651
15089,"Bellevue, OH",41.273617,-82.840904
37998,"Conneaut, OH",41.9441,-80.5561
52194,"Geneva, OH",41.805252,-80.947624
3808,"Bridgetown, OH",39.16137,-84.63515
22821,"Waynesville, OH",39.52978,-84.0866
7932,"Wickliffe, OH",41.605328,-81.453445
3653,"Bethel, OH",38.963676,-84.080765
5718,"Lucasville, OH",38.87904,-82.99657
7832,"West Carrollton, OH",39.67228,-84.25217
12901,"Napoleon, OH",41.392273,-84.12522
20310,"Saint Marys, OH",40.54227,-84.3894
17277,"Canal Fulton, OH",40.88978,-81.597626
32905,"Mogadore, OH",41.050774,-81.39394
16551,"Montgomery, OH",39.68373,-84.285484
25609,"Lisbon, OH",40.772003,-80.768135
6254,"Norton, OH",41.02922,-81.638176
44644,"Cleves, OH",39.1623,-84.749176
51911,"Englewood, OH",39.877556,-84.30217
13779,"Seven Hills, OH",41.39533,-81.67624
40983,"South Point, OH",38.41786,-82.58627
36768,"Chesterland, OH",41.522182,-81.33792
8563,"Goshen, OH",39.2319,-84.16015
46937,"Ottawa, OH",41.542137,-83.21334
21623,"Brooklyn, OH",41.439754,-81.740555
55165,"Wheelersburg, OH",38.739105,-82.84595
5746,"Macedonia, OH",41.313667,-81.50845
4344,"Delphos, OH",40.843746,-84.33977
42658,"Navarre, OH",40.72486,-81.52184
50934,"Bedford Heights, OH",41.414383,-81.50611
6015,"Monroe, OH",39.71575,-81.10788
42113,"Belpre, OH",39.277264,-81.57579
36794,"Columbiana, OH",40.7787,-80.76486
40562,"Richmond Heights, OH",41.55283,-81.510124
33092,"New Richmond, OH",38.948677,-84.27994
20114,"Reading, OH",39.22367,-84.44216
10192,"Ashville, OH",39.71562,-82.95296
18234,"Galloway, OH",39.91392,-83.16333
10438,"Blanchester, OH",39.293118,-83.98882
4993,"Greenville, OH",40.10239,-84.6333
40886,"Shiloh, OH",39.812473,-84.22482
40886,"Shiloh, OH",39.812473,-84.22482
199551,"Blacklick Estates, OH",39.905174,-82.86635
50386,"Clyde, OH",41.304047,-82.97507
7291,"Struthers, OH",41.054356,-80.591774
39567,"Madeira, OH",39.19089,-84.36355
54690,"Thornville, OH",39.896454,-82.42015
26587,"Port Clinton, OH",41.511997,-82.93769
45348,"Fredericktown, OH",40.48117,-82.54072
52647,"Ironton, OH",38.536747,-82.68294
55211,"Willoughby Hills, OH",41.59838,-81.41845
14164,"Toronto, OH",40.465416,-80.60094
31968,"Hartville, OH",40.96367,-81.33122
22944,"Sugarcreek, OH",40.50312,-81.64096
22944,"Sugarcreek, OH",40.50312,-81.64096
17320,"Carrollton, OH",40.57284,-81.085655
36194,"Springdale, OH",39.287003,-84.48522
201790,"Lincoln Village, OH",39.952034,-83.12981
6196,"Newton Falls, OH",41.18839,-80.97815
10334,"Bellefontaine, OH",40.361164,-83.75966
49201,"Huron, OH",41.13053,-82.59183
45416,"Georgetown, OH",38.864513,-83.90409
6278,"Oakwood, OH",41.365334,-81.5079
6278,"Oakwood, OH",41.365334,-81.5079
6278,"Oakwood, OH",41.365334,-81.5079
31733,"Germantown, OH",39.626167,-84.369385
36522,"Uhrichsville, OH",40.39082,-81.34518
46561,"Minerva, OH",40.729782,-81.10538
50587,"Waterville, OH",41.500885,-83.71827
34844,"Willard, OH",41.053112,-82.726295
44908,"Dent, OH",39.18697,-84.66014
806021,"Sugarcreek, OH",40.50312,-81.64096
806021,"Sugarcreek, OH",40.50312,-81.64096
43912,"Apple Creek, OH",40.751724,-81.8393
35312,"Bellville, OH",40.62018,-82.511246
18740,"Jefferson, OH",40.379295,-80.78476
19498,"Mount Orab, OH",39.027565,-83.919655
6069,"Mount Gilead, OH",40.549225,-82.8274
33049,"Nelsonville, OH",39.45868,-82.23182
24839,"Garrettsville, OH",41.28422,-81.09649
32032,"Highland Heights, OH",41.551994,-81.478455
32724,"Martins Ferry, OH",40.095905,-80.724525
53652,"Oak Harbor, OH",41.51277,-83.146576
16032,"Wyoming, OH",39.23117,-84.465775
30340,"Baltimore, OH",39.84534,-82.600716
53536,"New Lexington, OH",39.71399,-82.20783
38793,"Greenfield, OH",39.35201,-83.38269
31876,"Groesbeck, OH",39.22949,-84.597565
27887,"West Union, OH",38.79532,-83.54612
36254,"Williamsburg, OH",39.05423,-84.052986
27834,"Wellston, OH",39.123405,-82.532936
37050,"Ada, OH",38.839893,-83.50517
3937,"Cambridge, OH",40.03118,-81.588455
37853,"Chesapeake, OH",38.428055,-82.457245
32047,"Hinckley, OH",41.237938,-81.7457
31262,"Doylestown, OH",40.970055,-81.69652
35128,"Atwater, OH",41.02395,-81.16343
28241,"Cheviot, OH",39.157,-84.61328
4345,"Delta, OH",41.572575,-84.00591
15087,"Bellaire, OH",40.016186,-80.7423
10761,"Centerburg, OH",40.30451,-82.69628
11674,"Grandview Heights, OH",39.979786,-83.04074
203879,"The Village of Indian Hill, OH",39.18921,-84.33813
18060,"Fairlawn, OH",41.132664,-81.626205
33106,"Newcomerstown, OH",40.272293,-81.60596
42785,"Rittman, OH",40.972366,-81.78117
32141,"Independence, OH",41.381657,-81.640686
37708,"Camden, OH",39.62894,-84.64856
5404,"Kenwood, OH",39.208515,-84.37299
13045,"Northwood, OH",41.607273,-83.46882
46595,"Montpelier, OH",41.584496,-84.60551
39140,"Jamestown, OH",39.658115,-83.734924
7740,"Wakeman, OH",41.25459,-82.39966
39318,"Lagrange, OH",41.23734,-82.119804
200393,"Dry Run, OH",39.105083,-84.33081
30243,"Arcanum, OH",39.99005,-84.55328
37722,"Campbell, OH",41.07614,-80.593254
8565,"Howard, OH",40.40882,-82.32683
14338,"Urbana, OH",40.10839,-83.752426
202108,"Mentor-on-the-Lake, OH",41.716377,-81.36299
35101,"Dalton, OH",40.79916,-81.69539
45051,"East Palestine, OH",40.83395,-80.540344
10970,"Covedale, OH",39.12745,-84.63951
19185,"Mantua, OH",41.283943,-81.22399
37158,"Archbold, OH",41.521133,-84.30655
33204,"Oak Hill, OH",38.893963,-82.573494
24479,"East Canton, OH",40.78728,-81.28261
43283,"West Jefferson, OH",39.944782,-83.26881
41852,"Cardington, OH",40.50049,-82.89423
37767,"Carroll, OH",40.525036,-81.09272
13008,"North Bend, OH",39.152557,-84.748
51569,"Covington, OH",40.11727,-84.353836
47060,"Pepper Pike, OH",41.478386,-81.46373
23368,"Burton, OH",41.471428,-81.1451
52350,"Groveport, OH",39.852245,-82.88686
51763,"Dundee, OH",40.586727,-81.60818
14522,"Wellsville, OH",40.609962,-80.64189
37467,"Bluffton, OH",40.893444,-83.891785
46608,"Moraine, OH",39.70617,-84.21938
44800,"Crestline, OH",40.787556,-82.736565
56466,"Mingo Junction, OH",40.321735,-80.609795
28292,"Barnesville, OH",39.988125,-81.1765
7042,"Sheffield Lake, OH",41.48754,-82.10154
37952,"Coldwater, OH",40.47977,-84.62829
53434,"Mount Healthy, OH",39.23367,-84.54578
20364,"Sardinia, OH",39.007843,-83.80854
42705,"Paulding, OH",41.16284,-84.590294
18193,"Fredericksburg, OH",40.676727,-81.870415
4800,"Frankfort, OH",39.40145,-83.18074
19538,"Nashport, OH",40.07062,-82.1757
39813,"Minster, OH",40.393105,-84.37606
47522,"Saint Paris, OH",40.12855,-83.959145
7854,"West Milton, OH",39.962555,-84.328
12559,"Marengo, OH",40.400894,-82.81073
202607,"Northgate, OH",39.25679,-84.58988
8844,"Orwell, OH",41.534164,-80.874146
6755,"Richwood, OH",40.42645,-83.29686
6081,"Mount Sterling, OH",39.719505,-83.26519
7265,"Stockport, OH",39.548405,-81.792915
33417,"Piketon, OH",39.068127,-83.01434
56507,"Whitehouse, OH",41.51894,-83.803825
39571,"Maineville, OH",39.315132,-84.22094
12216,"Kirtland, OH",41.628937,-81.361496
40308,"Perry, OH",39.637028,-82.20444
53541,"New London, OH",41.085052,-82.39989
52504,"Hicksville, OH",41.293106,-84.7619
44511,"Cedarville, OH",39.74423,-83.80854
51506,"Columbus Grove, OH",40.919712,-84.05683
25939,"Monclova, OH",41.558662,-83.732994
53527,"New Concord, OH",39.9935,-81.73386
49928,"Versailles, OH",40.22257,-84.484436
26574,"Pomeroy, OH",39.028053,-82.034225
4202,"Coolville, OH",39.221745,-81.797356
36416,"Shreve, OH",40.68145,-82.02181
43503,"Carey, OH",40.952557,-83.38242
34510,"Utica, OH",40.23423,-82.45127
20248,"Rossford, OH",41.60977,-83.56438
9519,"West Liberty, OH",40.252277,-83.75577
34378,"Union, OH",40.325592,-83.36768
46204,"Leetonia, OH",40.87728,-80.755356
22390,"McArthur, OH",39.24646,-82.47849
40096,"Northridge, OH",39.9937,-83.77251
57027,"Bradford, OH",40.13215,-84.43082
45708,"Hebron, OH",39.96173,-82.491264
8549,"Leesburg, OH",39.345062,-83.55298
29607,"West Portsmouth, OH",38.758408,-83.02907
13510,"Richfield, OH",41.239777,-81.638176
22345,"New Lebanon, OH",39.745335,-84.38495
8034,"Yellow Springs, OH",39.804543,-83.892525
43633,"Obetz, OH",39.878952,-82.95074
51133,"Bridgeport, OH",40.069794,-80.74008
396196,"Montrose-Ghent, OH",41.15259,-81.63696
19733,"Oberlin, OH",41.293938,-82.21738
32553,"Lodi, OH",41.033012,-82.01201
15766,"Lewisburg, OH",39.846165,-84.53967
46902,"Ontario, OH",40.75954,-82.590164
30521,"Bolivar, OH",40.650063,-81.452065
18192,"Frazeysburg, OH",40.11729,-82.11931
19273,"McConnelsville, OH",39.64868,-81.85319
50126,"West Alexandria, OH",39.7445,-84.53217
203957,"Turpin Hills, OH",39.107853,-84.37231
396722,"Sandusky South, OH",41.415348,-82.688255
55010,"Walbridge, OH",41.57952,-83.49244
35771,"Lowellville, OH",41.035942,-80.536224
56690,"Shadyside, OH",39.97091,-80.75064
17734,"Deer Park, OH",39.205338,-84.39466
56763,"Roseville, OH",39.803997,-82.0723
28946,"Munroe Falls, OH",41.139095,-81.44002
17815,"Dresden, OH",40.121456,-82.01069
10237,"Bainbridge, OH",39.227566,-83.27047
31868,"Greenwich, OH",41.030056,-82.515724
22945,"Fresno, OH",40.33257,-81.741516
15212,"Genoa, OH",41.518105,-83.35909
16702,"Albany, OH",39.227573,-82.20237
56769,"Silverton, OH",39.192837,-84.4005
49027,"Kingston, OH",39.473953,-82.910736
14349,"Valley City, OH",41.237633,-81.92876
18241,"Gambier, OH",40.375645,-82.3971
203786,"Summerside, OH",39.12082,-84.28764
13913,"South Charleston, OH",39.825336,-83.63437
55227,"Winchester, OH",38.941734,-83.65076
17633,"Crooksville, OH",39.76896,-82.09209
9119,"Poland, OH",41.024227,-80.61479
40673,"Sabina, OH",39.488674,-83.63686
36527,"West Lafayette, OH",40.27535,-81.75096
199222,"Amberley, OH",39.20478,-84.42799
46383,"Malvern, OH",40.691727,-81.18121
36151,"Millbury, OH",41.56596,-83.424866
26171,"North Baltimore, OH",41.18283,-83.67827
46938,"Ottawa Hills, OH",41.664215,-83.64327
11497,"Fort Recovery, OH",40.412823,-84.77635
46832,"Novelty, OH",41.493507,-81.34073
396743,"Champion Heights, OH",41.291534,-80.84796
44801,"Creston, OH",40.987,-81.89375
10328,"Bellbrook, OH",39.63584,-84.070175
53254,"Medway, OH",39.882004,-84.00966
20598,"Spencerville, OH",40.70894,-84.35356
24859,"Gibsonburg, OH",41.3847,-83.31991
10139,"Anna, OH",40.39488,-84.172935
34034,"Somerset, OH",39.80723,-82.29927
49792,"Loudonville, OH",40.63562,-82.23347
40980,"South Lebanon, OH",39.371037,-84.21281
57344,"Beloit, OH",40.92312,-80.99383
10842,"Clarksville, OH",39.40145,-83.98132
30759,"Carlisle, OH",39.582,-84.32022
51214,"Byesville, OH",39.969795,-81.536514
22346,"New Paris, OH",39.856995,-84.79329
201385,"Huber Ridge, OH",40.089893,-82.91678
37142,"Andover, OH",41.60717,-80.57132
6475,"Perrysville, OH",40.65756,-82.311554
18385,"Greenhills, OH",39.268112,-84.523
32971,"Mount Carmel, OH",39.100834,-84.29671
50197,"Racine, OH",38.97119,-81.91431
30205,"Amanda, OH",39.64951,-82.74434
42908,"Minford, OH",38.86041,-82.85872
39701,"Mc Donald, OH",40.55838,-83.38772
16599,"Rayland, OH",40.18257,-80.69119
33964,"Sheffield, OH",41.421154,-82.09626
13660,"Saint Henry, OH",40.41727,-84.63746
12612,"Masury, OH",41.211624,-80.53553
27993,"Wintersville, OH",40.375416,-80.704025
48572,"Woodsfield, OH",39.762573,-81.11539
26901,"Saint Bernard, OH",39.167,-84.49856
33731,"Rootstown, OH",41.09908,-81.24249
26131,"Newbury, OH",41.463387,-81.24427
15678,"New Middletown, OH",40.96117,-80.55757
36287,"Windham, OH",41.235058,-81.04926
200788,"Fort McKinley, OH",39.801117,-84.249146
30852,"Cherry Grove, OH",39.080894,-84.32187
9683,"Lakeview, OH",40.48477,-83.923
24760,"Fort Jennings, OH",40.90644,-84.296616
29628,"Upper Sandusky, OH",40.82728,-83.28131
27294,"Strasburg, OH",40.594784,-81.52679
24794,"Franklin Furnace, OH",38.60683,-82.847206
40193,"Ostrander, OH",40.26617,-83.21269
4348,"Dennison, OH",40.3934,-81.333725
56423,"Plymouth, OH",40.995285,-82.66543
53851,"Pemberville, OH",41.410885,-83.46104
38904,"Harrod, OH",40.707806,-83.92106
44737,"Continental, OH",41.100327,-84.266335
25825,"McDermott, OH",38.834797,-83.0649
43497,"Sebring, OH",40.922836,-81.01898
29480,"Sherwood, OH",39.084404,-84.36051
29480,"Sherwood, OH",39.084404,-84.36051
45081,"Edgerton, OH",41.44872,-84.74804
25722,"Manchester, OH",38.68813,-83.60936
3626,"Belmont, OH",40.005775,-81.00975
8533,"Enon, OH",39.878117,-83.936874
35632,"Fayetteville, OH",39.18673,-83.93215
3608,"Belle Center, OH",40.506718,-83.747986
6144,"New Bremen, OH",40.436993,-84.37967
48835,"Brookville, OH",39.83672,-84.41134
5978,"Mineral City, OH",40.601173,-81.36122
26281,"Okeana, OH",39.34783,-84.76745
35789,"Orange, OH",41.449776,-81.480675
25580,"Liberty Center, OH",41.443386,-84.008835
24294,"Curtice, OH",41.61838,-83.36771
8003,"Woodlawn, OH",39.25191,-84.47014
37336,"Beaver, OH",39.030663,-82.824715
11672,"Grand Rapids, OH",41.411995,-83.86439
51606,"Crown City, OH",38.591274,-82.283
7184,"Southington, OH",41.308464,-80.955795
11235,"East Sparta, OH",40.667282,-81.354836
202663,"Oakwood, OH",41.365334,-81.5079
202663,"Oakwood, OH",41.365334,-81.5079
202663,"Oakwood, OH",41.365334,-81.5079
37258,"Baltic, OH",40.440067,-81.69901
202792,"Park Layne, OH",39.889137,-84.04122
32867,"Millersport, OH",39.900063,-82.53405
26119,"New Vienna, OH",39.323673,-83.69103
21964,"Golf Manor, OH",39.187283,-84.44633
22172,"Monroeville, OH",41.24422,-82.69629
6453,"Pedro, OH",38.630356,-82.66739
56433,"Lockland, OH",39.229225,-84.45772
5046,"Hamersville, OH",38.92088,-83.98756
40944,"Smithville, OH",40.862278,-81.8618
55255,"Woodville, OH",41.45144,-83.36576
3821,"Bristolville, OH",41.387466,-80.86927
36116,"Litchfield, OH",41.16783,-82.02292
41876,"Castalia, OH",41.40005,-82.80852
54792,"Union City, OH",40.20093,-84.79855
32946,"Moreland Hills, OH",41.44783,-81.42761
202949,"Pleasant Run Farm, OH",39.303112,-84.548004
27008,"Seaman, OH",38.942013,-83.57242
396625,"White Oak East, OH",39.008724,-83.81873
26725,"Reminderville, OH",41.345886,-81.39511
53206,"Mayfield Village, OH",41.559544,-81.443924
9527,"West Unity, OH",41.586163,-84.43495
4371,"Dillonvale, OH",39.216393,-84.40081
4371,"Dillonvale, OH",39.216393,-84.40081
5699,"Lordstown, OH",41.165974,-80.85743
20083,"Quaker City, OH",39.97007,-81.29928
36035,"Ripley, OH",38.74563,-83.844925
56410,"Milan, OH",41.29755,-82.60545
16782,"Antwerp, OH",41.18144,-84.74052
40721,"Salineville, OH",40.622562,-80.83786
41093,"Stoutsville, OH",39.604786,-82.82906
18840,"Kinsman, OH",41.477077,-81.62963
39010,"Hiram, OH",41.312553,-81.14371
17722,"De Graff, OH",40.311996,-83.91577
11492,"Fort Loramie, OH",40.3512,-84.374054
396078,"Mack North, OH",40.03037,-82.963646
52972,"Lincoln Heights, OH",39.238945,-84.4555
201662,"Lake Darby, OH",39.963673,-83.22711
11419,"Felicity, OH",38.83896,-84.09632
51035,"Bloomingdale, OH",40.342846,-80.81814
23345,"West Farmington, OH",41.3905,-80.97362
33545,"Prospect, OH",40.450336,-83.18852
4667,"Fairport Harbor, OH",41.751915,-81.27235
43292,"South Vienna, OH",39.927006,-83.61243
43597,"Ashley, OH",40.40895,-82.95546
31019,"Convoy, OH",40.916714,-84.702736
7292,"Stryker, OH",41.503662,-84.414116
27207,"Spencer, OH",41.100334,-82.12321
9641,"Spring Valley, OH",39.608948,-84.00771
12509,"Magnolia, OH",40.653454,-81.29123
54182,"Rock Creek, OH",41.66043,-80.861275
49266,"Fayette, OH",39.58399,-83.44011
51037,"Bloomville, OH",41.052002,-83.014915
48969,"Berlin Center, OH",41.0245,-80.947586
28334,"Beach City, OH",40.653114,-81.580956
38327,"Edison, OH",40.55756,-82.862404
15590,"Malta, OH",39.64924,-81.86208
5346,"Jeromesville, OH",40.804214,-82.19569
36723,"Sullivan, OH",41.02811,-82.22211
37410,"Beverly, OH",39.54802,-81.63937
49124,"Elmore, OH",41.476162,-83.29576
27809,"Waynesburg, OH",40.66782,-81.25743
25520,"Laura, OH",39.994774,-84.408005
30580,"Bremen, OH",39.701733,-82.42682
56376,"North Lima, OH",40.948215,-80.65849
395907,"Shiloh, OH",39.812473,-84.22482
395907,"Shiloh, OH",39.812473,-84.22482
46520,"Middleport, OH",39.001743,-82.04875
4357,"Deshler, OH",41.20755,-83.89911
25575,"Lexington, OH",40.67872,-82.58277
200793,"Fort Shawnee, OH",40.686718,-84.137726
396651,"Dillonvale, OH",39.216393,-84.40081
396651,"Dillonvale, OH",39.216393,-84.40081
31371,"Edon, OH",41.556366,-84.76904
56117,"Oregonia, OH",39.450893,-84.09605
9548,"Weston, OH",41.34491,-83.79627
30692,"Caledonia, OH",40.636448,-82.96908
32772,"McComb, OH",41.10755,-83.79272
3911,"Butler, OH",39.423306,-84.59369
41649,"West Mansfield, OH",40.402,-83.545204
32886,"Mineral Ridge, OH",41.14003,-80.769035
54554,"Sterling, OH",40.967556,-81.84847
39241,"Killbuck, OH",40.495064,-81.98459
45199,"Evendale, OH",39.25617,-84.418
10069,"Alexandria, OH",40.08895,-82.61239
10372,"Berlin Heights, OH",41.32533,-82.493225
56374,"North Jackson, OH",41.10013,-80.85718
35074,"Arlington, OH",40.893665,-83.65021
3894,"Burbank, OH",40.988667,-81.994865
19603,"New Waterford, OH",40.845062,-80.61452
47515,"Saint Louisville, OH",40.172844,-82.41877
20046,"Powhatan Point, OH",39.860077,-80.81537
11066,"Deerfield, OH",41.024685,-81.050316
26734,"Republic, OH",41.121998,-83.01575
11939,"Holgate, OH",41.248936,-84.133
5820,"Marshallville, OH",40.90228,-81.73402
13849,"Silver Lake, OH",41.159145,-81.454315
56375,"North Lawrence, OH",40.841858,-81.62911
33711,"Rockford, OH",40.692646,-84.64629
203269,"Rosemount, OH",38.784126,-82.98209
24678,"Farmersville, OH",39.6795,-84.429115
395978,"White Oak West, OH",40.626205,-80.591934
33351,"Patriot, OH",38.774525,-82.383766
26147,"Newtown, OH",39.124504,-84.3616
7402,"The Plains, OH",39.367912,-82.12994
56274,"Rockbridge, OH",39.57979,-82.5221
44930,"Diamond, OH",41.098946,-81.02287
22771,"Thompson, OH",39.562565,-81.3945
44396,"Cable, OH",40.170334,-83.62826
26594,"Port Washington, OH",40.328125,-81.520676
6445,"Payne, OH",41.07911,-84.72576
30564,"Bradner, OH",41.32422,-83.43854
18783,"Junction City, OH",39.72118,-82.29876
5242,"Huntsburg, OH",41.534775,-81.051765
4922,"Gnadenhutten, OH",40.358402,-81.43428
202664,"Oakwood, OH",41.365334,-81.5079
202664,"Oakwood, OH",41.365334,-81.5079
202664,"Oakwood, OH",41.365334,-81.5079
39259,"Kingsville, OH",41.890774,-80.67662
22695,"Sycamore, OH",40.94978,-83.17075
6292,"Ohio City, OH",41.485302,-81.709946
6166,"New Madison, OH",39.967827,-84.70912
48391,"Wellington, OH",41.168587,-82.21757
19982,"Pleasant City, OH",39.903683,-81.5454
35774,"Lucas, OH",41.650845,-83.62132
29891,"Negley, OH",40.790062,-80.538956
53595,"North Bloomfield, OH",41.462826,-80.86833
8947,"Nevada, OH",40.819225,-83.13047
56020,"Jeffersonville, OH",39.65367,-83.56381
47887,"Sugar Grove, OH",39.626453,-82.54849
20166,"Richmond, OH",40.4334,-80.77175
42204,"Kitts Hill, OH",38.56147,-82.577385
9342,"Senecaville, OH",39.93431,-81.46244
12017,"Huntsville, OH",40.443386,-83.80493
50795,"Attica, OH",41.064777,-82.88769
10145,"Ansonia, OH",40.214493,-84.6369
36631,"Holmesville, OH",40.629505,-81.92431
31712,"Gates Mills, OH",41.51778,-81.403786
200590,"Elmwood Place, OH",39.187283,-84.488
49593,"New Miami, OH",39.43478,-84.53689
53909,"Pioneer, OH",41.680054,-84.55302
3762,"Botkins, OH",40.467827,-84.180504
22344,"New Knoxville, OH",40.49366,-84.314674
13899,"Somerville, OH",39.56311,-84.638565
52564,"Homeworth, OH",40.835335,-81.065926
48323,"Walton Hills, OH",41.36561,-81.56123
9639,"South Webster, OH",38.813408,-82.72683
5044,"Hamden, OH",39.159794,-82.526825
11384,"Fairfax, OH",39.14537,-84.39318
31768,"Glenford, OH",39.888123,-82.31709
15542,"Mount Perry, OH",39.878677,-82.21987
54342,"Scio, OH",40.395897,-81.08482
41512,"Vincent, OH",39.37535,-81.66957
56441,"Millfield, OH",39.43285,-82.09681
33473,"Polk, OH",40.9445,-82.21544
11706,"Green Springs, OH",41.256165,-83.05158
42103,"Alger, OH",40.70616,-83.84383
53554,"New Straitsville, OH",39.577847,-82.23765
41595,"Waynesfield, OH",40.6006,-83.975395
10034,"Aberdeen, OH",38.65563,-83.76103
43587,"Mount Victory, OH",40.5345,-83.520485
12965,"New Springfield, OH",40.91722,-80.60587
56098,"Lower Salem, OH",39.561184,-81.39651
38883,"Hanoverton, OH",40.75117,-80.937035
18613,"Homerville, OH",41.027557,-82.127205
32188,"Jacobsburg, OH",39.965073,-80.90426
15821,"Nova, OH",41.028942,-82.3046
27653,"Valley View, OH",41.387833,-81.60457
29164,"Pleasantville, OH",39.809788,-82.5221
39882,"Moscow, OH",38.85701,-84.2291
21044,"Van Buren, OH",41.138687,-83.649475
15427,"Flushing, OH",40.149513,-81.06621
19374,"Milford Center, OH",40.17867,-83.43548
17385,"Chandlersville, OH",39.898403,-81.827354
29100,"Philo, OH",39.86118,-81.9068
18299,"Glendale, OH",39.270615,-84.45939
47492,"Rutland, OH",39.045357,-82.130424
22856,"Russia, OH",40.23382,-84.409676
26099,"New Holland, OH",39.552776,-83.25652
19936,"Pierpont, OH",41.751713,-80.57048
8991,"Mc Clure, OH",41.107883,-80.61292
38613,"Freeport, OH",40.210625,-81.26622
5700,"Lore City, OH",39.984795,-81.45845
19314,"Mendon, OH",40.67338,-84.518845
10455,"Blue Creek, OH",38.77771,-83.33055
26189,"North Lewisburg, OH",40.223114,-83.55743
46336,"Luckey, OH",41.450607,-83.48743
49310,"Guysville, OH",39.290073,-81.92347
44764,"Corwin, OH",39.52506,-84.07827
49425,"Lowell, OH",39.529797,-81.50623
24089,"Clarksburg, OH",39.50534,-83.153244
32321,"Kipton, OH",41.26811,-82.30211
8401,"East Rochester, OH",40.74617,-81.035095
33315,"Pandora, OH",40.94811,-83.96105
46280,"Lockbourne, OH",39.80923,-82.972404
55304,"Big Prairie, OH",40.667282,-82.09515
6816,"Rogers, OH",40.79145,-80.62618
26129,"Newburgh Heights, OH",41.45025,-81.66264
6672,"Radnor, OH",40.384315,-83.15065
10882,"Coal Grove, OH",38.503414,-82.6471
16152,"Wayne, OH",40.861584,-81.903465
12129,"Jewett, OH",40.367844,-81.00537
28438,"Kensington, OH",40.735336,-80.956474
48808,"Bailey Lakes, OH",40.94589,-82.35961
37228,"Austinburg, OH",41.772007,-80.8547
55698,"Kimbolton, OH",40.152847,-81.57207
6227,"North Kingsville, OH",41.905888,-80.69036
37130,"Amesville, OH",39.400524,-81.955795
34848,"Williamsport, OH",39.585896,-83.12047
17656,"Cumberland, OH",39.852016,-81.65763
31534,"Farmdale, OH",41.437,-80.60813
54397,"Sherrodsville, OH",40.494785,-81.24288
202525,"Newport, OH",39.390907,-81.22678
8848,"Otway, OH",38.866463,-83.1874
14787,"Amsterdam, OH",40.473675,-80.92287
44141,"Berkey, OH",41.715607,-83.839386
28953,"Ray, OH",39.203682,-82.6835
8968,"New Washington, OH",40.96228,-82.85435
16511,"New Riegel, OH",41.051445,-83.318535
35851,"Raymond, OH",40.33478,-83.46576
17064,"Bloomdale, OH",41.17261,-83.55431
37459,"Bloomingburg, OH",39.60506,-83.39547
6689,"Rawson, OH",40.956352,-83.78495
203493,"Sherwood, OH",39.084404,-84.36051
203493,"Sherwood, OH",39.084404,-84.36051
25883,"Midland, OH",39.30617,-83.91104
54284,"Salesville, OH",39.973404,-81.336784
26660,"Quincy, OH",40.299217,-83.96883
50615,"Clarington, OH",39.765633,-80.87121
53094,"Lyons, OH",41.699497,-84.07022
22483,"Little Hocking, OH",39.26063,-81.69985
51387,"Chesterhill, OH",39.488407,-81.865974
4416,"Drexel, OH",39.74645,-84.28661
52953,"Lewistown, OH",40.42227,-83.88466
20129,"Reedsville, OH",39.121468,-81.747635
25572,"Lewisville, OH",39.765472,-81.21853
46705,"New Boston, OH",38.7523,-82.93684
14452,"Walhonding, OH",40.359512,-82.14681
200986,"Gloria Glens Park, OH",41.058388,-81.89792
37611,"Brooklyn Heights, OH",41.421364,-81.677475
5686,"Long Bottom, OH",39.08619,-81.80374
21072,"Vickery, OH",41.38426,-82.933304
14717,"Woodstock, OH",40.173946,-83.52743
31970,"Harveysburg, OH",39.503674,-84.01049
38717,"Glenmont, OH",40.520065,-82.097374
13782,"Seville, OH",41.01008,-81.86222
22979,"Green Camp, OH",40.532,-83.21047
13907,"South Bloomingville, OH",39.41868,-82.59933
32527,"Lithopolis, OH",39.80284,-82.80628
56905,"Tippecanoe, OH",40.270348,-81.28741
44108,"Belle Valley, OH",39.790627,-81.55624
11612,"Glandorf, OH",41.028996,-84.07912
25488,"Lakeville, OH",40.65617,-82.1271
16344,"Paris, OH",40.797646,-81.16499
25286,"Jackson Center, OH",40.439495,-84.04022
25969,"Montville, OH",41.607277,-81.05038
38177,"Dellroy, OH",40.55451,-81.19955
37862,"Chickasaw, OH",40.436924,-84.493355
35140,"Bratenahl, OH",41.55337,-81.604385
16176,"Russells Point, OH",40.47116,-83.892715
42441,"Dorset, OH",41.680332,-80.66728
36018,"Ney, OH",41.38116,-84.52273
6171,"New Plymouth, OH",39.384792,-82.39626
202210,"Minerva Park, OH",40.076454,-82.943794
39539,"Ludlow Falls, OH",39.998108,-84.33884
35041,"Arcadia, OH",41.108387,-83.51688
22618,"Williamsfield, OH",41.533184,-80.570206
395927,"Windsor, OH",41.535053,-80.93426
5118,"Helena, OH",41.341164,-83.29159
55829,"Houston, OH",40.254494,-84.33689
39983,"New Marshfield, OH",39.32448,-82.21892
25769,"Martin, OH",41.55755,-83.33659
40369,"Pleasant Hill, OH",40.05172,-84.34439
3923,"Cadiz, OH",40.272846,-80.996765
32726,"Martinsville, OH",39.32395,-83.814926
42032,"Clinton, OH",39.425987,-83.84458
24720,"Fletcher, OH",40.144775,-84.11244
10020,"Caldwell, OH",39.747852,-81.51651
52141,"Fulton, OH",41.60458,-84.114105
56372,"North Fairfield, OH",41.10423,-82.61159
6870,"Russellville, OH",38.86646,-83.786865
7392,"Terrace Park, OH",39.159225,-84.30716
48796,"Christiansburg, OH",40.055336,-84.02605
396729,"Fairview Lanes, OH",41.426716,-82.65434
29531,"Rudolph, OH",41.29783,-83.66994
19194,"Maplewood, OH",40.37616,-84.02577
30429,"Bentleyville, OH",41.41311,-81.41095
17525,"Collins, OH",41.25862,-82.49144
20278,"Rushsylvania, OH",40.46144,-83.66993
50646,"Adamsville, OH",40.069794,-81.882355
201399,"Hunter, OH",39.495243,-84.293304
30599,"Brilliant, OH",40.271187,-80.62953
46514,"Metamora, OH",41.711823,-83.91025
4003,"Casstown, OH",40.052,-84.12966
40985,"South Salem, OH",39.336174,-83.30658
16596,"Jerusalem, OH",39.85217,-81.09475
20582,"South Solon, OH",39.73784,-83.61326
31282,"Dunkirk, OH",40.78922,-83.643265
3587,"Beaverdam, OH",40.832993,-83.97428
15262,"Hopewell, OH",40.222572,-80.7098
32460,"Leavittsburg, OH",41.244278,-80.87802
29294,"Stewart, OH",39.30813,-81.894585
29307,"Willshire, OH",40.748657,-84.79108
17675,"Cygnet, OH",41.24005,-83.643265
17945,"Elida, OH",40.788662,-84.20384
23867,"Buckeye Lake, OH",39.93347,-82.48257
52605,"Hunting Valley, OH",41.48922,-81.40178
199715,"Brookfield Center, OH",41.240612,-80.55785
12857,"Mount Blanchard, OH",40.89824,-83.55669
52446,"Haviland, OH",41.018936,-84.58079
38862,"Hammondsville, OH",40.557564,-80.70702
25419,"Kirtland Hills, OH",41.623936,-81.30705
10658,"Cairo, OH",40.904427,-81.360275
56323,"Risingsun, OH",41.269497,-83.42493
32954,"Morristown, OH",40.063126,-81.074265
24776,"Fowler, OH",41.31119,-80.65562
39190,"Kansas, OH",41.245052,-83.284645
52645,"Irondale, OH",40.57173,-80.72646
399207,"East Liberty, OH",40.32673,-82.8174
46617,"Morral, OH",40.687836,-83.21242
32973,"Mount Cory, OH",40.936718,-83.82244
7428,"Tiltonsville, OH",40.166737,-80.6998
40407,"Portage, OH",41.149677,-81.2082
16436,"Waldo, OH",40.45837,-83.076546
13936,"South Zanesville, OH",39.90198,-82.018875
50185,"Zanesfield, OH",40.338387,-83.677155
25503,"Langsville, OH",39.04702,-82.18153
55005,"Waite Hill, OH",41.61866,-81.384
30499,"Blue Rock, OH",39.800068,-81.891525
44154,"Bettsville, OH",41.24644,-83.235756
202158,"Midway, OH",39.733395,-83.4777
23871,"Buckland, OH",40.622826,-84.25995
20557,"South Bloomfield, OH",39.718395,-82.98685
5338,"Jenera, OH",40.899776,-83.726875
45631,"Hamler, OH",41.229218,-84.03411
23473,"Alvordton, OH",41.663593,-84.43403
52351,"Grover Hill, OH",41.019215,-84.476616
22472,"North Randall, OH",41.434425,-81.52549
34751,"West Manchester, OH",39.90255,-84.62634
14913,"Cheshire, OH",40.238674,-82.96324
200002,"Choctaw Lake, OH",39.960644,-83.48627
50713,"Alvada, OH",41.05033,-83.40187
49730,"Norwich, OH",39.985073,-81.79152
30027,"Ridgeway, OH",40.51421,-83.57327
199621,"Boston Heights, OH",41.26478,-81.51317
10172,"Arlington Heights, OH",39.215057,-84.4555
43393,"Marble Cliff, OH",39.986732,-83.06158
50042,"Tiro, OH",40.905613,-82.77268
40037,"North Benton, OH",40.985058,-81.012596
3642,"Bergholz, OH",40.51951,-80.88397
6231,"North Perry, OH",41.79961,-81.1259
5932,"Middle Point, OH",40.855606,-84.447174
36378,"Yorkshire, OH",40.32522,-84.49531
21163,"Warsaw, OH",40.335316,-82.00699
23276,"Harpster, OH",40.739223,-83.25381
23997,"Cecil, OH",41.218662,-84.60217
28387,"Camp Dennison, OH",39.198116,-84.288826
47404,"Roaming Shores, OH",41.637596,-80.82731
204140,"Waterford, OH",39.542294,-81.639854
21652,"Custar, OH",41.284775,-83.84438
5599,"Leipsic, OH",41.098385,-83.984665
6813,"Rocky Ridge, OH",41.533382,-83.212425
45463,"Glenwillow, OH",41.36172,-81.46956
38779,"Graytown, OH",41.542828,-83.26104
15205,"Eldorado, OH",39.901993,-84.67496
19294,"Mechanicstown, OH",40.61867,-80.9512
38077,"Cridersville, OH",40.654217,-84.15078
6239,"North Star, OH",40.324444,-84.57091
27961,"Willow Wood, OH",38.56119,-82.46793
55602,"College Corner, OH",39.56755,-84.8144
34177,"Summerfield, OH",39.7966,-81.33597
47573,"Sarahsville, OH",39.807293,-81.467896
42735,"Peninsula, OH",41.241165,-81.55262
8618,"Graysville, OH",39.663986,-81.17454
199267,"Aquilla, OH",41.54675,-81.17799
203408,"Sciotodale, OH",38.755077,-82.858345
39038,"Hopedale, OH",40.325344,-80.9012
37984,"Commercial Point, OH",39.768394,-83.05713
200907,"Geneva-on-the-Lake, OH",41.860695,-80.95033
24183,"Conesville, OH",40.18396,-81.89097
48224,"Venedocia, OH",40.786438,-84.4569
21271,"Wharton, OH",40.861443,-83.46159
38989,"Highland Hills, OH",41.448387,-81.51901
24192,"Conover, OH",40.135334,-84.046326
16277,"Riverlea, OH",40.082027,-83.025215
396633,"Vienna Center, OH",41.234444,-80.65433
28328,"Addyston, OH",39.136726,-84.709114
25822,"McCutchenville, OH",40.98851,-83.25625
52790,"Kirkersville, OH",39.959507,-82.59572
6496,"Piedmont, OH",40.1884,-81.196495
17670,"Cuyahoga Heights, OH",41.4271,-81.64145
20804,"Timberlake, OH",41.665894,-81.442825
50182,"Lindsey, OH",41.41894,-83.22131
12703,"Middle Bass, OH",41.682663,-82.81237
203044,"Put in Bay, OH",41.65189,-82.81868
202864,"Petersburg, OH",40.912888,-80.52957
20432,"Shade, OH",39.22591,-82.038475
33059,"New Bloomington, OH",40.58339,-83.31659
6141,"New Bavaria, OH",41.20385,-84.16791
16331,"Irwin, OH",40.12256,-83.489365
34938,"Yorkville, OH",40.154514,-80.71036
57183,"Dexter City, OH",39.657852,-81.47207
53092,"Lynx, OH",38.77313,-83.412964
48783,"Brewster, OH",40.707005,-81.59818
12430,"Londonderry, OH",39.266735,-82.79045
53119,"Malinta, OH",41.32255,-84.038
34536,"Vanlue, OH",40.975334,-83.479095
12201,"Kings Mills, OH",39.355846,-84.24726
4092,"Chippewa Lake, OH",41.06978,-81.90097
34041,"South Amherst, OH",41.35588,-82.25377
9843,"Dola, OH",40.783108,-83.69271
52053,"Forest, OH",40.80172,-83.51048
203477,"Shawnee Hills, OH",40.161694,-83.134926
22215,"Lynchburg, OH",39.24173,-83.79131
8308,"Burgoon, OH",41.26755,-83.25159
21372,"Woodmere, OH",41.462276,-81.480675
199720,"Brookside, OH",40.07063,-80.76092
30361,"Bay View, OH",41.468662,-82.82686
4436,"Duncan Falls, OH",39.872013,-81.9093
28585,"Glouster, OH",39.503124,-82.08459
6981,"Scott, OH",40.98977,-84.58329
17006,"Bethesda, OH",40.016182,-81.0726
21041,"Valleyview, OH",39.964878,-83.072914
36700,"Seven Mile, OH",39.480057,-84.551895
11946,"Hollansburg, OH",39.996994,-84.79218
52736,"Kelleys Island, OH",41.604713,-82.70648
201138,"Hanover, OH",40.07979,-82.26098
42731,"Peebles, OH",38.94896,-83.405685
39623,"Marblehead, OH",41.54033,-82.735466
16361,"Lakeline, OH",41.660313,-81.45406
43548,"Washingtonville, OH",40.900337,-80.76397
37542,"Brady Lake, OH",41.1595,-81.317055
40449,"Proctorville, OH",38.438232,-82.38113
201855,"Logan Elm Village, OH",39.570694,-82.94681
32707,"Mark Center, OH",41.28894,-84.631065
36040,"Mechanicsburg, OH",40.072002,-83.55631
12747,"Millville, OH",39.38922,-84.654396
57313,"West Salem, OH",40.971443,-82.10988
203608,"South Middletown, OH",39.48117,-84.40078
204158,"Wayne Lakes Park, OH",40.023106,-84.6619
12240,"La Rue, OH",40.576447,-83.38464
42621,"Owensville, OH",39.122795,-84.13576
42048,"Adena, OH",40.21778,-80.87293
11822,"Hartford, OH",40.239643,-82.6879
48801,"Danville, OH",40.44567,-82.2603
22166,"Haskins, OH",41.464775,-83.70605
15215,"Gettysburg, OH",40.11144,-84.49523
47136,"Pitsburg, OH",39.987564,-84.48735
203766,"Sugar Bush Knolls, OH",41.204502,-81.34594
5873,"McGuffey, OH",40.69283,-83.78549
39664,"Matamoras, OH",39.522568,-81.064224
13627,"Rushville, OH",39.76451,-82.43154
21067,"Verona, OH",39.90173,-84.50492
24406,"Donnelsville, OH",39.918392,-83.94855
33225,"Oklahoma City, OK",35.47299,-97.51705
20859,"Tulsa, OK",36.15631,-95.99275
38328,"Edmond, OK",35.657135,-97.464905
37596,"Broken Arrow, OK",36.0526,-95.79082
33136,"Norman, OK",35.222572,-97.43948
46183,"Lawton, OK",34.608685,-98.39033
22759,"Yukon, OK",35.506725,-97.762535
6032,"Moore, OK",35.338326,-97.4867
27272,"Stillwater, OK",36.11563,-97.05857
12716,"Midwest City, OK",35.44951,-97.396706
11328,"Enid, OK",36.396763,-97.879135
10834,"Claremore, OK",36.3126,-95.616066
26052,"Muskogee, OK",35.66302,-95.39277
40207,"Owasso, OK",36.26597,-95.85486
16899,"Bartlesville, OK",36.750927,-95.97718
33960,"Shawnee, OK",35.327293,-96.9253
47555,"Sand Springs, OK",36.139435,-96.11
40761,"Sapulpa, OK",36.000504,-96.10496
33479,"Ponca City, OK",36.703648,-97.0819
56022,"Jenks, OK",36.022873,-95.96833
38249,"Duncan, OK",34.502304,-97.95781
3310,"Ada, OK",34.774338,-96.67837
34980,"Bixby, OK",35.942043,-95.88332
46468,"McAlester, OK",34.9335,-95.76979
31289,"Durant, OK",33.991978,-96.37768
53472,"Mustang, OK",35.384228,-97.72448
24993,"Guthrie, OK",35.87892,-97.42528
7359,"Tahlequah, OK",35.91537,-94.969955
23512,"Ardmore, OK",34.172928,-97.13091
51492,"Collinsville, OK",36.36612,-95.83981
21558,"Del City, OK",35.442005,-97.44087
44590,"Choctaw, OK",34.024624,-95.52055
51392,"Chickasha, OK",35.051216,-97.937004
37404,"Bethany, OK",35.518673,-97.63226
5923,"Miami, OK",36.87462,-94.87737
33227,"Okmulgee, OK",35.66771,-95.96901
50442,"El Reno, OK",35.5322,-97.955055
34910,"Woodward, OK",36.3745,-99.24554
41315,"Tuttle, OK",35.290894,-97.81226
56776,"Skiatook, OK",36.36852,-96.001335
6635,"Pryor, OK",36.308426,-95.31691
31083,"Coweta, OK",35.952477,-95.65086
6907,"Sallisaw, OK",35.45873,-94.78794
49309,"Guymon, OK",36.682804,-101.48155
7804,"Weatherford, OK",35.526165,-98.70757
31882,"Grove, OK",36.589863,-94.76851
55757,"Elk City, OK",35.41401,-99.413864
16748,"Altus, OK",34.638126,-99.33398
3696,"Blanchard, OK",35.138,-97.65837
45461,"Glenpool, OK",35.955353,-96.00878
26607,"Poteau, OK",35.056805,-94.619995
14443,"Wagoner, OK",35.95422,-95.56362
45661,"Harrah, OK",35.48951,-97.16364
54564,"Stilwell, OK",35.81443,-94.62862
11018,"Cushing, OK",35.984867,-96.76742
49956,"Vinita, OK",36.64084,-95.156364
47631,"Seminole, OK",35.170593,-96.62635
21816,"Henryetta, OK",35.439663,-95.98651
34655,"Warr Acres, OK",35.522556,-97.618935
29075,"Newcastle, OK",35.247288,-97.59976
38437,"Eufaula, OK",35.287376,-95.58253
15757,"Piedmont, OK",35.641994,-97.74644
35838,"Muldrow, OK",35.406204,-94.59883
33555,"Purcell, OK",35.015472,-97.3651
37928,"Clinton, OK",35.515606,-98.96731
39095,"Idabel, OK",33.895664,-94.826324
39069,"Hulbert, OK",35.9326,-95.14135
25830,"McLoud, OK",35.435898,-97.091415
32630,"Madill, OK",34.090252,-96.77156
48817,"Broken Bow, OK",34.02986,-94.73897
55927,"Inola, OK",36.15121,-95.50942
21453,"Anadarko, OK",35.072533,-98.24398
37215,"Atoka, OK",34.328495,-96.01784
56044,"Fort Gibson, OK",35.797546,-95.25034
39154,"Jay, OK",36.42354,-94.79767
47029,"Pauls Valley, OK",34.739204,-97.218506
39068,"Hugo, OK",34.01062,-95.51312
22657,"Sulphur, OK",34.509686,-96.974655
42985,"Wilburton, OK",34.9187,-95.309784
15150,"Kingfisher, OK",35.947193,-97.96413
57086,"Chandler, OK",35.7032,-96.88001
33126,"Noble, OK",36.412964,-97.268196
43061,"Sayre, OK",35.297955,-99.63996
3689,"Blackwell, OK",36.801815,-97.28612
13258,"Perry, OK",36.290733,-97.2884
4543,"Elgin, OK",34.780346,-98.292274
15019,"Afton, OK",36.69391,-94.96287
15659,"Pawhuska, OK",36.66334,-96.34012
56878,"Wewoka, OK",35.151165,-96.49355
46043,"Kingston, OK",33.99841,-96.719894
21713,"Cache, OK",34.629517,-98.62868
49784,"Okemah, OK",35.432587,-96.30501
43448,"Perkins, OK",35.974087,-97.03377
15692,"Roland, OK",35.421204,-94.51466
56229,"Marietta, OK",33.937046,-97.11668
23989,"Catoosa, OK",36.188988,-95.74582
27911,"Westville, OK",35.992584,-94.568
43155,"Tecumseh, OK",35.25785,-96.93669
26226,"Nowata, OK",36.779884,-95.62262
21716,"Calera, OK",33.934544,-96.428604
52114,"Frederick, OK",34.391438,-99.01515
4303,"Davis, OK",34.50348,-97.11889
41246,"Tishomingo, OK",34.234814,-96.67638
35621,"Dewey, OK",35.979504,-98.98166
16783,"Apache, OK",34.893677,-98.36589
206086,"Slaughterville, OK",35.08729,-97.33503
25140,"Hinton, OK",35.47155,-98.35566
42177,"Hennessey, OK",36.109867,-97.89866
13109,"Oologah, OK",36.44704,-95.70831
26151,"Nichols Hills, OK",35.550884,-97.548935
43751,"Watonga, OK",35.848385,-98.41332
25080,"Heavener, OK",34.889267,-94.600784
40217,"Paden, OK",35.509087,-96.5681
3421,"Antlers, OK",34.232327,-95.62049
25173,"Hominy, OK",36.415543,-96.39465
34925,"Wyandotte, OK",36.793404,-94.72523
19079,"Lone Grove, OK",34.175373,-97.262794
39546,"Luther, OK",35.65961,-97.19414
14729,"Wynnewood, OK",34.643417,-97.16447
39013,"Hobart, OK",35.028214,-99.09599
50613,"Chouteau, OK",36.18593,-95.343025
54287,"Salina, OK",36.29287,-95.1533
28847,"Haskell, OK",35.20844,-95.11158
53941,"Pocola, OK",35.231876,-94.480995
29092,"Newkirk, OK",36.882366,-97.05368
50457,"Drumright, OK",35.9884,-96.60113
11398,"Fairview, OK",36.268925,-98.4798
26002,"Mounds, OK",35.876484,-96.061104
7282,"Stratford, OK",34.79675,-96.959465
41490,"Vian, OK",35.49843,-94.96967
48319,"Walters, OK",34.359806,-98.30782
34314,"Tonkawa, OK",36.678368,-97.31004
11851,"Healdton, OK",34.233147,-97.4878
49507,"Mangum, OK",34.87614,-99.50451
56791,"Wayne, OK",34.91722,-97.31747
21324,"Wilson, OK",34.162037,-97.42586
38069,"Crescent, OK",35.95254,-97.59477
25151,"Holdenville, OK",35.0826,-96.39991
39736,"Meeker, OK",35.49833,-96.898285
34965,"Cookson, OK",35.710926,-94.91995
19284,"Mead, OK",34.00053,-96.51109
13197,"Park Hill, OK",35.86217,-94.93706
34226,"Talihina, OK",34.75242,-95.041916
49217,"Fairland, OK",36.751183,-94.84746
23400,"Adair, OK",35.878315,-94.65674
24875,"Glencoe, OK",36.228664,-96.92559
50165,"Spencer, OK",35.522842,-97.37726
15400,"Fletcher, OK",34.823124,-98.24422
4617,"Eucha, OK",36.39203,-94.88301
53991,"Prague, OK",35.486736,-96.68502
6866,"Rush Springs, OK",34.782574,-97.956985
50681,"Allen, OK",34.878975,-96.412506
18863,"Konawa, OK",34.95996,-96.75217
56435,"Locust Grove, OK",36.200092,-95.16774
42518,"Hartshorne, OK",34.845097,-95.55748
57304,"Warner, OK",35.494675,-95.30606
9817,"Morris, OK",35.6076,-95.86027
4183,"Comanche, OK",34.65575,-98.44851
30972,"Colbert, OK",33.85695,-96.502655
4233,"Coyle, OK",35.95672,-97.23448
26601,"Porum, OK",35.35621,-95.265526
204633,"Bethel Acres, OK",35.30868,-97.02558
42505,"Jones, OK",35.561413,-97.291985
41608,"Welch, OK",36.874596,-95.09377
50924,"Beaver, OK",36.76211,-100.49049
11933,"Hodgen, OK",34.84177,-94.63134
25762,"Marlow, OK",34.64773,-97.95795
7270,"Stonewall, OK",34.65259,-96.526115
18508,"Haworth, OK",33.8465,-94.65271
20030,"Porter, OK",35.86838,-95.522896
30767,"Carnegie, OK",35.10367,-98.603676
12984,"Nicoma Park, OK",35.491177,-97.3231
13421,"Quinton, OK",35.123127,-95.36594
50712,"Alva, OK",36.80305,-98.66603
43159,"Thackerville, OK",33.795525,-97.143875
39802,"Minco, OK",35.312424,-97.943016
35460,"Hollis, OK",34.68457,-99.91938
9263,"Stroud, OK",35.747776,-96.65668
9143,"Ochelata, OK",36.60009,-95.97971
25350,"Kansas, OK",36.205086,-94.79773
12224,"Krebs, OK",34.927876,-95.71582
29573,"Turley, OK",36.242035,-95.97583
10483,"Bokchito, OK",34.01732,-96.14276
40024,"Ninnekah, OK",34.947845,-97.92393
32742,"Maud, OK",35.130356,-96.775856
24768,"Fort Towson, OK",34.020134,-95.26755
206414,"Zeb, OK",35.810616,-95.04553
25397,"Kiefer, OK",35.944767,-96.06384
12824,"Mooreland, OK",36.4392,-99.20483
4929,"Goldsby, OK",35.14118,-97.476974
6455,"Peggs, OK",36.08093,-95.0994
37586,"Bristow, OK",35.830894,-96.39078
12024,"Hydro, OK",35.548958,-98.57773
37381,"Bennington, OK",34.00454,-96.03776
10651,"Caddo, OK",35.131317,-98.37979
52843,"Lahoma, OK",36.387535,-98.08978
21194,"Welling, OK",35.854713,-94.853035
20787,"Thomas, OK",35.744217,-98.74758
45829,"Howe, OK",34.95121,-94.63717
44709,"Commerce, OK",36.933285,-94.87704
37488,"Boise City, OK",36.72979,-102.51313
12632,"Maysville, OK",34.817413,-97.40538
28080,"Big Cabin, OK",36.537865,-95.22136
37859,"Cheyenne, OK",35.613937,-99.67149
37839,"Checotah, OK",35.470093,-95.52307
51299,"Cashion, OK",35.798103,-97.67866
52257,"Goodwell, OK",36.593166,-101.632545
18336,"Gore, OK",35.529263,-95.11718
25989,"Morrison, OK",36.29727,-97.008095
23262,"Fort Cobb, OK",35.09784,-98.435616
47787,"Spavinaw, OK",36.391197,-95.04663
55525,"Depew, OK",35.80285,-96.50612
20186,"Ripley, OK",36.017838,-96.90559
44380,"Burns Flat, OK",35.348938,-99.170364
16893,"Barnsdall, OK",36.560535,-96.16253
22499,"Pond Creek, OK",36.669197,-97.80116
42416,"Dill City, OK",35.27672,-99.13508
4289,"Cyril, OK",34.896454,-98.20061
38663,"Geary, OK",35.630215,-98.31846
4654,"Fairfax, OK",36.571384,-96.70621
56056,"Eagletown, OK",34.03428,-94.574936
35425,"Gans, OK",35.38898,-94.69217
51195,"Burneyville, OK",33.90788,-97.2889
204814,"Central High, OK",34.62313,-98.08976
26887,"Ryan, OK",34.020096,-97.957535
16799,"Arkoma, OK",35.354485,-94.436386
51326,"Cement, OK",34.93201,-98.14033
48362,"Waukomis, OK",36.28031,-97.89812
37650,"Bunch, OK",35.68259,-94.761055
50116,"South Coffeyville, OK",36.994526,-95.620255
51182,"Buffalo, OK",36.8357,-99.62898
6513,"Pink, OK",35.260624,-97.11975
30926,"Clayton, OK",34.589546,-95.352745
17326,"Cartwright, OK",33.85288,-96.561935
28152,"Arapaho, OK",35.577827,-98.96453
24921,"Grandfield, OK",34.228424,-98.68451
37917,"Cleveland, OK",35.230186,-97.31091
48060,"Turpin, OK",36.866684,-100.878105
20538,"Snyder, OK",34.65896,-98.951744
45380,"Gage, OK",36.31858,-99.75749
39909,"Mountain View, OK",35.09778,-98.74634
45176,"Erick, OK",35.212708,-99.86906
36082,"Lexington, OK",35.014793,-97.33559
36135,"Pocasset, OK",35.193672,-97.952545
50545,"Okeene, OK",36.11615,-98.31702
23106,"Carney, OK",35.80839,-97.01281
37511,"Boswell, OK",34.02732,-95.86914
22905,"Tyrone, OK",36.954823,-101.06806
32799,"Medford, OK",36.80694,-97.7336
27028,"Seiling, OK",36.14803,-98.92447
23119,"Sparks, OK",35.609936,-96.81924
39717,"McCurtain, OK",34.14503,-94.780235
43343,"Stringtown, OK",34.46676,-96.05332
8626,"Indiahoma, OK",34.619793,-98.75146
32668,"Mannsville, OK",34.18593,-96.88056
8936,"Red Oak, OK",34.95093,-95.08024
3600,"Beggs, OK",35.7426,-96.070274
48230,"Verden, OK",35.083397,-98.08782
35278,"Agra, OK",35.893974,-96.87018
10899,"Coleman, OK",34.27148,-96.41916
8584,"Granite, OK",34.96192,-99.381516
42916,"Okarche, OK",35.725914,-97.97701
54927,"Velma, OK",34.460083,-97.67392
16181,"Soper, OK",34.03288,-95.69719
15556,"Macomb, OK",35.14547,-97.008835
50604,"Canute, OK",35.421993,-99.27953
5390,"Kellyville, OK",35.943695,-96.213615
28963,"Mannford, OK",36.132416,-96.32871
3738,"Bokoshe, OK",35.189877,-94.79163
42846,"Lindsay, OK",34.834797,-97.60253
32420,"Lane, OK",34.298706,-95.988045
16714,"Alex, OK",34.91479,-97.77865
20612,"Springer, OK",34.313286,-97.13988
17668,"Custer City, OK",35.66505,-98.88314
8500,"Elmore City, OK",34.62286,-97.396416
10186,"Asher, OK",34.98967,-96.923706
55766,"Geronimo, OK",34.48119,-98.38311
33606,"Red Rock, OK",36.45921,-97.17893
43940,"Arnett, OK",36.134964,-99.77107
13801,"Shattuck, OK",36.27396,-99.87796
7014,"Sentinel, OK",35.158104,-99.175316
47793,"Spiro, OK",35.241207,-94.61994
56643,"Vici, OK",36.149765,-99.298164
56000,"Drummond, OK",36.300312,-98.0359
23145,"Cleora, OK",36.564438,-94.94827
28035,"Wright City, OK",34.06389,-95.00263
206388,"Woodall, OK",35.826645,-95.087135
8452,"Garber, OK",36.436977,-97.5856
35596,"Laverne, OK",36.70939,-99.89557
30735,"Canton, OK",36.05357,-98.58855
34698,"Webbers Falls, OK",35.51093,-95.12996
15734,"Ringwood, OK",36.37948,-98.245346
204882,"Cole, OK",35.10229,-97.572815
3397,"Ames, OK",36.24587,-98.18535
9517,"Union City, OK",35.391724,-97.94144
5591,"Leedey, OK",35.869873,-99.34765
6393,"Paoli, OK",34.826744,-97.25919
204982,"Dickson, OK",34.187317,-96.98446
53832,"Pawnee, OK",36.315163,-96.7201
13882,"Smithville, OK",34.46677,-94.64383
48649,"Carmen, OK",36.578922,-98.4623
205984,"Rock Island, OK",35.18285,-94.47543
206271,"Valley Brook, OK",35.40245,-97.481255
41065,"Stigler, OK",35.253708,-95.12302
39219,"Kenefic, OK",34.148148,-96.36221
21588,"Bray, OK",34.637856,-97.817535
44195,"Blair, OK",34.7801,-99.33311
38259,"Dustin, OK",35.270653,-96.03084
4688,"Fargo, OK",36.373875,-99.62302
15084,"Aline, OK",36.509754,-98.44897
17742,"Delaware, OK",36.411842,-94.806946
45949,"Jet, OK",36.66614,-98.181175
17939,"Eldorado, OK",34.472015,-99.64815
4067,"Chelsea, OK",36.535595,-95.43242
13795,"Sharon, OK",36.275665,-99.3382
39265,"Kiowa, OK",34.942505,-99.019905
205134,"Forest Park, OK",35.513424,-97.446
205433,"Keys, OK",35.8057,-94.94122
21983,"Gracemont, OK",35.18846,-98.260506
39493,"Lone Wolf, OK",34.989502,-99.24953
19211,"Marland, OK",36.560787,-97.15163
9835,"Cleo Springs, OK",36.40531,-98.440636
42172,"Helena, OK",36.546143,-98.27007
24774,"Foster, OK",34.61647,-97.4892
27906,"Westport, OK",36.218967,-96.32474
3957,"Caney, OK",34.23231,-96.21416
46047,"Kinta, OK",35.119263,-95.23775
29456,"Temple, OK",34.272034,-98.23588
9719,"Tatums, OK",34.482864,-97.46169
17809,"Dover, OK",35.982597,-97.91057
41172,"Taloga, OK",36.038654,-98.96371
20812,"Tipton, OK",34.502853,-99.140915
8076,"Amber, OK",35.160343,-97.87921
21557,"Chattanooga, OK",34.42286,-98.65506
48049,"Tryon, OK",35.86978,-96.96392
22122,"Hammon, OK",35.63235,-99.38123
7792,"Waurika, OK",34.167038,-97.997536
18195,"Freedom, OK",36.769295,-99.113365
49167,"Goltry, OK",36.53253,-98.15173
205734,"North Enid, OK",36.43559,-97.86895
30567,"Braman, OK",36.92364,-97.33366
15687,"Rocky, OK",35.156998,-99.060356
30466,"Billings, OK",36.528923,-97.44394
39915,"Mulhall, OK",36.064724,-97.40543
39935,"Nash, OK",36.66614,-98.05034
27763,"Wapanucka, OK",34.374878,-96.424355
39390,"Lebanon, OK",33.982323,-96.90778
56041,"Forgan, OK",36.90697,-100.539314
16086,"Wanette, OK",34.96202,-97.032524
16266,"Wakita, OK",36.88336,-97.922005
38270,"Earlsboro, OK",35.267574,-96.80335
50318,"Randlett, OK",34.177315,-98.46367
27486,"Tupelo, OK",34.604813,-96.42417
44425,"Canadian, OK",35.54381,-98.00315
33594,"Ratliff City, OK",34.448975,-97.50947
28266,"Davenport, OK",35.70479,-96.7653
30960,"Coalgate, OK",34.538147,-96.21861
51243,"Cameron, OK",35.133987,-94.53467
31220,"Devol, OK",34.195923,-98.59006
12434,"Longdale, OK",36.133392,-98.55058
23545,"Atwood, OK",34.9562,-96.338615
26977,"Sasakwa, OK",34.948696,-96.52529
7393,"Terral, OK",33.896767,-97.936424
204739,"Byng, OK",34.861195,-96.665565
31044,"Corn, OK",35.37811,-98.78202
26984,"Sawyer, OK",34.013718,-95.37162
11831,"Hastings, OK",34.226757,-98.11004
46501,"Meno, OK",36.386147,-98.17784
32413,"Lamont, OK",36.690586,-97.556435
13101,"Olustee, OK",34.548683,-99.42231
205139,"Fort Coffee, OK",35.28926,-94.58439
205514,"Limestone, OK",36.314865,-95.74743
5525,"Lamar, OK",35.099537,-96.1275
37465,"Bluejacket, OK",36.799797,-95.071075
32076,"Hooker, OK",36.860966,-101.21408
32424,"Langley, OK",36.463974,-95.04774
15842,"Oakland, OK",34.100098,-96.79389
51384,"Chester, OK",36.216427,-98.92093
49646,"Pettit, OK",35.76689,-94.965775
15552,"Ralston, OK",36.503807,-96.73131
10972,"Covington, OK",36.306965,-97.58642
23148,"Colony, OK",35.34897,-98.67597
205052,"Eldon, OK",35.93081,-94.83299
39537,"Lucien, OK",36.27476,-97.454765
15817,"Milburn, OK",34.24093,-96.549164
17566,"Copan, OK",36.89758,-95.926094
395975,"New Cordell, OK",35.295322,-98.98855
5380,"Kaw City, OK",36.766376,-96.86269
29528,"Waynoka, OK",36.582256,-98.879814
21405,"Yale, OK",36.11423,-96.699196
206378,"Winchester, OK",35.786213,-95.99222
14848,"Council Hill, OK",35.55592,-95.65243
38146,"Davidson, OK",34.24092,-99.07563
6105,"Muse, OK",34.67201,-94.76563
30673,"Bushyhead, OK",36.461746,-95.49408
4780,"Fort Supply, OK",36.573414,-99.5746
14521,"Wellston, OK",35.69423,-97.06336
25433,"Kremlin, OK",36.547253,-97.83144
26678,"Ramona, OK",36.53037,-95.9236
54373,"Shady Point, OK",35.130096,-94.658554
43747,"Texhoma, OK",36.50498,-101.78575
22940,"Okay, OK",35.850655,-95.3183
46977,"Panama, OK",35.16732,-94.67245
16463,"Wister, OK",34.96732,-94.72467
41609,"Weleetka, OK",35.33565,-96.13639
14600,"Wetumka, OK",35.236706,-96.23973
47261,"Quapaw, OK",36.954514,-94.788
42914,"Oilton, OK",36.08451,-96.58363
26981,"Savanna, OK",34.828983,-95.84388
24053,"Cherokee, OK",35.915867,-94.995
206118,"Sportsmen Acres, OK",36.24565,-95.25163
36031,"Ringling, OK",34.178425,-97.59253
10409,"Binger, OK",35.308918,-98.3416
10668,"Calumet, OK",35.600887,-98.118805
14354,"Valliant, OK",34.00233,-95.09384
204803,"Cedar Valley, OK",35.86653,-97.56173
48342,"Washington, OK",36.693058,-95.90783
206079,"Silo, OK",34.041485,-96.47416
22420,"Medicine Park, OK",34.727478,-98.501366
13373,"Portland, OR",45.52025,-122.674194
38438,"Eugene, OR",44.050507,-123.09505
30381,"Beaverton, OR",45.48717,-122.80378
20317,"Salem, OR",44.939156,-123.03312
50962,"Bend, OR",44.058174,-121.31531
24967,"Gresham, OR",45.497864,-122.43299
11914,"Hillsboro, OR",45.522896,-122.98983
5891,"Medford, OR",42.32642,-122.87186
7223,"Springfield, OR",44.046238,-123.022026
31829,"Grants Pass, OR",42.43937,-123.32725
4216,"Corvallis, OR",44.564568,-123.26205
14138,"Tigard, OR",45.430748,-122.771935
30149,"Albany, OR",44.63651,-123.105934
9662,"Oregon City, OR",45.35734,-122.60676
5445,"Klamath Falls, OR",42.22487,-121.78167
13587,"Roseburg, OR",43.216503,-123.341736
12751,"Milwaukie, OR",45.444004,-122.64125
5504,"Lake Oswego, OR",45.420673,-122.67065
26716,"Redmond, OR",44.27262,-121.17392
32789,"McMinnville, OR",45.210037,-123.194466
52735,"Keizer, OR",44.9969,-123.02663
31937,"Happy Valley, OR",45.42868,-122.49718
29443,"Woodburn, OR",45.14373,-122.85537
32463,"Lebanon, OR",44.536335,-122.907234
32014,"Hermiston, OR",45.84041,-119.28946
34749,"West Linn, OR",45.365677,-122.61231
46734,"Newberg, OR",45.300346,-122.97275
10769,"Central Point, OR",42.37678,-122.91272
15449,"Forest Grove, OR",45.51904,-123.11105
7053,"Sherwood, OR",45.35693,-122.84038
54754,"Tualatin, OR",45.380936,-122.76944
30275,"Ashland, OR",42.19725,-122.7154
48521,"Wilsonville, OR",45.30992,-122.76816
38008,"Coos Bay, OR",43.367893,-124.21747
3955,"Canby, OR",45.26291,-122.6926
51636,"Dallas, OR",44.918922,-123.31587
206966,"Hayesville, OR",44.98312,-122.98329
34259,"The Dalles, OR",45.601505,-121.18416
28867,"Prineville, OR",44.299828,-120.83497
30903,"Clackamas, OR",45.16088,-122.23051
43253,"Troutdale, OR",45.539288,-122.387314
26450,"Pendleton, OR",45.672073,-118.7886
45802,"Hood River, OR",45.531162,-121.64756
43010,"Sandy, OR",45.396923,-122.26163
44770,"Cottage Grove, OR",43.797474,-123.0589
43964,"Astoria, OR",46.1882,-123.83198
50247,"Saint Helens, OR",45.864002,-122.806496
6004,"Molalla, OR",45.147343,-122.577034
23223,"Ontario, OR",44.026554,-116.96294
20502,"Silverton, OR",45.004932,-122.783295
51777,"Eagle Point, OR",42.47183,-122.801414
45977,"Junction City, OR",44.219193,-123.20479
17685,"Damascus, OR",45.422085,-122.428314
9307,"Sweet Home, OR",44.397625,-122.7362
36859,"North Bend, OR",43.40651,-124.22428
17582,"Cornelius, OR",45.5198,-123.05562
48474,"White City, OR",42.434483,-122.831
32879,"Milton Freewater, OR",45.93291,-118.38776
45444,"Gladstone, OR",45.380325,-122.59455
27422,"Tillamook, OR",45.460293,-123.72668
42938,"Monmouth, OR",44.84864,-123.22908
56628,"Scappoose, OR",45.7573,-122.87436
8625,"Independence, OR",44.856003,-123.1913
18878,"La Pine, OR",43.6704,-121.50364
24619,"Estacada, OR",45.28647,-122.33426
24268,"Creswell, OR",43.917904,-123.02453
51158,"Brookings, OR",42.05213,-124.28329
27077,"Sheridan, OR",45.09928,-123.39483
41055,"Stayton, OR",44.80068,-122.79453
15596,"Myrtle Creek, OR",43.02012,-123.29312
53570,"Newport, OR",44.636757,-124.053444
15232,"La Grande, OR",45.324608,-118.08787
207441,"Rockcreek, OR",45.552162,-122.87565
54928,"Veneta, OR",44.04888,-123.35152
39436,"Lincoln City, OR",44.961792,-124.01595
14057,"Sutherlin, OR",43.389664,-123.31236
44267,"Boring, OR",45.432663,-122.36951
52041,"Florence, OR",43.980007,-124.10131
36026,"Philomath, OR",44.54,-123.367615
50065,"Sisters, OR",44.290947,-121.54925
7394,"Terrebonne, OR",44.355453,-121.17864
51669,"Dayton, OR",45.220695,-123.07614
14929,"Aurora, OR",45.23105,-122.755035
38011,"Coquille, OR",43.177055,-124.18761
23256,"Rainier, OR",46.088917,-122.93602
39161,"Jennings Lodge, OR",45.39123,-122.612595
25708,"Madras, OR",44.633453,-121.129486
396843,"Garden Home-Whitford, OR",45.458813,-122.76322
49914,"Winston, OR",43.122013,-123.41314
24095,"Clatskanie, OR",46.103687,-123.20482
8638,"Fairview, OR",45.538548,-122.43305
22967,"Talent, OR",42.24381,-122.788925
30295,"Aumsville, OR",44.840954,-122.870926
28741,"Jacksonville, OR",42.31441,-122.96535
207402,"Raleigh Hills, OR",45.486324,-122.74852
55996,"Jefferson, OR",44.60725,-121.246315
46848,"Oakland, OR",43.422153,-123.298355
37793,"Cave Junction, OR",42.163345,-123.647934
56224,"Reedsport, OR",43.70209,-124.097084
49691,"North Plains, OR",45.597313,-122.99363
396846,"West Slope, OR",45.498535,-122.77011
50284,"Toledo, OR",44.62169,-123.938194
31785,"Gold Hill, OR",42.431786,-123.0506
35198,"Bandon, OR",43.119564,-124.40941
38902,"Harrisburg, OR",44.274014,-123.17065
29491,"Warrenton, OR",46.165104,-123.92376
36954,"Rogue River, OR",42.431103,-123.26097
34514,"Vale, OR",43.982063,-117.23846
33200,"Nyssa, OR",43.876827,-116.99488
30762,"Carlton, OR",45.29428,-123.17649
31784,"Gold Beach, OR",42.407448,-124.421745
25205,"Hubbard, OR",45.18314,-122.808624
42235,"Gaston, OR",45.436226,-123.13924
26055,"Myrtle Point, OR",43.063595,-124.13928
35184,"Baker City, OR",44.774876,-117.83438
47598,"Scio, OR",44.70478,-122.848915
48079,"Umatilla, OR",45.6417,-118.76711
47087,"Phoenix, OR",42.274036,-122.81533
34358,"Turner, OR",44.843178,-122.95287
3531,"Banks, OR",45.6186,-123.1143
24449,"Dundee, OR",45.278168,-123.010925
20403,"Seaside, OR",45.993244,-123.92021
43776,"Wood Village, OR",45.537045,-122.41847
11013,"Culver, OR",44.525543,-121.21308
9675,"Boardman, OR",45.839855,-119.700584
32408,"Lakeview, OR",42.18877,-120.345795
21132,"Waldport, OR",44.42702,-124.06721
53428,"Mount Angel, OR",45.067802,-122.79968
55039,"Warren, OR",45.819004,-122.84899
44090,"Beavercreek, OR",45.287838,-122.53571
207197,"Metzger, OR",45.446507,-122.75899
33275,"Otis, OR",45.024273,-123.9465
56480,"Powell Butte, OR",45.487064,-122.50398
41108,"Sublimity, OR",44.829567,-122.79453
33211,"Oakridge, OR",43.744938,-122.46746
8873,"Mulino, OR",45.22151,-122.58203
18271,"Gervais, OR",45.108467,-122.897896
5296,"Irrigon, OR",45.895687,-119.49141
12487,"Lyons, OR",44.774567,-122.61508
5428,"King City, OR",45.402832,-122.80411
4451,"Eagle Creek, OR",45.357674,-122.3594
53278,"Merlin, OR",42.51733,-123.41986
30879,"Chiloquin, OR",42.577637,-121.86613
56250,"Riddle, OR",42.95095,-123.364235
21304,"Willamina, OR",45.078724,-123.48594
37973,"Colton, OR",45.172066,-122.43787
48638,"Amity, OR",45.11806,-123.20558
6016,"Monroe, OR",44.314495,-123.29743
9310,"Vernonia, OR",45.858723,-123.192894
20624,"Stanfield, OR",45.78041,-119.21723
13788,"Shady Cove, OR",42.61091,-122.82198
28041,"Yamhill, OR",45.22984,-123.21804
17491,"Cloverdale, OR",45.2016,-123.88509
11924,"Hines, OR",43.564037,-119.08105
37619,"Brownsville, OR",44.393456,-122.98481
26077,"Nehalem, OR",45.717888,-123.89439
14223,"Union, OR",45.268,-118.02575
21875,"Elgin, OR",45.564987,-117.91757
45144,"Elmira, OR",44.06648,-123.35547
53810,"Mount Hood Parkdale, OR",45.519955,-121.59742
45625,"Halsey, OR",44.379612,-123.11006
21447,"Corbett, OR",45.53145,-122.29226
5357,"Joseph, OR",45.351963,-117.23111
28600,"Enterprise, OR",45.42581,-117.278015
13330,"Pleasant Hill, OR",43.965958,-122.93175
33990,"Siletz, OR",44.721783,-123.92011
31355,"Echo, OR",45.741905,-119.19483
16916,"Bay City, OR",45.522606,-123.8893
55284,"Yoncalla, OR",43.598454,-123.28342
43521,"Tangent, OR",44.544037,-123.10929
34328,"Trail, OR",42.648457,-122.8106
7943,"Williams, OR",42.218678,-123.27396
27824,"Welches, OR",45.3385,-121.9634
25456,"Lafayette, OR",45.244106,-123.11317
53323,"Mill City, OR",44.75401,-122.47814
17292,"Canyonville, OR",42.927612,-123.281204
30665,"Burns, OR",43.586124,-119.05441
3311,"Adair Village, OR",44.672264,-123.21834
50699,"Alsea, OR",44.38151,-123.5965
54115,"Rhododendron, OR",45.329563,-121.911194
33906,"Seal Rock, OR",44.673737,-124.07853
45723,"Heppner, OR",45.356064,-119.552826
43505,"Cascade Locks, OR",45.669514,-121.8904
42358,"Grand Ronde, OR",45.06007,-123.62294
48714,"Bonanza, OR",42.19876,-121.406105
40820,"Selma, OR",42.279003,-123.6159
33499,"Port Orford, OR",42.745667,-124.49733
26494,"Pilot Rock, OR",45.48321,-118.82978
51675,"Deer Island, OR",45.932133,-122.8449
54187,"Rockaway Beach, OR",45.613598,-123.943146
11110,"Dexter, OR",43.915913,-122.82214
30498,"Blue River, OR",44.153885,-122.33877
44781,"Cove, OR",45.296524,-117.80798
31913,"Halfway, OR",44.87761,-117.10919
43441,"John Day, OR",44.41584,-118.95343
8238,"Depoe Bay, OR",44.810425,-124.06201
28584,"Glide, OR",43.29906,-123.0955
12451,"Lostine, OR",45.48756,-117.42964
11167,"Dufur, OR",45.45311,-121.130226
12556,"Marcola, OR",44.172222,-122.860634
31244,"Donald, OR",45.22226,-122.84139
8601,"Lakeside, OR",43.57589,-124.17477
4675,"Fall Creek, OR",43.95957,-122.82035
55823,"Glendale, OR",42.73623,-123.42339
35831,"Malin, OR",42.012512,-121.40836
25998,"Mosier, OR",45.68354,-121.39852
9362,"Wolf Creek, OR",42.695515,-123.3953
11150,"Drain, OR",43.65873,-123.318695
36861,"Columbia City, OR",45.889797,-122.80865
36233,"Wilderville, OR",42.382793,-123.46628
30043,"Scotts Mills, OR",45.043316,-122.66809
57274,"Mount Vernon, OR",44.417572,-119.11416
25661,"Lowell, OR",43.91846,-122.78368
31399,"Elkton, OR",43.63706,-123.56738
41871,"Blodgett, OR",44.596867,-123.519196
54278,"Saint Paul, OR",45.211235,-122.97677
51523,"Condon, OR",45.2342,-120.18473
49580,"Rickreall, OR",44.931774,-123.23422
29853,"Vida, OR",44.145866,-122.56977
9966,"Yachats, OR",44.312756,-124.104996
30738,"Canyon City, OR",44.3896,-118.95023
45329,"Foster, OR",44.410404,-122.67231
44566,"Cheshire, OR",44.18959,-123.285645
48321,"Walterville, OR",44.068737,-122.80396
10824,"Christmas Valley, OR",43.23771,-120.687584
18660,"Huntington, OR",44.35116,-117.26634
49529,"Mapleton, OR",44.031387,-123.85872
16942,"Beaver, OR",45.278973,-123.82357
43938,"Arlington, OR",45.716797,-120.200874
32830,"Metolius, OR",44.58651,-121.178375
43166,"Wallowa, OR",45.55826,-117.19902
9804,"Wheeler, OR",44.676838,-120.04844
22661,"Sumpter, OR",44.745842,-118.20127
34785,"Weston, OR",45.813725,-118.42422
25790,"Maupin, OR",45.175274,-121.080765
35447,"Gearhart, OR",46.024277,-123.91125
27974,"Winchester, OR",43.279617,-123.35397
45327,"Fossil, OR",44.998013,-120.21502
51771,"Durham, OR",45.394688,-122.75631
40862,"Shedd, OR",44.461514,-123.110374
15981,"Summerville, OR",45.48847,-118.00299
4836,"Gales Creek, OR",45.58643,-123.21415
42550,"Prospect, OR",42.75096,-122.48892
10043,"Adrian, OR",43.74071,-117.07168
3815,"Brightwood, OR",45.377754,-122.013954
27420,"Tidewater, OR",44.411774,-123.90156
207207,"Millersburg, OR",44.680954,-123.061485
28505,"Garibaldi, OR",45.55982,-123.9112
25628,"Logsden, OR",44.742878,-123.79319
4398,"Dorena, OR",43.72115,-122.86481
47928,"Swisshome, OR",44.0579,-123.79927
15862,"Prairie City, OR",44.46333,-118.70906
206770,"Dunes City, OR",43.883118,-124.11508
4680,"Falls City, OR",44.86623,-123.435936
3431,"Arch Cape, OR",45.812347,-123.96358
22904,"Tygh Valley, OR",45.24734,-121.17312
30279,"Athena, OR",45.81191,-118.49133
21833,"Eddyville, OR",44.634563,-123.7765
29634,"Westfir, OR",43.757996,-122.49465
45704,"Hebo, OR",45.22302,-123.86091
28349,"Coburg, OR",44.137627,-123.0662
23719,"Blachly, OR",44.194668,-123.53515
25925,"Mitchell, OR",44.566776,-120.15405
36951,"Neskowin, OR",45.1063,-123.983406
12689,"Merrill, OR",42.02515,-121.60055
15028,"Beatty, OR",42.441956,-121.270935
32681,"Manzanita, OR",45.718616,-123.935036
21790,"Keno, OR",42.126534,-121.93001
12072,"Island City, OR",45.340965,-118.04466
4863,"Gates, OR",44.7557,-122.416336
6749,"Richland, OR",44.769356,-117.16895
15798,"North Powder, OR",45.028473,-117.91994
48622,"Cannon Beach, OR",45.890026,-123.96186
50465,"Imnaha, OR",45.559322,-116.833206
13960,"Sprague River, OR",42.455494,-121.50425
39355,"Langlois, OR",42.923576,-124.450775
53988,"Powers, OR",42.882027,-124.07129
27214,"Spray, OR",44.834305,-119.79445
17763,"Detroit, OR",44.734913,-122.15119
12926,"Neotsu, OR",45.00131,-123.981384
57054,"Butte Falls, OR",42.543182,-122.56559
40925,"Sixes, OR",42.82011,-124.48316
51050,"Bly, OR",42.397427,-121.04199
51246,"Camp Sherman, OR",44.460087,-121.643234
35148,"Crescent, OR",43.462296,-121.695206
53762,"Otter Rock, OR",44.732582,-124.07034
14916,"Crescent Lake, OR",43.480827,-121.98393
13271,"Philadelphia, PA",39.952724,-75.16353
26529,"Pittsburgh, PA",40.441692,-79.99009
6696,"Reading, PA",40.335346,-75.92795
11335,"Erie, PA",42.12947,-80.085266
41815,"York, PA",39.962494,-76.7277
16726,"Allentown, PA",40.602207,-75.47128
11817,"Harrisburg, PA",40.26631,-76.88611
17008,"Bethlehem, PA",-1.45056,-48.468246
41629,"West Chester, PA",39.95972,-75.605965
20398,"Scranton, PA",41.408688,-75.66213
4502,"Easton, PA",40.69161,-75.209984
25841,"Mechanicsburg, PA",40.210197,-77.00473
47837,"State College, PA",40.79445,-77.86164
217168,"Wilkes-Barre, PA",41.246483,-75.88173
39391,"Lebanon, PA",40.375713,-76.46261
40036,"Norristown, PA",40.11488,-75.34337
42923,"Pottstown, PA",40.245296,-75.64964
39173,"Johnstown, PA",40.32674,-78.92197
39416,"Levittown, PA",40.157555,-74.83213
30760,"Carlisle, PA",40.2015,-77.18908
37111,"Altoona, PA",40.51936,-78.39683
28195,"Chambersburg, PA",39.93751,-77.661255
55748,"Lansdale, PA",40.241497,-75.28378
31861,"Greensburg, PA",40.302452,-79.54433
45644,"Hanover, PA",39.800533,-76.98325
51208,"Butler, PA",40.86108,-79.895195
51464,"Coatesville, PA",39.983162,-75.82384
12936,"New Castle, PA",40.99992,-80.34718
49000,"East Stroudsburg, PA",40.99954,-75.18129
51743,"Downingtown, PA",40.006496,-75.70328
48343,"Washington, PA",40.19438,-80.25413
52991,"Lititz, PA",40.15713,-76.30716
34849,"Williamsport, PA",41.241154,-77.00111
32168,"Irwin, PA",40.330173,-79.709335
13277,"Phoenixville, PA",40.130383,-75.514915
21446,"Coraopolis, PA",40.517536,-80.16432
24162,"Collegeville, PA",40.18566,-75.45157
35356,"Hazleton, PA",40.954895,-75.97696
30733,"Canonsburg, PA",40.258842,-80.18673
53251,"Media, PA",39.91678,-75.387695
37716,"Camp Hill, PA",40.23981,-76.919975
54032,"Quakertown, PA",40.44177,-75.34157
15120,"Havertown, PA",39.980946,-75.30852
50716,"Ambler, PA",40.154552,-75.221565
18686,"Indiana, PA",40.64241,-79.12628
32956,"Morrisville, PA",40.20824,-74.775505
38060,"Cranberry Township, PA",40.709934,-80.10605
17818,"Drexel Hill, PA",39.94833,-75.306885
38352,"Elizabethtown, PA",40.153362,-76.604256
23440,"Aliquippa, PA",40.610237,-80.26772
36979,"Waynesboro, PA",39.755783,-77.57765
21935,"Glenside, PA",40.103195,-75.15155
12306,"Langhorne, PA",40.174553,-74.92267
7532,"Uniontown, PA",39.900936,-79.72593
23690,"Bethel Park, PA",40.327568,-80.0395
5875,"McKeesport, PA",40.347847,-79.86421
46384,"Malvern, PA",40.0362,-75.51389
27300,"Stroudsburg, PA",40.986427,-75.194664
3706,"Bloomsburg, PA",41.004498,-76.45373
21825,"King of Prussia, PA",40.09476,-75.38513
43440,"Beaver Falls, PA",40.75201,-80.31923
46582,"Monroeville, PA",40.42118,-79.7881
32437,"Latrobe, PA",40.317287,-79.38403
41594,"Wayne, PA",41.626442,-75.30451
49616,"Perkasie, PA",40.372047,-75.29268
25838,"Meadville, PA",41.641445,-80.15145
24856,"Gettysburg, PA",39.8309,-77.23101
30405,"Bellefonte, PA",40.913486,-77.77375
45253,"Feasterville Trevose, PA",40.148407,-74.99348
52205,"Gibsonia, PA",40.630066,-79.9695
6242,"North Wales, PA",40.21094,-75.27823
6127,"Nazareth, PA",40.742332,-75.31121
831594,"Dover, PA",40.00145,-76.84733
26869,"Royersford, PA",40.18427,-75.537964
25700,"Macungie, PA",40.51593,-75.55518
5236,"Hummelstown, PA",40.265392,-76.708275
33518,"Pottsville, PA",40.68513,-76.19537
8893,"Murrysville, PA",40.428402,-79.69755
7898,"Wexford, PA",40.626457,-80.05589
12009,"Huntingdon Valley, PA",40.122612,-75.06351
32845,"Middletown, PA",40.170135,-74.88519
14963,"Bristol, PA",40.122902,-74.86447
23131,"McKees Rocks, PA",40.465626,-80.06561
5396,"Kennett Square, PA",39.84674,-75.7117
18295,"Glen Mills, PA",39.919697,-75.49043
11808,"Harleysville, PA",40.27878,-75.386635
17479,"Clifton Heights, PA",39.92928,-75.296295
37633,"Bryn Mawr, PA",40.023823,-75.31734
56981,"Jenkintown, PA",40.09594,-75.12568
36062,"Lewistown, PA",40.59924,-77.57138
56223,"Red Lion, PA",39.900932,-76.6058
33075,"New Kensington, PA",40.56979,-79.76477
52442,"Hatboro, PA",40.174625,-75.10683
17378,"Chalfont, PA",40.28697,-75.20877
7022,"Sewickley, PA",40.54034,-80.18053
26373,"Palmyra, PA",40.308857,-76.59324
4107,"Clarks Summit, PA",41.494118,-75.703415
31494,"Exton, PA",40.029976,-75.62904
34932,"Yardley, PA",40.245663,-74.846
3711,"Blue Bell, PA",40.147808,-75.27278
11708,"Greencastle, PA",39.79037,-77.72777
51165,"Broomall, PA",39.968952,-75.35284
26149,"Newtown Square, PA",39.986813,-75.400764
24316,"Danville, PA",40.96648,-76.613144
55623,"Columbia, PA",41.038918,-76.41918
5332,"Jeannette, PA",40.328125,-79.61532
56565,"Willow Grove, PA",40.150703,-75.116234
25569,"Lewisburg, PA",40.964535,-76.884766
44983,"DuBois, PA",41.118652,-78.76224
20386,"Schwenksville, PA",40.256214,-75.46379
831524,"Somerset, PA",39.998,-79.04155
46708,"New Cumberland, PA",40.228443,-76.86738
46207,"Lehighton, PA",40.833992,-75.713554
34752,"West Mifflin, PA",40.363403,-79.86644
22474,"Northampton, PA",40.745136,-75.32893
12580,"Mars, PA",40.695835,-80.01188
11120,"Dillsburg, PA",40.110943,-77.035805
3649,"Berwick, PA",41.060204,-76.246124
11320,"Emmaus, PA",40.535015,-75.49187
49144,"Enola, PA",40.2853,-76.935844
25216,"Huntingdon, PA",40.344635,-78.02812
10934,"Conshohocken, PA",40.079277,-75.301575
15240,"Elkins Park, PA",40.077057,-75.12684
48650,"Carnegie, PA",40.40868,-80.08339
38690,"Gilbertsville, PA",40.323246,-75.60809
48787,"Bridgeville, PA",40.356182,-80.110054
41562,"Warren, PA",41.81196,-79.26544
23026,"Horsham, PA",40.184246,-75.13905
40213,"Oxford, PA",39.785206,-75.97902
831321,"Hatfield, PA",40.279636,-75.299576
57294,"Verona, PA",40.50646,-79.8431
17420,"Chester Springs, PA",40.095104,-75.61687
28274,"Brookhaven, PA",39.8693,-75.3823
12634,"McDonald, PA",40.370903,-80.23478
831313,"Dallas, PA",41.33617,-75.963264
51105,"Boyertown, PA",40.333706,-75.637405
17755,"Denver, PA",40.233147,-76.13717
831318,"Pittston, PA",41.325912,-75.78936
22035,"Greenville, PA",41.404263,-80.391
12228,"Kutztown, PA",40.517315,-75.77742
44609,"Clairton, PA",40.292294,-79.88172
52490,"Hermitage, PA",41.23339,-80.44868
49746,"Lock Haven, PA",41.13691,-77.44717
23089,"Lansdowne, PA",39.938168,-75.27185
7384,"Telford, PA",40.32205,-75.32796
831320,"Abington, PA",40.11422,-75.13023
9162,"Oil City, PA",41.43395,-79.70644
12872,"Mountain Top, PA",41.142353,-75.89368
53440,"Mount Pleasant, PA",40.148746,-79.54214
40381,"Plymouth Meeting, PA",40.102333,-75.274345
9324,"Wynnewood, PA",40.00285,-75.270744
25101,"Hershey, PA",40.28503,-76.653465
5952,"Milford, PA",41.322315,-74.80239
47910,"Sunbury, PA",40.861977,-76.793625
22865,"Souderton, PA",40.31177,-75.32517
13767,"Selinsgrove, PA",40.806244,-76.86071
52349,"Grove City, PA",41.1579,-80.08866
25159,"Hollidaysburg, PA",40.430775,-78.39008
23592,"Bangor, PA",40.86577,-75.2064
23637,"Beaver, PA",40.69166,-80.371
26645,"Punxsutawney, PA",40.94363,-78.97108
12557,"Marcus Hook, PA",39.819447,-75.41866
12896,"Myerstown, PA",40.375294,-76.30346
46720,"New Holland, PA",40.101765,-76.08523
52110,"Franklin, PA",39.925934,-77.74855
41849,"Birdsboro, PA",40.264538,-75.804085
15244,"Ellwood City, PA",40.858578,-80.28955
4727,"Fleetwood, PA",40.453983,-75.81798
50083,"Waynesburg, PA",39.896465,-80.17923
35806,"Moscow, PA",41.33675,-75.51852
30930,"Clearfield, PA",40.99087,-78.44574
24202,"Coopersburg, PA",40.51146,-75.390335
27218,"Spring Grove, PA",39.874542,-76.86581
3436,"Ardmore, PA",40.004128,-75.28829
20444,"Sharon, PA",41.233112,-80.4934
32915,"Monaca, PA",40.68729,-80.271454
31772,"Glenolden, PA",39.900112,-75.28908
38476,"Fairless Hills, PA",40.178143,-74.856445
49592,"New Hope, PA",40.364273,-74.95128
12211,"Kingston, PA",41.262012,-75.897194
37154,"Apollo, PA",40.58263,-79.56703
16967,"Belle Vernon, PA",40.125072,-79.86643
9801,"West Grove, PA",39.82172,-75.82671
7098,"Slatington, PA",40.74843,-75.611855
39827,"Mohnton, PA",40.285927,-75.98438
45797,"Honesdale, PA",41.5771,-75.25802
22444,"Mercer, PA",41.333454,-80.30144
832010,"Honey Brook, PA",40.094265,-75.91133
46671,"Nanticoke, PA",41.205265,-76.00494
19448,"Montoursville, PA",41.249542,-76.926704
6658,"Quarryville, PA",39.897045,-76.16357
25321,"Jersey Shore, PA",41.20202,-77.26441
49960,"Sellersville, PA",40.354286,-75.30501
31794,"Etters, PA",40.22459,-76.89808
26089,"New Brighton, PA",40.730354,-80.31005
33087,"New Oxford, PA",39.86386,-77.05584
398791,"Garnet Valley, PA",39.84296,-75.53705
19398,"Milton, PA",41.017727,-76.85308
5097,"Hawley, PA",41.47592,-75.18212
31160,"Dallastown, PA",39.900112,-76.640274
32920,"Monongahela, PA",39.952477,-79.95561
50542,"Littlestown, PA",39.74463,-77.08801
44298,"Breinigsville, PA",40.537693,-75.63518
46146,"Landenberg, PA",39.777332,-75.771324
46972,"Palmerton, PA",40.801483,-75.61018
36548,"Spring City, PA",40.176765,-75.54768
26250,"Oakdale, PA",40.398125,-80.185616
39530,"Lower Burrell, PA",40.588284,-79.72982
26457,"Pennsburg, PA",40.390934,-75.49213
9922,"Hamburg, PA",40.55531,-75.98241
8032,"Yeadon, PA",39.939003,-75.25546
9717,"Swarthmore, PA",39.902058,-75.349915
9289,"Windber, PA",40.2398,-78.83502
6976,"Schuylkill Haven, PA",40.630646,-76.17105
8276,"Bath, PA",40.72652,-75.39349
396083,"Leola, PA",40.087875,-76.18495
42174,"Hellertown, PA",40.57944,-75.34055
44145,"Berwyn, PA",40.04483,-75.438805
30484,"Blairsville, PA",40.430992,-79.26262
49488,"Munhall, PA",40.392292,-79.90005
33665,"Ridley Park, PA",39.88122,-75.3238
17916,"Edinboro, PA",41.87422,-80.13172
17832,"Duncansville, PA",40.423405,-78.43391
34229,"Tamaqua, PA",40.79743,-75.96962
34716,"Wellsboro, PA",41.748684,-77.30053
16447,"Millersville, PA",39.997997,-76.35454
49634,"Newville, PA",40.173058,-77.39932
29497,"Titusville, PA",41.62447,-79.669655
36732,"Sayre, PA",41.978962,-76.515495
10111,"Ambridge, PA",40.586437,-80.22736
43558,"Corry, PA",41.920334,-79.64033
50446,"Ebensburg, PA",40.48528,-78.724846
54755,"Tunkhannock, PA",41.538517,-75.946846
36127,"Mifflinburg, PA",40.917583,-77.04775
831662,"Pine Grove, PA",40.548424,-76.38468
208088,"Bala-Cynwyd, PA",40.007614,-75.23407
8575,"Lafayette Hill, PA",40.093998,-75.25296
42641,"Narberth, PA",40.008446,-75.26046
37561,"Brentwood, PA",40.37327,-79.975624
48592,"Wyomissing, PA",40.329536,-75.96521
16862,"Baden, PA",40.635067,-80.22812
24138,"Coal Township, PA",40.791824,-76.59361
12352,"Leechburg, PA",40.627106,-79.60592
27840,"Wernersville, PA",40.330093,-76.0805
38250,"Duncannon, PA",40.393143,-77.03258
36024,"Philipsburg, PA",40.896446,-78.220566
8166,"Charleroi, PA",40.13785,-79.8981
6319,"Olyphant, PA",41.46883,-75.60239
14090,"Tarentum, PA",40.602135,-79.75452
38501,"Fayetteville, PA",39.913338,-77.562614
23851,"Brookville, PA",41.160435,-79.07947
10739,"Catasauqua, PA",40.653355,-75.47448
50819,"Avondale, PA",39.823444,-75.78327
21583,"Croydon, PA",40.08949,-74.89808
22107,"Drums, PA",41.01814,-75.99493
21100,"Villanova, PA",40.03733,-75.349075
52973,"Lincoln University, PA",39.806553,-75.9287
6149,"New Freedom, PA",39.73788,-76.70136
832008,"Chadds Ford, PA",39.87203,-75.59142
33957,"Sharon Hill, PA",39.906303,-75.27214
34327,"Trafford, PA",40.38214,-79.761566
14360,"Vandergrift, PA",40.602848,-79.56477
25880,"Middleburg, PA",40.785915,-77.0472
48225,"Venetia, PA",40.24674,-80.042274
54903,"Valencia, PA",40.674862,-79.988495
27756,"Walnutport, PA",40.75426,-75.5988
32231,"Jim Thorpe, PA",40.86361,-75.73869
33958,"Shavertown, PA",41.3198,-75.93797
17524,"Collingdale, PA",39.91178,-75.27713
20162,"Richboro, PA",40.229683,-74.99949
24476,"East Berlin, PA",39.937595,-76.97859
42672,"Parkesburg, PA",39.958717,-75.919395
51206,"Bushkill, PA",41.09343,-75.00184
34927,"Wyoming, PA",41.51791,-76.01911
8022,"Wyncote, PA",40.0907,-75.14589
46877,"Old Forge, PA",41.37119,-75.73492
24880,"Glenmoore, PA",40.08899,-75.77188
38470,"Fairfield, PA",39.787315,-77.3686
15116,"Bernville, PA",40.433426,-76.11217
831316,"Plymouth, PA",41.24036,-75.94464
25756,"Marietta, PA",40.057045,-76.55213
35721,"Jonestown, PA",41.12643,-76.30703
29418,"Seven Valleys, PA",39.855606,-76.768486
15311,"Everett, PA",40.01147,-78.37335
56630,"Schnecksville, PA",40.676365,-75.621445
36720,"Stewartstown, PA",39.753716,-76.591354
37533,"Braddock, PA",40.403404,-79.868385
25894,"Mill Hall, PA",41.107876,-77.48481
28557,"Glen Rock, PA",39.79316,-76.73025
35145,"Cheswick, PA",40.5411,-79.801346
20394,"Scottdale, PA",40.10035,-79.58698
19453,"Montrose, PA",41.833965,-75.87714
7955,"Willow Street, PA",39.979267,-76.276344
23547,"Audubon, PA",40.131176,-75.4228
22079,"Finleyville, PA",40.252293,-80.00283
31231,"Dingmans Ferry, PA",41.220093,-74.87128
36999,"Wrightsville, PA",40.02668,-76.53344
24817,"Furlong, PA",40.29622,-75.082115
20763,"Temple, PA",40.409317,-75.921875
831315,"Exeter, PA",41.320637,-75.819084
53270,"Mercersburg, PA",39.82822,-77.903725
11106,"Devon, PA",40.04736,-75.42295
4745,"Ford City, PA",40.770695,-79.53141
23224,"Oreland, PA",40.11549,-75.18116
38608,"Freedom, PA",40.685623,-80.251724
50000,"Sharpsville, PA",41.259224,-80.472015
56398,"Pleasant Hills, PA",40.335625,-79.96061
26382,"Paoli, PA",40.04057,-75.49279
6250,"Northumberland, PA",40.848846,-76.694374
396647,"White Oak, PA",40.33914,-79.810936
30654,"Burgettstown, PA",40.38201,-80.392845
48370,"Waymart, PA",41.580364,-75.40823
8047,"Zelienople, PA",40.79576,-80.13708
51856,"Effort, PA",40.94493,-75.44297
41658,"West Newton, PA",40.209835,-79.76698
54113,"Reynoldsville, PA",41.097008,-78.88864
20885,"Union City, PA",41.8995,-79.84533
25886,"Mifflintown, PA",40.5698,-77.396935
55803,"Homer City, PA",40.5434,-79.162254
10188,"Ashland, PA",40.781754,-76.34578
42875,"Millersburg, PA",40.541714,-76.9614
22836,"Smithfield, PA",39.801773,-79.81066
53445,"Mount Wolf, PA",40.062893,-76.70425
45297,"Folsom, PA",39.89191,-75.32766
39891,"Mount Carmel, PA",40.79684,-76.41311
6574,"Port Matilda, PA",40.799664,-78.054184
831322,"Cheltenham, PA",40.060944,-75.09406
42306,"Leesport, PA",40.447037,-75.966324
12511,"Mahanoy City, PA",40.812588,-76.1416
22401,"Newmanstown, PA",40.350975,-76.210915
42347,"Evans City, PA",40.769234,-80.062836
27977,"Wind Gap, PA",40.848152,-75.29157
6010,"Monessen, PA",40.16205,-79.887634
14774,"Coplay, PA",40.670097,-75.49546
41584,"Watsontown, PA",41.084473,-76.863075
24800,"Freeland, PA",41.01675,-75.89714
40007,"Newport, PA",40.47786,-77.13054
41312,"Turtle Creek, PA",40.405926,-79.82505
25723,"Manchester, PA",40.05881,-76.72114
24770,"Fort Washington, PA",40.147854,-75.18973
51857,"Eighty Four, PA",40.182716,-80.13315
21738,"Cambridge Springs, PA",41.80367,-80.05644
39188,"Kane, PA",41.662838,-78.81114
19729,"Oakmont, PA",40.521736,-79.84227
11316,"Elverson, PA",40.156765,-75.83271
10771,"Centre Hall, PA",40.844505,-77.68365
35785,"Morton, PA",39.909836,-75.323524
5232,"Hughesville, PA",41.239178,-76.726685
35281,"Albion, PA",41.89061,-80.366455
13823,"Shickshinny, PA",41.153137,-76.15021
53457,"Mountville, PA",40.039265,-76.43079
55838,"Lemoyne, PA",40.241215,-76.89427
39164,"Jermyn, PA",41.530914,-75.54546
20462,"Shenandoah, PA",40.820442,-76.20111
10159,"Archbald, PA",41.494804,-75.53685
832009,"Nottingham, PA",39.748444,-76.018555
40451,"Prospect Park, PA",39.88789,-75.30824
46924,"Orwigsburg, PA",40.654858,-76.10073
45824,"Houtzdale, PA",40.825058,-78.35113
52163,"Gap, PA",39.989475,-76.01735
24698,"Felton, PA",39.85416,-76.56497
56200,"Mansfield, PA",41.805687,-77.079285
41816,"York Haven, PA",40.110138,-76.71345
30765,"Carmichaels, PA",39.896744,-79.9745
19339,"Meyersdale, PA",39.813694,-79.02475
37486,"Boiling Springs, PA",40.150043,-77.1308
47778,"South Williamsport, PA",41.23202,-76.99914
29036,"Marysville, PA",40.339092,-76.932755
47052,"Pen Argyl, PA",40.868706,-75.254906
7475,"Trooper, PA",40.148388,-75.396385
18132,"Folcroft, PA",39.890945,-75.2838
11517,"Frackville, PA",40.78382,-76.230385
21512,"Crafton, PA",40.435055,-80.0661
43536,"Martinsburg, PA",40.311188,-78.32418
19699,"Norwood, PA",39.89178,-75.29963
395931,"Susquehanna, PA",41.943985,-75.60419
51639,"Dalton, PA",41.534245,-75.73602
29120,"Lewisberry, PA",40.135094,-76.859695
39991,"New Wilmington, PA",41.12228,-80.33284
4223,"Coudersport, PA",41.77281,-78.01927
8063,"Biglerville, PA",39.930378,-77.24827
831593,"Windsor, PA",39.915653,-76.581024
33828,"Saltsburg, PA",40.486454,-79.45143
10887,"Cochranville, PA",39.891773,-75.921616
50611,"Delta, PA",39.72705,-76.32662
51792,"East Greenville, PA",40.406487,-75.50185
12828,"Moosic, PA",41.353413,-75.73825
38234,"Dresher, PA",40.14094,-75.16684
28885,"Morgantown, PA",40.15522,-75.889915
32818,"Merion Station, PA",39.99754,-75.25161
41189,"Taylor, PA",41.38407,-75.709404
44114,"Belleville, PA",40.60186,-77.72809
50666,"Alburtis, PA",40.51148,-75.6037
46818,"Northern Cambria, PA",40.65758,-78.779076
10807,"Chesterbrook, PA",40.072643,-75.45625
19443,"Montgomery, PA",40.215435,-75.37023
43982,"Auburn, PA",40.598427,-76.09327
22380,"Perkiomenville, PA",40.32427,-75.47796
34892,"Womelsdorf, PA",40.36418,-76.187706
15607,"Roaring Spring, PA",40.335907,-78.39085
831595,"Shrewsbury, PA",39.768757,-76.67965
23780,"Boswell, PA",40.161465,-79.028915
27083,"Shillington, PA",40.30787,-75.96549
51770,"Duquesne, PA",40.38146,-79.85977
54645,"Swoyersville, PA",41.291748,-75.87464
213174,"McVeytown, PA",40.497913,-77.7414
42068,"Cochranton, PA",41.520054,-80.04839
11703,"Green Lane, PA",40.33677,-75.46907
57064,"Loganton, PA",41.034702,-77.30661
12931,"New Bethlehem, PA",41.00173,-79.33143
27865,"West Hazleton, PA",40.958694,-75.99604
31949,"Harmony, PA",40.802776,-80.12805
3831,"Brockway, PA",41.24923,-78.79948
21800,"Freeport, PA",40.673954,-79.68477
38331,"Edwardsville, PA",41.26781,-75.908485
25213,"Hunlock Creek, PA",41.206387,-76.06587
48571,"Woodlyn, PA",39.878807,-75.34411
22128,"Jessup, PA",41.468693,-75.56213
55480,"Bridgeport, PA",40.104305,-75.34295
831317,"Nescopeck, PA",41.052097,-76.22054
55116,"West Middlesex, PA",41.174225,-80.4534
24459,"Duryea, PA",41.347816,-75.756424
51393,"Chicora, PA",40.95041,-79.741295
28839,"Fountain Hill, PA",40.60152,-75.39544
55493,"Churchville, PA",40.197395,-74.99828
15839,"Millerstown, PA",40.54955,-77.15487
14571,"West Reading, PA",40.333702,-75.94743
44825,"Curwensville, PA",40.975613,-78.525024
28409,"Berlin, PA",39.920837,-78.9586
213116,"McConnellsburg, PA",39.93259,-77.99889
41916,"Arnold, PA",40.57951,-79.76446
51654,"Dauphin, PA",40.398037,-76.811516
213113,"McClure, PA",40.70702,-77.31443
45822,"Houston, PA",40.24646,-80.21145
46695,"Nesquehoning, PA",40.864532,-75.81103
28318,"Barto, PA",40.390972,-75.60968
38213,"Donora, PA",40.17858,-79.85617
14739,"York Springs, PA",40.008984,-77.11554
7805,"Weatherly, PA",40.941753,-75.82964
50153,"West Pittston, PA",41.32791,-75.80071
24591,"Emporium, PA",41.51145,-78.23529
24185,"Conneaut Lake, PA",41.603386,-80.30534
51972,"Factoryville, PA",41.563194,-75.7828
45446,"Glassport, PA",40.32479,-79.89227
8287,"Clymer, PA",40.66826,-79.01175
28445,"East Petersburg, PA",40.100037,-76.35411
20203,"Robesonia, PA",40.35176,-76.13439
9159,"Minersville, PA",40.690643,-76.26217
33788,"Saegertown, PA",41.718945,-80.14756
26112,"New Ringgold, PA",40.686066,-75.999084
30142,"Akron, PA",40.15676,-76.20217
14615,"White Haven, PA",41.06064,-75.77408
24100,"Claysville, PA",40.11785,-80.41035
3700,"New Bloomfield, PA",40.419758,-77.18715
32850,"Midland, PA",40.632565,-80.44646
8519,"Lake City, PA",42.018772,-80.34608
49586,"Masontown, PA",39.846745,-79.89977
11611,"Gladwyne, PA",40.03973,-75.27918
43810,"Abbottstown, PA",39.886486,-76.9847
28796,"Flourtown, PA",40.103085,-75.20423
12334,"Laureldale, PA",40.38815,-75.917984
37873,"Christiana, PA",39.954826,-75.996895
396658,"Newburg, PA",40.835342,-78.67697
16160,"Smethport, PA",41.80911,-78.446266
49648,"Ringtown, PA",40.8587,-76.22966
51779,"Eagleville, PA",40.160084,-75.410675
7451,"Tower City, PA",40.58928,-76.55238
11976,"Hopwood, PA",39.873863,-79.70378
40312,"Perryopolis, PA",40.087116,-79.75072
18084,"Farrell, PA",41.21228,-80.496735
25506,"Lansford, PA",40.8319,-75.88238
6437,"Patton, PA",40.633957,-78.6503
16850,"Avella, PA",40.27507,-80.460625
49563,"New Alexandria, PA",40.394966,-79.420494
4750,"Forest City, PA",41.651474,-75.466576
45326,"Forty Fort, PA",41.27897,-75.87825
29734,"Spring Mills, PA",40.853333,-77.56151
45918,"Jamestown, PA",41.484776,-80.43757
16613,"Linesville, PA",41.656166,-80.42396
831319,"Sugarloaf, PA",41.0015,-76.08327
831667,"California, PA",40.065773,-79.891846
42881,"Milroy, PA",40.716213,-77.58922
396665,"Landisville, PA",40.09512,-76.410194
27954,"Williamsburg, PA",40.461185,-78.20168
7409,"Thomasville, PA",39.92871,-76.850525
17748,"Delmont, PA",40.413124,-79.57032
6966,"Saxonburg, PA",40.753994,-79.810394
45158,"Emlenton, PA",41.18066,-79.70962
38383,"Elysburg, PA",40.867683,-76.5481
396644,"Nanty Glo, PA",40.471516,-78.834564
6084,"Mount Union, PA",40.38452,-77.88222
20018,"Port Allegany, PA",41.810898,-78.27973
21817,"Henryville, PA",41.093704,-75.241295
37065,"Airville, PA",39.832306,-76.406364
20130,"Reedsville, PA",40.65423,-77.601685
18493,"Harveys Lake, PA",41.35258,-76.032425
30384,"Bechtelsville, PA",40.37343,-75.629074
5862,"McAdoo, PA",40.902153,-75.993706
53967,"Port Royal, PA",40.533413,-77.385544
19579,"New Florence, PA",40.38035,-79.07531
6079,"Mount Pocono, PA",41.122097,-75.3647
6352,"Osceola Mills, PA",40.85189,-78.27003
20476,"Shoemakersville, PA",40.500927,-75.96993
213172,"McSherrystown, PA",39.803844,-77.01924
10357,"Bentleyville, PA",40.116737,-80.008385
31390,"Elizabethville, PA",40.548973,-76.81191
831192,"Shohola, PA",41.473152,-74.916245
13200,"Parker, PA",41.095894,-79.68255
47204,"Portersville, PA",40.92551,-80.14426
4615,"Etna, PA",40.503597,-79.94844
213097,"McAlisterville, PA",40.639366,-77.277336
4987,"Greentown, PA",41.321754,-75.30546
16065,"Volant, PA",41.11367,-80.25895
12642,"Mc Kean, PA",40.875896,-79.89483
5287,"Ingram, PA",40.44618,-80.06756
32873,"Millvale, PA",40.48007,-79.978386
29029,"Richland, PA",40.35926,-76.258286
49937,"Worthington, PA",40.838455,-79.63146
45362,"Friedens, PA",40.044186,-79.00123
57108,"Atglen, PA",39.949272,-75.973564
831528,"New Milford, PA",41.876144,-75.72656
14038,"Summit Hill, PA",40.824814,-75.87103
8766,"Harrisville, PA",41.136734,-80.00925
4199,"Conneautville, PA",41.75783,-80.36784
32765,"McMurray, PA",40.27915,-80.08863
831663,"Hegins, PA",40.65142,-76.49778
45052,"East Pittsburgh, PA",40.39571,-79.83844
9818,"Mount Pleasant Mills, PA",40.72167,-77.03013
16106,"Wapwallopen, PA",41.074528,-76.13076
26705,"Red Hill, PA",40.378075,-75.48161
396158,"Centerville, PA",40.045353,-79.97561
52962,"Lilly, PA",40.425907,-78.62002
396673,"New Salem, PA",39.901623,-76.789215
396673,"New Salem, PA",39.901623,-76.789215
48325,"Wampum, PA",40.88812,-80.33812
51110,"Brackenridge, PA",40.608124,-79.74116
35461,"Hollsopple, PA",40.212578,-78.92892
44659,"Coal Center, PA",40.068405,-79.90172
396179,"Fredericksburg, PA",41.641857,-80.1822
51067,"Boalsburg, PA",40.77631,-77.78302
10196,"Aspers, PA",39.976925,-77.227646
25786,"Matamoras, PA",41.368706,-74.700165
34083,"Spartansburg, PA",41.82392,-79.68538
9659,"Thorndale, PA",39.999374,-75.75078
48681,"Dayton, PA",40.880344,-79.24198
33438,"Pitcairn, PA",40.403126,-79.7781
32975,"Mount Holly Springs, PA",40.118423,-77.18998
28062,"Youngsville, PA",41.85228,-79.31866
8491,"Kulpmont, PA",40.79342,-76.47246
41585,"Wattsburg, PA",42.00368,-79.81103
43176,"Youngwood, PA",40.24035,-79.576706
47433,"Rockwood, PA",39.915634,-79.15225
11781,"Hallstead, PA",41.96161,-75.74713
17840,"Dushore, PA",41.524242,-76.40077
49450,"Luzerne, PA",41.174965,-75.96952
39091,"Hyndman, PA",39.82263,-78.71875
55511,"Brodheadsville, PA",40.92622,-75.399445
16825,"Aspinwall, PA",40.49124,-79.90351
44627,"Claysburg, PA",40.28962,-78.447136
24541,"Edinburg, PA",41.014503,-80.43674
41470,"Vanderbilt, PA",40.033615,-79.661255
23213,"Homestead, PA",40.405903,-79.911995
49999,"Sharpsburg, PA",40.494514,-79.92644
45957,"Johnsonburg, PA",41.490616,-78.675026
18198,"Freemansburg, PA",40.626488,-75.34573
7057,"Shinglehouse, PA",41.963676,-78.19084
32418,"Landisburg, PA",40.342583,-77.307205
13353,"Polk, PA",41.367,-79.92922
29716,"Highspire, PA",40.211113,-76.790245
5279,"Industry, PA",40.64451,-80.416176
47868,"Stoystown, PA",40.103405,-78.95457
23529,"Ashville, PA",40.56007,-78.54863
23084,"Brogue, PA",39.872356,-76.48464
831193,"Pulaski, PA",41.11339,-80.43229
20275,"Rural Valley, PA",40.799232,-79.31448
35365,"East Lansdowne, PA",39.945667,-75.26129
36014,"Newfoundland, PA",41.307312,-75.3199
216328,"Thompsonville, PA",40.28073,-80.12381
16482,"New Eagle, PA",40.207848,-79.94699
41613,"Wellsville, PA",40.050606,-76.93832
5022,"Guys Mills, PA",41.630733,-79.97347
396663,"Fredericktown-Millsboro, PA",39.997055,-80.004585
18956,"Larksville, PA",41.245083,-75.930756
22837,"Smithton, PA",40.15396,-79.74115
52225,"Glen Lyon, PA",41.18353,-76.07162
7344,"Sweet Valley, PA",41.282303,-76.14465
3465,"Ashley, PA",41.211964,-75.90053
396669,"Grindstone, PA",40.01809,-79.829315
31542,"Fayette City, PA",40.10035,-79.8406
55915,"Lawrenceville, PA",40.467567,-79.96061
8534,"Enon Valley, PA",40.854786,-80.45701
831661,"Tremont, PA",40.62842,-76.38718
26115,"New Stanton, PA",40.219227,-79.609726
52601,"Hunker, PA",40.204697,-79.61582
16348,"Penndel, PA",40.152054,-74.91656
39309,"Laceyville, PA",41.64591,-76.161316
43615,"Dawson, PA",40.047028,-79.65554
7957,"Wilmerding, PA",40.390903,-79.81005
41967,"Avoca, PA",41.3398,-75.736305
40777,"Scenery Hill, PA",40.085907,-80.070335
56926,"Marion Center, PA",40.772038,-79.047005
11633,"Glenville, PA",39.757217,-76.81574
33794,"Saint Clair, PA",40.720795,-76.19113
16480,"New Albany, PA",41.600075,-76.44189
7411,"Thompsontown, PA",40.56444,-77.237335
49215,"Fairchance, PA",39.8248,-79.75449
214630,"Pocono Lake, PA",41.105366,-75.47602
40375,"Pleasantville, PA",40.17981,-78.61383
57037,"Stoneboro, PA",41.339222,-80.10506
56732,"Three Springs, PA",40.19508,-77.983055
19038,"Linwood, PA",39.826565,-75.42505
20375,"Saxton, PA",40.21536,-78.24447
10070,"Alexandria, PA",40.556458,-78.097786
20026,"Port Trevorton, PA",40.6891,-76.88882
55312,"Conway, PA",40.65979,-80.23923
48768,"Cherry Tree, PA",40.726456,-78.806694
7528,"Union Dale, PA",41.716858,-75.49242
17821,"Dublin, PA",40.37159,-75.20162
40450,"Prospect, PA",40.904507,-80.04645
24166,"Colmar, PA",40.26733,-75.25351
42261,"Girardville, PA",40.791477,-76.283554
36335,"Seneca, PA",41.377537,-79.70867
44206,"Blossburg, PA",41.67952,-77.06386
7215,"Springboro, PA",41.80061,-80.36896
6150,"New Galilee, PA",40.835617,-80.39951
37943,"Coalport, PA",40.74784,-78.53447
56242,"Richfield, PA",40.683575,-77.12132
10930,"Confluence, PA",39.812855,-79.356705
26757,"Riegelsville, PA",40.594322,-75.19517
35747,"Karns City, PA",40.994854,-79.72633
8134,"Central City, PA",40.110634,-78.80196
24691,"Fawn Grove, PA",39.727882,-76.451904
41717,"Williamstown, PA",40.580086,-76.617744
52440,"Hastings, PA",40.665066,-78.71225
31286,"Dupont, PA",41.32508,-75.74547
30382,"Beavertown, PA",40.75362,-77.16932
43363,"James Creek, PA",40.40905,-78.137665
51462,"Coaldale, PA",40.82496,-75.908516
16858,"Avonmore, PA",40.528954,-79.46143
29848,"Turbotville, PA",41.102028,-76.77107
37250,"Bakerstown, PA",40.6509,-79.93645
5209,"Hooversville, PA",40.147022,-78.91197
11876,"Herndon, PA",40.70953,-76.84247
48864,"Bulger, PA",40.378403,-80.32784
21898,"Elkland, PA",41.986183,-77.310814
54213,"Roseto, PA",40.88065,-75.21462
47076,"Petersburg, PA",40.57257,-78.04695
9764,"Manns Choice, PA",40.002583,-78.59113
51427,"Clarendon, PA",41.78006,-79.093094
8843,"Orrstown, PA",40.0587,-77.609985
47175,"Point Marion, PA",39.738968,-79.89867
31091,"Cranesville, PA",41.905056,-80.34367
17857,"East Brady, PA",40.98516,-79.61185
18194,"Fredonia, PA",41.321724,-80.258675
22881,"West Conshohocken, PA",40.06983,-75.31629
48777,"Austin, PA",41.631527,-78.09113
7459,"Trainer, PA",39.827614,-75.41436
27369,"Tannersville, PA",41.040092,-75.30574
29582,"West Homestead, PA",40.39396,-79.911995
46775,"North Belle Vernon, PA",40.12924,-79.8681
43412,"Mont Alto, PA",39.84426,-77.55833
13793,"Shamokin Dam, PA",40.848698,-76.81969
51658,"Davidsville, PA",40.234512,-78.93464
399424,"Clarksville, PA",39.974068,-80.04393
54368,"Seward, PA",40.414238,-79.02003
50426,"New Park, PA",39.734898,-76.50554
50952,"Bellwood, PA",40.60057,-78.33268
22518,"Port Carbon, PA",40.69547,-76.1657
40536,"Renovo, PA",41.326454,-77.750824
209691,"Daisytown, PA",40.31924,-78.900856
52278,"Grampian, PA",40.965893,-78.61308
12089,"Jacobus, PA",39.883156,-76.710526
49203,"Hydetown, PA",41.652557,-79.727
19773,"Orbisonia, PA",40.24286,-77.89305
56629,"Schellsburg, PA",40.04897,-78.64419
32647,"Mahaffey, PA",40.87284,-78.7242
36414,"Shiremanstown, PA",40.221165,-76.955635
41645,"West Lawn, PA",40.329678,-75.99382
51744,"Dravosburg, PA",40.350624,-79.88616
6845,"Rossiter, PA",40.897896,-78.935196
398600,"Conyngham, PA",40.992027,-76.056595
44543,"Champion, PA",40.42257,-80.29089
51312,"Cecil-Bishop, PA",40.31876,-80.19975
12572,"Markleysburg, PA",39.733135,-79.45282
17060,"Blawnox, PA",40.4934,-79.8606
17860,"East Butler, PA",40.877953,-79.84648
57232,"Galeton, PA",41.73299,-77.6417
56170,"Rebersburg, PA",40.942135,-77.4416
36399,"Tidioute, PA",41.68506,-79.40311
38484,"Falls Creek, PA",41.141445,-78.80575
10123,"Amity, PA",40.039516,-80.20506
45952,"Joffre, PA",40.379234,-80.360344
49818,"Salisbury, PA",40.57341,-75.43288
24537,"Edgeworth, PA",40.551178,-80.19284
23355,"Zion Grove, PA",40.902702,-76.20923
22826,"Rouseville, PA",41.46895,-79.69089
7822,"West Alexander, PA",40.10414,-80.50818
11582,"Garrett, PA",39.863136,-79.05808
47246,"Prosperity, PA",40.047016,-80.294785
10986,"Creekside, PA",40.6812,-79.19211
39630,"Marianna, PA",40.024796,-80.10006
3777,"Brackney, PA",41.9898,-75.926865
49111,"Knoxville, PA",41.957294,-77.43887
42527,"Mont Clare, PA",40.138992,-75.50241
12717,"Mifflin, PA",40.609917,-77.621506
20662,"Stillwater, PA",41.14897,-76.365776
10039,"Adamstown, PA",40.241203,-76.05633
18547,"Herminie, PA",40.263287,-79.71445
37276,"Barnesville, PA",40.814785,-76.031235
4429,"Duboistown, PA",41.22258,-77.03691
32365,"Laflin, PA",41.28897,-75.80547
14085,"Tamiment, PA",41.142315,-75.027115
36023,"Petrolia, PA",41.01673,-79.71755
54130,"Richlandtown, PA",40.4701,-75.32046
53548,"New Philadelphia, PA",40.719536,-76.11577
40900,"Sigel, PA",41.275063,-79.11309
9518,"West Leechburg, PA",40.63388,-79.6182
24203,"Cooperstown, PA",41.49867,-79.87033
30308,"Avis, PA",41.184795,-77.313866
21221,"West Easton, PA",40.678764,-75.23685
211560,"Hickory, PA",40.298958,-80.30867
831530,"Thompson, PA",41.863693,-75.51435
21277,"Whitaker, PA",40.398403,-79.88977
831191,"Lackawaxen, PA",41.481995,-74.985985
54724,"Toughkenamon, PA",39.832813,-75.753525
44283,"Bradfordwoods, PA",40.637966,-80.08311
3475,"Atlantic, PA",41.507748,-80.33935
3925,"Cairnbrook, PA",40.11897,-78.81808
48949,"Commodore, PA",40.713646,-78.936424
7452,"Townville, PA",41.677834,-79.879776
21706,"Beaver Meadows, PA",40.928288,-75.915085
20472,"Shirleysburg, PA",40.29786,-77.87416
50440,"Hesston, PA",40.420906,-78.11001
55456,"Cressona, PA",40.63039,-76.194695
18290,"Glen Campbell, PA",40.820896,-78.82697
25501,"Langeloth, PA",40.36507,-80.413956
40384,"Pocono Pines, PA",41.11548,-75.44955
50987,"Bessemer, PA",40.974987,-80.49374
17998,"Equinunk, PA",41.855923,-75.223785
25541,"Leetsdale, PA",40.56312,-80.20839
41280,"Tresckow, PA",40.917057,-75.97006
11201,"East Bangor, PA",40.87954,-75.18379
10244,"Bally, PA",40.40232,-75.58713
39682,"Mayfield, PA",41.53827,-75.535904
5115,"Heidelberg, PA",40.3922,-80.087135
49751,"Mill Creek, PA",40.436806,-77.931175
27873,"West Pittsburg, PA",40.93284,-80.363396
18718,"Ivyland, PA",40.207886,-75.07267
4106,"Clarks Green, PA",41.498108,-75.69562
18709,"Irvona, PA",40.774506,-78.55336
50631,"Aaronsburg, PA",40.900337,-77.45403
22640,"Utica, PA",41.43561,-79.95728
16944,"Beaver Springs, PA",40.742607,-77.22999
41141,"Sutersville, PA",40.23658,-79.801796
831523,"Fairhope, PA",39.840084,-78.79196
14076,"Tafton, PA",41.404533,-75.18295
31842,"Greeley, PA",41.42004,-74.99553
831668,"West Finley, PA",39.99313,-80.46313
19364,"Midway, PA",40.369236,-80.29284
9899,"Palm, PA",40.428154,-75.53296
5079,"Hartstown, PA",41.55233,-80.3816
15979,"Sugar Notch, PA",41.197025,-75.92825
39070,"Hulmeville, PA",40.143166,-74.911
33455,"Pleasant Gap, PA",40.8675,-77.74297
54737,"Trevorton, PA",40.78132,-76.67309
10427,"Blain, PA",40.338955,-77.51253
13786,"Shade Gap, PA",40.180916,-77.86583
56133,"Mount Cobb, PA",41.413418,-75.49324
55280,"Yeagertown, PA",40.642365,-77.57983
16338,"Topton, PA",40.50343,-75.7013
36048,"North Apollo, PA",40.596176,-79.5556
53518,"New Berlin, PA",40.877514,-76.98661
13020,"North Irwin, PA",40.338486,-79.71154
52067,"Fort Hill, PA",39.830357,-79.27253
14013,"Strabane, PA",40.250904,-80.19784
216627,"Valley View, PA",40.648087,-76.5353
13223,"Paupack, PA",41.396202,-75.19629
35600,"Le Raysville, PA",41.838688,-76.18021
30442,"Bethany, PA",41.613144,-75.28434
19210,"Markleton, PA",39.860634,-79.226974
831525,"Addison, PA",39.7473,-79.3392
47951,"Tatamy, PA",40.741783,-75.25604
10597,"Bryn Athyn, PA",40.1315,-75.06739
214406,"Pennsbury Village, PA",40.428123,-80.10061
20063,"Pringle, PA",41.278137,-75.89714
48674,"Blairs Mills, PA",40.283752,-77.71825
26880,"Russellton, PA",40.6105,-79.8421
25430,"Koppel, PA",40.834232,-80.32229
47834,"Starrucca, PA",41.899807,-75.47073
28549,"Ellsworth, PA",40.112015,-80.01727
26789,"Robertsdale, PA",40.184246,-78.11529
46417,"Marion Heights, PA",40.804253,-76.46495
31075,"Courtdale, PA",41.280083,-75.91214
215089,"Rockhill, PA",40.241646,-77.89972
831660,"Venango, PA",41.399612,-79.77094
52908,"Lawrence, PA",41.001415,-80.350075
832011,"Spruce Creek, PA",40.61002,-78.13379
41077,"Stockdale, PA",40.08341,-79.8481
30169,"Allensville, PA",40.535908,-77.81694
31339,"East Vandergrift, PA",40.59812,-79.56116
216329,"Thornburg, PA",40.43342,-80.086235
8050,"Zieglersville, PA",40.26895,-75.46997
27903,"Westover, PA",40.750305,-78.670876
31475,"Everson, PA",40.091183,-79.58754
12742,"Millheim, PA",40.8909,-77.47666
9005,"Republic, PA",39.966354,-79.8744
47447,"Roscoe, PA",40.079517,-79.8656
51148,"Broad Top, PA",40.2023,-78.14084
11374,"Export, PA",40.418125,-79.6256
832012,"Todd, PA",40.26008,-78.07639
53318,"Milesburg, PA",40.941727,-77.785
4104,"Clarence, PA",41.047737,-77.93541
20066,"Prompton, PA",41.582863,-75.32518
24086,"Clarington, PA",41.33256,-79.12309
30782,"Cassville, PA",40.293133,-78.02695
212801,"Lowber, PA",40.245903,-79.77088
19489,"Mount Gretna, PA",40.246357,-76.47032
38996,"Hiller, PA",40.008396,-79.90165
8596,"Hyde Park, PA",40.632565,-79.58977
9564,"Glendon, PA",40.66621,-75.23601
22348,"New Salem, PA",39.901623,-76.789215
22348,"New Salem, PA",39.901623,-76.789215
30971,"Cokeburg, PA",40.101185,-80.067276
18139,"Ford Cliff, PA",40.76089,-79.535965
45941,"Jenners, PA",40.14313,-79.04281
33199,"Nuremberg, PA",40.93758,-76.1668
17744,"Delaware Water Gap, PA",40.984524,-75.14396
48388,"Weissport, PA",40.828884,-75.7023
22009,"Grapeville, PA",40.324818,-79.6067
13521,"Rillton, PA",40.289238,-79.731155
19390,"Millsboro, PA",39.985302,-79.99366
211840,"Hutchinson, PA",40.777386,-75.12307
31423,"Elrama, PA",40.252014,-79.92505
41869,"Blanchard, PA",41.06415,-77.607834
22429,"Pillow, PA",40.64092,-76.80247
43012,"Sandy Ridge, PA",40.81018,-78.234665
53140,"Manorville, PA",40.787964,-79.52013
831669,"Beallsville, PA",40.06535,-80.02367
13374,"Portland, PA",40.92216,-75.09798
26637,"Providence, RI",41.82399,-71.412834
31093,"Cranston, RI",41.779587,-71.43668
6443,"Pawtucket, RI",41.878952,-71.38212
14478,"Warwick, RI",41.699272,-71.45861
4488,"East Providence, RI",41.81941,-71.37626
43575,"Woonsocket, RI",42.002876,-71.514786
11015,"Cumberland, RI",41.966766,-71.43284
51567,"Coventry, RI",41.7001,-71.682846
40069,"North Providence, RI",41.8501,-71.46617
55131,"West Warwick, RI",41.70613,-71.52215
18758,"Johnston, RI",41.83104,-71.54121
47764,"South Kingstown, RI",41.454945,-71.539474
19671,"North Kingstown, RI",41.55143,-71.46939
14847,"Central Falls, RI",41.88737,-71.38765
398547,"Westerly, RI",41.377598,-71.82729
26138,"Newport, RI",41.489983,-71.313774
12389,"Lincoln, RI",41.952923,-71.466385
395591,"Middletown, RI",41.54566,-71.291435
51143,"Bristol, RI",41.677048,-71.26616
10636,"Burrillville, RI",41.969975,-71.69779
33511,"Portsmouth, RI",41.602406,-71.25031
399115,"Tiverton, RI",41.62574,-71.166336
54440,"Smithfield, RI",41.922043,-71.54951
37287,"Barrington, RI",41.740765,-71.308464
38286,"East Greenwich, RI",41.660378,-71.455894
46674,"Narragansett, RI",41.450104,-71.4495
395524,"North Smithfield, RI",41.966766,-71.54951
56738,"Warren, RI",41.73038,-71.28255
399201,"Scituate, RI",41.785114,-71.61104
38720,"Glocester, RI",41.91043,-71.717636
32082,"Hopkinton, RI",41.45944,-71.780304
397305,"Richmond, RI",41.499832,-71.66026
30838,"Charlestown, RI",41.383156,-71.64173
28640,"Exeter, RI",41.57748,-71.53769
27861,"West Greenwich, RI",41.62262,-71.66579
31622,"Foster, RI",41.85371,-71.758125
12095,"Jamestown, RI",41.497047,-71.36728
19186,"Manville, RI",41.969822,-71.47367
32530,"Little Compton, RI",41.51011,-71.171165
37536,"Bradford, RI",41.393642,-71.740875
398956,"New Shoreham, RI",41.17221,-71.557304
4174,"Columbia, SC",34.000755,-81.03523
24960,"Greenville, SC",34.851353,-82.39849
4054,"Charleston, SC",32.788437,-79.93993
27317,"Summerville, SC",33.01867,-80.17627
46666,"Myrtle Beach, SC",33.695644,-78.89004
7191,"Spartanburg, SC",34.949802,-81.932014
13554,"Rock Hill, SC",34.924866,-81.02508
32489,"Lexington, SC",33.898685,-81.275055
6218,"North Charleston, SC",32.854618,-79.97481
3404,"Anderson, SC",34.525833,-82.65296
31612,"Fort Mill, SC",35.00737,-80.945076
40919,"Simpsonville, SC",34.737305,-82.25537
45291,"Florence, SC",34.198444,-79.767166
24965,"Greer, SC",34.938137,-82.22721
12864,"Mount Pleasant, SC",32.794064,-79.86259
41128,"Sumter, SC",33.920437,-80.34147
31023,"Conway, SC",33.836002,-79.04781
3334,"Aiken, SC",33.57232,-81.61821
38272,"Easley, SC",34.826927,-82.5817
17087,"Bluffton, SC",32.23715,-80.86039
38742,"Goose Creek, SC",32.996105,-80.03873
25496,"Lancaster, SC",34.662807,-80.70055
44081,"Beaufort, SC",32.38507,-80.692314
52334,"Greenwood, SC",34.14898,-82.112885
19655,"North Augusta, SC",33.49435,-81.97059
46907,"Orangeburg, SC",33.49182,-80.855644
11561,"Gaffney, SC",35.071793,-81.64982
6008,"Moncks Corner, SC",33.196003,-80.01314
27376,"Taylors, SC",34.913788,-82.292725
4140,"Clover, SC",35.111248,-81.22646
25261,"Irmo, SC",34.08847,-81.18021
42335,"Ladson, SC",32.98573,-80.10981
13776,"Seneca, SC",34.68653,-82.95273
11922,"Hilton Head Island, SC",32.16185,-80.75126
25253,"Inman, SC",35.04784,-82.09061
19933,"Piedmont, SC",34.70234,-82.46457
49509,"Murrells Inlet, SC",33.54748,-79.064
29470,"York, SC",34.96033,-81.16554
5082,"Hartsville, SC",34.374043,-80.0734
14832,"Blythewood, SC",34.214317,-80.973976
49094,"Elgin, SC",34.170982,-80.79425
23360,"Boiling Springs, SC",35.04651,-81.98177
44862,"Darlington, SC",34.36093,-79.943855
52197,"Georgetown, SC",33.439224,-79.334305
24041,"Chapin, SC",34.16598,-81.34982
44415,"Camden, SC",34.24649,-80.60704
7462,"Travelers Rest, SC",34.967617,-82.44346
5657,"Little River, SC",33.87882,-78.63272
28840,"Fountain Inn, SC",34.692528,-82.19879
15345,"Laurens, SC",34.464645,-81.99441
21217,"West Columbia, SC",33.991867,-81.06403
6184,"Newberry, SC",34.326687,-81.58301
34641,"Walterboro, SC",32.902138,-80.66727
4862,"Gaston, SC",33.817097,-81.10093
22123,"Hanahan, SC",32.91389,-80.008835
48084,"Union, SC",34.694168,-81.64279
47914,"Surfside Beach, SC",33.606003,-78.97309
36051,"Pickens, SC",34.88826,-82.71938
3627,"Belton, SC",34.52289,-82.49429
10855,"Clemson, SC",34.685074,-82.83641
37814,"Central, SC",34.725742,-82.7805
37379,"Bennettsville, SC",34.61735,-79.68477
35142,"Chesnee, SC",35.148457,-81.86094
44995,"Duncan, SC",34.937897,-82.14511
22193,"Lugoff, SC",34.22737,-80.68925
32577,"Loris, SC",34.056282,-78.890305
35932,"Pawleys Island, SC",33.429348,-79.12159
35777,"Moore, SC",34.83345,-81.99204
26192,"North Myrtle Beach, SC",33.82784,-78.68003
5625,"Liberty, SC",34.786987,-82.69368
17484,"Clinton, SC",34.47263,-81.88065
33660,"Ridgeland, SC",32.480743,-80.980385
4370,"Dillon, SC",34.40141,-79.38644
46416,"Marion, SC",34.0572,-79.39876
14586,"Westminster, SC",34.664818,-83.09654
25185,"Hopkins, SC",33.90432,-80.87704
28021,"Woodruff, SC",34.73957,-82.03705
37847,"Cheraw, SC",34.697655,-79.8834
27988,"Winnsboro, SC",34.380703,-81.08648
39258,"Kingstree, SC",33.667664,-79.83063
37041,"Abbeville, SC",34.226494,-82.4364
52761,"Kershaw, SC",34.33344,-80.566986
49334,"Forest Acres, SC",34.01932,-80.989815
46304,"Longs, SC",33.938526,-78.733055
7949,"Williamston, SC",34.618446,-82.477905
14144,"Timmonsville, SC",34.13488,-79.93979
8963,"Mauldin, SC",34.77873,-82.31012
26451,"Pendleton, SC",34.65081,-82.78207
32376,"Lake City, SC",33.870995,-79.75535
53081,"Lyman, SC",34.950176,-82.12335
27740,"Walhalla, SC",34.764816,-83.06404
3681,"Bishopville, SC",34.218212,-80.248405
36689,"Blacksburg, SC",35.121243,-81.51592
6763,"Ridgeville, SC",33.09662,-80.31528
42361,"Graniteville, SC",33.563747,-81.80789
8735,"Hardeeville, SC",32.280266,-81.07261
49220,"Gray Court, SC",34.608177,-82.11344
11599,"Gilbert, SC",33.924313,-81.393715
35027,"Cayce, SC",33.96571,-81.07398
29454,"Tega Cay, SC",35.038216,-81.02263
8891,"Manning, SC",33.695232,-80.210785
50731,"Andrews, SC",33.45128,-79.5609
8367,"Campobello, SC",35.11587,-82.14993
10259,"Barnwell, SC",33.2641,-81.41908
16476,"Mullins, SC",34.20606,-79.25599
25175,"Honea Path, SC",34.446503,-82.39151
43766,"Saint Helena Island, SC",32.38686,-80.56066
46150,"Landrum, SC",35.175114,-82.1892
11035,"Dalzell, SC",34.016598,-80.43575
33122,"Ninety Six, SC",34.175125,-82.02401
33548,"Prosperity, SC",34.209866,-81.53386
47540,"Saluda, SC",34.001522,-81.77205
28470,"Edgefield, SC",33.763584,-81.97591
22680,"Swansea, SC",33.73821,-81.09787
25280,"Iva, SC",34.306496,-82.66374
29608,"Saint Matthews, SC",33.664875,-80.77787
47049,"Pelion, SC",33.76257,-81.24455
46955,"Pageland, SC",34.771957,-80.391464
41611,"Wellford, SC",34.95095,-82.10594
47386,"Ridgeway, SC",34.307648,-80.960365
29787,"Roebuck, SC",34.88261,-81.96547
6898,"Saint Stephen, SC",33.404335,-79.921745
8140,"Cowpens, SC",35.016792,-81.80399
36673,"Trenton, SC",33.741657,-81.84234
4838,"Galivants Ferry, SC",34.05615,-79.246544
8630,"Latta, SC",34.337105,-79.43116
32053,"Hodges, SC",34.287617,-82.244286
13659,"Saint George, SC",33.185997,-80.57565
55397,"Bonneau, SC",33.305447,-79.957855
18757,"Johnsonville, SC",33.817944,-79.44923
26927,"Salem, SC",34.889816,-82.97654
21887,"Holly Hill, SC",33.322662,-80.413704
29003,"Marietta, SC",35.02095,-82.50151
55501,"Aynor, SC",33.99989,-79.199486
43042,"Summerton, SC",33.60823,-80.35126
54100,"Rembert, SC",34.095707,-80.53342
21315,"Williston, SC",33.40224,-81.42323
222420,"Oak Grove, SC",33.978252,-81.14885
46461,"Mc Cormick, SC",33.939625,-80.33607
14580,"West Union, SC",34.75995,-83.04294
47832,"Starr, SC",34.377052,-82.69569
40346,"Pinewood, SC",33.740437,-80.46342
33596,"Ravenel, SC",32.763233,-80.2501
45902,"Isle of Palms, SC",32.78677,-79.78803
52464,"Heath Springs, SC",34.592564,-80.676155
37261,"Bamberg, SC",33.213017,-81.016624
14365,"Varnville, SC",32.85047,-81.07922
25333,"Johnston, SC",33.832092,-81.8008
30864,"Chesterfield, SC",34.65006,-80.141785
785453,"Leesville, SC",33.91653,-81.513435
36375,"Yemassee, SC",32.690178,-80.85066
23158,"Blackville, SC",33.355118,-81.27072
51946,"Eutawville, SC",33.394608,-80.34731
26150,"Nichols, SC",34.233776,-79.14865
4077,"Chester, SC",34.68599,-81.15451
9687,"Scranton, SC",33.917664,-79.74396
56993,"Pauline, SC",34.833183,-81.87232
11133,"Donalds, SC",34.37706,-82.34734
56161,"Pacolet, SC",34.899017,-81.761765
6944,"Santee, SC",33.475163,-80.48647
31444,"Enoree, SC",34.656517,-81.965096
19831,"Pamplico, SC",33.995995,-79.57006
26756,"Ridge Spring, SC",33.845478,-81.6619
25821,"McColl, SC",34.66877,-79.54533
12084,"Jackson, SC",33.32542,-81.78789
55909,"Greeleyville, SC",33.580997,-79.98897
22810,"Townville, SC",34.563713,-82.898476
10733,"Cassatt, SC",34.36474,-80.43539
28121,"Cottageville, SC",32.937107,-80.48098
57297,"Ware Shoals, SC",34.398373,-82.24671
46268,"Little Mountain, SC",34.196255,-81.41232
29213,"Port Royal, SC",32.379086,-80.692604
39340,"Lamar, SC",34.16902,-80.062515
10999,"Cross, SC",33.32739,-80.14842
25337,"Jonesville, SC",34.835964,-81.68093
20255,"Round O, SC",32.937115,-80.54093
51539,"Cope, SC",33.377934,-81.00704
51693,"Denmark, SC",33.322655,-81.14233
3656,"Bethune, SC",34.414795,-80.34862
36448,"Six Mile, SC",34.807384,-82.82005
37092,"Allendale, SC",32.9635,-81.340004
29269,"Salters, SC",33.5985,-79.85146
36739,"Catawba, SC",34.852924,-80.91119
55072,"Wedgefield, SC",33.892654,-80.51814
48655,"Cordova, SC",33.435432,-80.92093
41577,"Waterloo, SC",34.351513,-82.05928
49110,"Hollywood, SC",32.734344,-80.24177
49845,"Whitmire, SC",34.502914,-81.611496
38871,"Hampton, SC",32.78618,-81.123726
4773,"Fort Lawn, SC",34.69715,-80.89823
28682,"Great Falls, SC",34.575146,-80.90202
38083,"Cross Hill, SC",34.304848,-81.98289
5045,"Hamer, SC",34.47794,-79.33088
42254,"Elloree, SC",33.530994,-80.57203
34098,"Springdale, SC",33.95932,-81.108986
38808,"Gresham, SC",33.930164,-79.41116
20712,"Summit, SC",33.924866,-81.42205
17134,"Bowman, SC",33.34877,-80.68287
27006,"Seabrook, SC",32.527966,-80.766495
9454,"Ruffin, SC",33.00461,-80.81566
11385,"Fairfax, SC",32.958538,-81.23721
41749,"Windsor, SC",33.48181,-81.51372
12481,"Lynchburg, SC",34.060158,-80.07146
9808,"Coward, SC",33.973217,-79.74701
7142,"South Congaree, SC",33.910984,-81.13565
20445,"Sharon, SC",34.950966,-81.34091
45839,"Huger, SC",33.096558,-79.80341
31498,"Fair Play, SC",34.51121,-82.98543
36711,"Bradley, SC",34.03754,-82.24581
47122,"Pineville, SC",33.428223,-80.02924
35716,"Harleyville, SC",33.214607,-80.447876
50516,"Jefferson, SC",34.649887,-80.38954
20007,"Pomaria, SC",34.26856,-81.41979
47369,"Richburg, SC",34.716393,-81.018936
43142,"Wadmalaw Island, SC",32.67351,-80.17843
44052,"Batesburg-Leesville, SC",33.91014,-81.53732
41305,"Turbeville, SC",33.89097,-80.01899
19025,"Lincolnville, SC",33.010582,-80.15651
31249,"Dorchester, SC",33.07563,-80.34312
9866,"Edisto Beach, SC",32.479355,-80.33482
28234,"Branchville, SC",33.25127,-80.81565
43436,"Awendaw, SC",33.03767,-79.61313
7326,"Sunset, SC",34.97761,-82.79903
21139,"Wallace, SC",34.720158,-79.84145
52148,"Gable, SC",33.82516,-80.109245
5512,"Lake View, SC",34.34572,-79.165596
44403,"Calhoun Falls, SC",34.09234,-82.59569
14356,"Vance, SC",33.433773,-80.42287
32171,"Islandton, SC",32.908936,-80.93501
8311,"Burnettown, SC",33.520336,-81.8606
42035,"Clio, SC",34.579666,-79.54651
50094,"Society Hill, SC",34.512657,-79.8509
53453,"Mountain Rest, SC",34.869263,-83.15322
24535,"Edgemoor, SC",34.8057,-81.01147
37712,"Cameron, SC",33.557655,-80.71453
10716,"Carlisle, SC",34.59292,-81.4626
27132,"Smoaks, SC",33.089607,-80.81399
39695,"Mc Connells, SC",-42.930805,172.86806
36565,"Olanta, SC",33.935436,-79.93257
53509,"Nesmith, SC",33.65792,-79.51518
24116,"Cleveland, SC",35.07234,-82.52734
13968,"Springfield, SC",33.496815,-81.279274
32299,"Kiawah Island, SC",32.60824,-80.084816
57100,"Meggett, SC",32.717957,-80.23899
51022,"Blair, SC",34.42153,-81.39621
16710,"Alcolu, SC",33.75118,-80.21274
15339,"Green Sea, SC",34.12628,-78.975586
13303,"Pine Ridge, SC",33.91043,-81.10454
51429,"Clarks Hill, SC",33.658894,-82.16213
46458,"Mc Bee, SC",33.214138,-96.627304
32748,"Mayesville, SC",33.987656,-80.20813
55342,"Blackstock, SC",34.558475,-81.15231
50090,"Smyrna, SC",35.041965,-81.40943
52317,"Green Pond, SC",34.796463,-82.08437
15570,"Mountville, SC",34.36201,-81.97949
16680,"Adams Run, SC",32.720734,-80.34816
15155,"Eastover, SC",33.877113,-80.69226
56821,"Troy, SC",33.98762,-82.297905
38979,"Hickory Grove, SC",34.98319,-81.41647
42096,"Cades, SC",33.786552,-79.78257
6717,"Reevesville, SC",33.20572,-80.64787
11196,"Early Branch, SC",32.74573,-80.92789
14029,"Sullivans Island, SC",32.278046,-80.918274
5318,"Jamestown, SC",33.286,-79.69257
53701,"Olar, SC",33.180435,-81.18538
13748,"Seabrook Island, SC",32.57713,-80.170654
31376,"Ehrhardt, SC",33.096825,-81.01427
8608,"Lane, SC",33.521553,-79.878685
27365,"Tamassee, SC",34.88037,-83.01959
32918,"Monetta, SC",33.849678,-81.60961
4833,"Gadsden, SC",33.84571,-80.76592
26093,"New Ellenton, SC",33.42153,-81.68567
25405,"Kinards, SC",34.38041,-81.77733
221039,"Eureka Mill, SC",34.717503,-81.198524
17205,"Brunson, SC",32.925438,-81.187325
36192,"Modoc, SC",33.722767,-82.215996
223708,"West Pelzer, SC",34.644836,-82.47013
49327,"Due West, SC",34.333447,-82.3879
18134,"Folly Beach, SC",32.655483,-79.94078
53905,"Pinopolis, SC",33.226707,-80.03718
20458,"Sheldon, SC",32.601856,-80.793
28810,"Joanna, SC",34.412224,-81.81201
11637,"Gloverville, SC",33.52597,-81.83011
40532,"Reidville, SC",34.8629,-82.11427
32550,"Lodge, SC",33.06794,-80.95371
34792,"Westville, SC",34.456818,-80.59896
25318,"Jenkinsville, SC",34.267372,-81.28843
9210,"Salley, SC",33.565704,-81.30344
33573,"Quinby, SC",34.23654,-79.734505
220294,"Briarcliffe Acres, SC",33.786697,-78.74453
222021,"Longcreek, SC",34.841507,-82.547905
18014,"Estill, SC",32.75489,-81.24205
16408,"Startex, SC",34.928673,-82.09653
3476,"Atlantic Beach, SC",33.802563,-78.716774
50228,"Liberty Hill, SC",34.478203,-80.80174
49013,"Hemingway, SC",33.753777,-79.447556
43746,"Wagener, SC",33.65237,-81.36121
7087,"Sioux Falls, SD",43.5476,-96.72936
13444,"Rapid City, SD",44.080605,-103.22802
50635,"Aberdeen, SD",45.46498,-98.487816
34677,"Watertown, SD",44.89921,-97.11529
44331,"Brookings, SD",44.311462,-96.79844
8027,"Yankton, SD",42.871292,-97.3967
56487,"Mitchell, SD",43.70953,-98.025375
13945,"Spearfish, SD",44.490818,-103.85937
6499,"Pierre, SD",44.368366,-100.351135
25222,"Huron, SD",44.36308,-98.214386
7678,"Vermillion, SD",42.779526,-96.9291
34168,"Sturgis, SD",44.41448,-103.50914
35138,"Brandon, SD",43.59093,-96.587456
23792,"Box Elder, SD",44.13336,-103.064606
19155,"Madison, SD",44.006084,-97.11395
5068,"Harrisburg, SD",43.431347,-96.698524
35307,"Belle Fourche, SD",44.673134,-103.85174
44896,"Dell Rapids, SD",43.82315,-96.71271
27381,"Tea, SD",43.44661,-96.83604
49395,"Hartford, SD",43.622593,-96.94588
8544,"Hot Springs, SD",43.431644,-103.474365
25888,"Milbank, SD",45.21913,-96.63562
44826,"Custer, SD",43.67265,-103.51016
44430,"Canton, SD",43.300915,-96.59264
40074,"North Sioux City, SD",42.524685,-96.487236
48543,"Winner, SD",43.376667,-99.85901
28592,"Lead, SD",44.352207,-103.7652
15870,"Mobridge, SD",45.537216,-100.42791
223980,"Blackhawk, SD",44.155087,-103.318596
5602,"Lennox, SD",43.354183,-96.89184
18742,"Jefferson, SD",42.602493,-96.5592
11295,"Elk Point, SD",42.686073,-96.68271
48288,"Volga, SD",44.32358,-96.926445
13463,"Redfield, SD",44.87581,-98.51871
4041,"Chamberlain, SD",43.810818,-99.33018
23290,"Fort Pierre, SD",44.35352,-100.373825
30153,"Alcester, SD",43.021503,-96.63083
25770,"Martin, SD",43.17265,-101.73253
29161,"Platte, SD",43.38694,-98.84453
12967,"New Underwood, SD",44.09332,-102.83628
48381,"Webster, SD",45.33218,-97.52009
24838,"Garretson, SD",43.716145,-96.50267
6421,"Parkston, SD",43.395008,-97.98442
18116,"Flandreau, SD",44.049416,-96.59532
11538,"Freeman, SD",43.352486,-97.43729
45584,"Groton, SD",45.44731,-98.09878
37587,"Britton, SD",45.79162,-97.75094
10365,"Beresford, SD",43.080612,-96.77423
35453,"Gettysburg, SD",45.011646,-99.95567
8424,"Edgemont, SD",43.301083,-103.82548
36539,"Salem, SD",43.724148,-97.388954
57144,"De Smet, SD",44.38747,-97.550354
38995,"Hill City, SD",43.932487,-103.575195
8353,"Colton, SD",43.786835,-96.92732
34104,"Springfield, SD",42.854164,-97.89729
7667,"Valley Springs, SD",43.582474,-96.46782
4006,"Castlewood, SD",44.722744,-97.03007
39636,"Marion, SD",43.42304,-97.26061
27841,"Wessington Springs, SD",44.07916,-98.569534
24087,"Clark, SD",44.86843,-97.74314
43736,"Whitewood, SD",44.46103,-103.639725
43783,"Deadwood, SD",44.374382,-103.72907
32865,"Miller, SD",44.518314,-98.988434
49545,"Parker, SD",43.397484,-97.136444
43487,"Lemmon, SD",45.940834,-102.15932
21509,"Centerville, SD",43.11697,-96.961006
398716,"Summerset, SD",44.17878,-103.33411
37259,"Baltic, SD",43.76046,-96.74041
45726,"Hermosa, SD",43.839867,-103.191376
56084,"Montrose, SD",43.698593,-97.183945
21071,"Viborg, SD",43.170265,-97.08144
52430,"Harrold, SD",44.52422,-99.73913
34808,"White, SD",44.43469,-96.64977
6727,"Renner, SD",43.64557,-96.72783
31520,"Faith, SD",45.022614,-102.0396
32113,"Humboldt, SD",43.645256,-97.073944
45292,"Florence, SD",45.054684,-97.3298
34916,"Worthing, SD",43.329147,-96.762825
36365,"Wall, SD",43.99242,-102.23998
17026,"Big Stone City, SD",45.291634,-96.46284
11300,"Elkton, SD",44.23608,-96.481155
17922,"Egan, SD",43.999138,-96.64893
21719,"Colman, SD",43.98247,-96.8145
37226,"Aurora, SD",43.69634,-98.57224
52457,"Hayti, SD",44.65719,-97.20507
11350,"Ethan, SD",43.54587,-97.983345
26022,"Mount Vernon, SD",43.71054,-98.26036
53727,"Onida, SD",44.70564,-100.065475
43571,"Wentworth, SD",43.997196,-96.964226
37733,"Canistota, SD",43.59776,-97.29062
38319,"Eden, SD",45.616623,-97.419815
21054,"Veblen, SD",45.863014,-97.28759
27361,"Tabor, SD",42.94861,-97.65895
8160,"Chancellor, SD",43.372116,-96.98718
17201,"Bruce, SD",44.438023,-96.89006
29731,"Irene, SD",43.083046,-97.16061
39233,"Keystone, SD",43.895542,-103.41824
35563,"Hurley, SD",43.28304,-97.08922
55009,"Wakonda, SD",43.008327,-97.10672
16204,"Saint Lawrence, SD",44.51776,-98.93788
8557,"Estelline, SD",44.574688,-96.90228
7008,"Selby, SD",45.50638,-100.03207
28299,"Bryant, SD",44.59066,-97.467384
49017,"Henry, SD",44.877186,-97.46647
46112,"Lake Preston, SD",44.36358,-97.3773
25502,"Langford, SD",45.60245,-97.830376
54486,"South Shore, SD",45.105797,-96.92868
9887,"Doland, SD",44.8958,-98.10065
10621,"Burbank, SD",42.74612,-96.833534
3470,"Astoria, SD",44.557888,-96.54528
23822,"Bridgewater, SD",43.550888,-97.50256
36343,"Volin, SD",42.95722,-97.18033
45480,"Goodwin, SD",44.87913,-96.84868
38082,"Crooks, SD",43.653942,-96.812325
48863,"Buffalo, SD",44.064636,-99.17073
27801,"Waubay, SD",45.331905,-97.305084
36576,"Gary, SD",44.792465,-96.45589
20596,"Spencer, SD",43.727478,-97.593124
52492,"Herreid, SD",45.834713,-100.06928
4078,"Chester, SD",43.89908,-96.92599
24789,"Frankfort, SD",44.87664,-98.30537
17712,"Davis, SD",43.257484,-96.995605
7485,"Tulare, SD",44.738033,-98.50982
46102,"Lake City, SD",45.72523,-97.41454
27462,"Trent, SD",43.90636,-96.65394
21457,"Bison, SD",45.522587,-102.46531
29857,"Warner, SD",45.325695,-98.49539
21495,"Blunt, SD",44.512585,-99.98993
11627,"Glenham, SD",45.53277,-100.271515
41913,"Arlington, SD",44.364414,-97.13312
6118,"Nashville, TN",36.162277,-86.7743
32811,"Memphis, TN",35.146027,-90.051765
25428,"Knoxville, TN",35.960396,-83.92103
19523,"Murfreesboro, TN",35.84604,-86.39211
10843,"Clarksville, TN",36.52776,-87.35887
37837,"Chattanooga, TN",35.045723,-85.30949
45339,"Franklin, TN",35.925205,-86.86894
52696,"Johnson City, TN",36.31677,-82.352905
44641,"Cleveland, TN",35.15952,-84.87661
39133,"Jackson, TN",35.614445,-88.81774
46431,"Maryville, TN",35.756474,-83.97046
32311,"Kingsport, TN",36.55024,-82.55943
32006,"Hendersonville, TN",36.304916,-86.621445
51536,"Cookeville, TN",36.162388,-85.4997
25534,"Lebanon, TN",36.207977,-86.29109
30993,"Columbia, TN",35.614815,-87.033844
39894,"Mount Juliet, TN",36.200054,-86.51861
54450,"Smyrna, TN",35.9671,-86.52459
11564,"Gallatin, TN",36.3883,-86.447586
10264,"Bartlett, TN",35.204533,-89.87398
32955,"Morristown, TN",36.21398,-83.29489
31119,"Crossville, TN",35.949684,-85.02748
51487,"Collierville, TN",35.042034,-89.66453
7208,"Spring Hill, TN",35.75118,-86.93
30583,"Brentwood, TN",36.03257,-86.782524
4976,"Greeneville, TN",36.16316,-82.830986
11594,"Germantown, TN",35.086758,-89.81009
3820,"Bristol, TN",36.594505,-82.18852
46091,"La Vergne, TN",36.015617,-86.58194
4208,"Cordova, TN",35.155643,-89.7762
33967,"Shelbyville, TN",35.483406,-86.46027
5860,"McMinnville, TN",35.683403,-85.76998
51873,"Elizabethton, TN",36.348774,-82.21076
9655,"Jonesborough, TN",36.294495,-82.47341
40109,"Oak Ridge, TN",36.010357,-84.269646
27227,"Springfield, TN",36.509212,-86.885
12364,"Lenoir City, TN",35.7973,-84.25603
8778,"Ooltewah, TN",35.052208,-85.10266
37929,"Clinton, TN",36.103413,-84.13187
51718,"Dickson, TN",36.14593,-87.34806
5775,"Manchester, TN",35.4832,-86.08873
41004,"Sparta, TN",35.92589,-85.464134
40417,"Portland, TN",36.58171,-86.51638
9366,"Seymour, TN",35.881046,-83.77662
29538,"Soddy-Daisy, TN",35.2359,-85.19079
50786,"Athens, TN",35.442886,-84.59301
7486,"Tullahoma, TN",35.36249,-86.20998
17844,"Dyersburg, TN",36.034637,-89.38575
52256,"Goodlettsville, TN",36.323105,-86.71333
53986,"Powell, TN",36.031746,-84.02797
46180,"Lawrenceburg, TN",35.242302,-87.33474
51996,"Farragut, TN",35.884525,-84.15353
24693,"Fayetteville, TN",35.152027,-86.57055
9949,"Lewisburg, TN",35.44924,-86.78889
5963,"Millington, TN",35.341473,-89.89731
19616,"Newport, TN",35.96704,-83.18766
7018,"Sevierville, TN",35.867294,-83.56572
15136,"East Ridge, TN",35.002728,-85.24598
31185,"Dayton, TN",35.493958,-85.01245
8983,"Rogersville, TN",36.40732,-83.00544
15868,"Loudon, TN",35.749,-84.32029
46994,"Paris, TN",36.301945,-88.32586
52425,"Harriman, TN",35.933964,-84.55244
26161,"Nolensville, TN",35.952286,-86.66944
54024,"Pulaski, TN",35.199802,-87.03084
35172,"Dandridge, TN",36.01537,-83.41489
15558,"Madisonville, TN",35.5198,-84.36353
49697,"Lexington, TN",35.6509,-88.39338
42338,"Lafollette, TN",36.38286,-84.11993
29732,"Savannah, TN",35.224804,-88.24921
23745,"Blountville, TN",36.533157,-82.326805
20187,"Ripley, TN",35.745354,-89.5298
17609,"Covington, TN",35.564247,-89.64647
43133,"Tazewell, TN",36.45425,-83.56935
49909,"Winchester, TN",35.18599,-86.11184
54644,"Sweetwater, TN",35.601463,-84.46104
45843,"Humboldt, TN",35.81979,-88.91589
41334,"Union City, TN",36.42423,-89.05701
41932,"Ashland City, TN",36.27422,-87.06417
12589,"Martin, TN",36.343277,-88.85035
27104,"Signal Mountain, TN",35.12235,-85.3437
5438,"Kingston, TN",35.871315,-84.51609
30892,"Church Hill, TN",36.52232,-82.71349
41690,"White House, TN",36.468243,-86.65365
12252,"Lafayette, TN",36.52082,-86.02604
50762,"Arlington, TN",35.296448,-89.66173
8763,"Harrison, TN",35.113686,-85.13801
46130,"Lakeland, TN",35.230602,-89.7404
29482,"Thompsons Station, TN",35.790264,-86.86654
23162,"Brownsville, TN",35.593967,-89.26229
49233,"Fairview, TN",35.982006,-87.1214
12115,"Jefferson City, TN",36.12231,-83.49239
13883,"Smithville, TN",35.960617,-85.81415
15079,"Alcoa, TN",35.784714,-83.9866
23287,"Dunlap, TN",35.371456,-85.39052
42618,"Mountain City, TN",36.474564,-81.80484
17081,"Bluff City, TN",36.47427,-82.26097
49236,"Greenbrier, TN",36.427547,-86.80472
16180,"Somerville, TN",35.2437,-89.350075
4604,"Erwin, TN",36.145107,-82.41681
32196,"Jamestown, TN",36.42757,-84.93189
35127,"Atoka, TN",35.441193,-89.77814
15816,"Milan, TN",35.91979,-88.75895
36583,"Red Bank, TN",35.119713,-85.28949
49606,"Rockwood, TN",35.865627,-84.68494
14799,"Corryton, TN",36.153694,-83.78241
15223,"Hohenwald, TN",35.54785,-87.55196
19108,"Louisville, TN",35.821747,-84.047966
13076,"Oakland, TN",35.228977,-89.515076
55195,"Whitwell, TN",35.20146,-85.519135
44416,"Camden, TN",36.05895,-88.09782
5857,"McKenzie, TN",36.13226,-88.51843
9546,"Westmoreland, TN",36.56199,-86.24805
53543,"New Market, TN",36.103977,-83.55267
30887,"Christiana, TN",35.71001,-86.39937
36142,"Livingston, TN",36.383396,-85.32302
52659,"Jacksboro, TN",36.33008,-84.183815
15695,"Maynardville, TN",36.24971,-83.79887
56932,"Hartsville, TN",36.390884,-86.16721
35164,"Brighton, TN",35.48397,-89.72508
26301,"Oneida, TN",36.498135,-84.51272
6020,"Monterey, TN",36.147564,-85.2683
28652,"Huntingdon, TN",36.000618,-88.42811
19754,"Oliver Springs, TN",36.046257,-84.3433
26117,"New Tazewell, TN",36.44258,-83.59963
53465,"Munford, TN",35.44925,-89.81509
33102,"Newbern, TN",36.113243,-89.261795
36042,"Medina, TN",35.802845,-88.77478
23324,"Talbott, TN",36.15259,-83.41517
28013,"Woodbury, TN",35.827568,-86.071655
39703,"Mc Ewen, TN",36.20745,-87.65339
10485,"Bolivar, TN",35.256195,-88.98784
17387,"Chapel Hill, TN",35.626457,-86.69333
28791,"Drummonds, TN",35.463417,-89.91009
13770,"Selmer, TN",35.170074,-88.59236
50614,"Chuckey, TN",36.21594,-82.68821
48368,"Waverly, TN",36.083035,-87.79458
8116,"Decatur, TN",35.60679,-88.1084
27924,"White Bluff, TN",36.10756,-87.22084
51334,"Centerville, TN",35.778957,-87.46696
6048,"Morrison, TN",35.60285,-85.91971
15002,"Baxter, TN",36.153774,-85.6434
22594,"Whiteville, TN",35.326244,-89.15057
34095,"Spring City, TN",35.692017,-84.86078
47124,"Piney Flats, TN",36.419548,-82.30402
35379,"Friendsville, TN",35.760357,-84.13574
7766,"Wartburg, TN",36.10481,-84.597305
28344,"Burns, TN",36.053394,-87.31251
27385,"Tellico Plains, TN",35.362602,-84.29402
50993,"Bethpage, TN",36.481712,-86.311935
7801,"Waynesboro, TN",35.319836,-87.762924
22728,"Vonore, TN",35.590076,-84.24186
56578,"Strawberry Plains, TN",36.06314,-83.68601
46643,"Mount Pleasant, TN",35.53424,-87.206955
17810,"Dover, TN",36.487827,-87.838356
52322,"Greenback, TN",35.66119,-84.172134
32502,"Limestone, TN",36.22816,-82.630424
33414,"Pigeon Forge, TN",35.788425,-83.55434
8427,"Gainesboro, TN",36.355427,-85.65887
33418,"Pikeville, TN",35.60549,-85.189224
4166,"College Grove, TN",35.7884,-86.67444
30128,"Adamsville, TN",35.235916,-88.390594
30981,"Collegedale, TN",35.05313,-85.050224
10724,"Carthage, TN",36.85481,10.330993
4056,"Charlotte, TN",36.17728,-87.33973
4594,"Englewood, TN",35.42452,-84.48743
226949,"Green Hill, TN",36.236866,-86.57397
24621,"Etowah, TN",35.323647,-84.524826
9677,"Kingston Springs, TN",36.102005,-87.115005
21487,"Decherd, TN",35.209805,-86.07943
4217,"Cosby, TN",35.817318,-83.24682
3315,"Adams, TN",36.58237,-87.065575
37349,"Bell Buckle, TN",35.59174,-86.35416
56784,"Watertown, TN",36.100334,-86.131935
39441,"Linden, TN",35.61729,-87.83947
8820,"Lyles, TN",35.91979,-87.34501
32434,"Lascassas, TN",35.930344,-86.2911
35310,"Bells, TN",35.711338,-89.08766
19457,"Mooresburg, TN",36.34648,-83.228226
35966,"Rockvale, TN",35.757633,-86.531235
29563,"Rutledge, TN",36.28085,-83.51477
7193,"Speedwell, TN",36.45869,-83.871864
4448,"Eads, TN",35.204533,-89.64925
3406,"Andersonville, TN",36.196156,-84.032936
31462,"Estill Springs, TN",35.270638,-86.128044
3745,"Bon Aqua, TN",35.953396,-87.32696
19259,"Mc Donald, TN",36.115883,-86.706436
8830,"Mosheim, TN",36.189545,-82.95849
15761,"Leoma, TN",35.16147,-87.348076
34192,"Surgoinsville, TN",36.47093,-82.85183
54613,"Summertown, TN",35.4348,-87.31279
42465,"Dresden, TN",36.29145,-88.708115
29020,"Parsons, TN",35.64979,-88.1267
48082,"Unicoi, TN",36.107216,-82.44407
19632,"Niota, TN",35.51341,-84.54521
26007,"Mount Carmel, TN",36.563232,-82.6609
33693,"Roan Mountain, TN",36.19623,-82.0704
18579,"Hillsboro, TN",35.41231,-85.97154
52429,"Harrogate, TN",36.57983,-83.65542
15009,"Bulls Gap, TN",36.253574,-83.08606
26746,"Riceville, TN",35.384796,-84.69299
42842,"Pleasant View, TN",36.394215,-87.03667
9761,"Charleston, TN",35.285843,-84.7575
36949,"Red Boiling Springs, TN",36.53339,-85.84998
55021,"Walland, TN",35.72814,-83.81323
52484,"Henderson, TN",35.64183,-88.39494
28631,"Ethridge, TN",35.32369,-87.30363
14150,"Tiptonville, TN",36.3784,-89.47202
55809,"Lake City, TN",36.217857,-84.15465
31473,"Evensville, TN",35.564526,-84.95484
53707,"Oldfort, TN",35.065353,-84.73244
45231,"Fall Branch, TN",36.416348,-82.62158
5127,"Henning, TN",35.672855,-89.57341
39509,"Loretto, TN",35.077858,-87.43974
14630,"Whitesburg, TN",36.271763,-83.139885
18258,"Gatlinburg, TN",35.71426,-83.51016
23676,"Benton, TN",36.034527,-88.10129
226803,"Georgetown, TN",35.293484,-84.93204
7385,"Telford, TN",36.248993,-82.54515
55923,"Greenfield, TN",36.153397,-88.80061
230684,"Woodlawn, TN",36.54417,-87.510765
37776,"Caryville, TN",36.29897,-84.22326
56911,"Halls, TN",35.87563,-89.39619
227226,"Hickory Withe, TN",35.22869,-89.6026
50479,"Philadelphia, TN",35.67952,-84.40382
28313,"Culleoka, TN",35.47952,-86.98306
11188,"Dyer, TN",36.05433,-89.42082
23728,"Blaine, TN",36.15425,-83.70407
3654,"Bethel Springs, TN",35.233692,-88.60644
29683,"Hampton, TN",36.28428,-82.17263
41897,"Cedar Hill, TN",36.551434,-86.99917
17727,"Decaturville, TN",35.584236,-88.11948
8414,"Heiskell, TN",36.081818,-84.053986
225983,"Coopertown, TN",36.43755,-86.967224
20833,"Tracy City, TN",35.260357,-85.736084
17388,"Chapmansboro, TN",36.312275,-87.141396
50118,"South Fulton, TN",36.491493,-88.87597
16809,"Arrington, TN",35.867664,-86.70961
20211,"Rockford, TN",35.827583,-83.940735
19354,"Middleton, TN",35.064533,-88.89089
35378,"Friendship, TN",35.908962,-89.245346
43320,"Sale Creek, TN",35.38229,-85.10885
36787,"Wartrace, TN",35.527565,-86.33364
37785,"Castalian Springs, TN",36.393658,-86.308044
42173,"Helenwood, TN",36.414238,-84.54488
18000,"Erin, TN",36.318584,-87.6939
47733,"Sneedville, TN",36.529724,-83.217545
18683,"Indian Mound, TN",36.500885,-87.69363
28975,"Rock Island, TN",36.062943,-86.527435
42079,"Alamo, TN",35.784794,-89.11729
35154,"Cross Plains, TN",36.54866,-86.69611
10975,"Crab Orchard, TN",35.90899,-84.8774
3919,"Byrdstown, TN",36.57451,-85.128845
47487,"Russellville, TN",36.258705,-83.19517
13264,"Petersburg, TN",35.319805,-86.63756
36887,"Eagleville, TN",35.74181,-86.649734
51209,"Butler, TN",36.35345,-82.03234
24010,"Celina, TN",36.55006,-85.50525
3591,"Beech Bluff, TN",35.596462,-88.63144
20115,"Readyville, TN",35.82834,-86.17431
36735,"Calhoun, TN",35.296463,-84.74799
19861,"Parrottsville, TN",36.009266,-83.09238
42827,"Pioneer, TN",36.41758,-84.3141
54750,"Troy, TN",36.338676,-89.163956
40463,"Puryear, TN",36.444183,-88.33433
8186,"Del Rio, TN",35.919823,-83.0257
5740,"Lynnville, TN",35.376743,-87.00612
21433,"Big Sandy, TN",36.23478,-88.08531
43630,"Nunnelly, TN",35.85951,-87.469185
396413,"Prospect, TN",35.029804,-87.00306
29038,"Mascot, TN",36.06723,-83.76726
16795,"Ardmore, TN",35.006306,-86.859055
7388,"Ten Mile, TN",35.66674,-84.66466
42723,"New Johnsonville, TN",36.02117,-87.96698
5539,"Lancing, TN",36.120632,-84.65383
55447,"Atwood, TN",35.97312,-88.678116
19477,"Moscow, TN",35.062,-89.40396
15608,"Robbins, TN",36.35341,-84.589386
16981,"Belvidere, TN",35.12925,-86.18665
29622,"Unionville, TN",35.621735,-86.5925
47828,"Stanton, TN",35.462303,-89.402016
12671,"Medon, TN",35.4573,-88.86867
27451,"Townsend, TN",35.675365,-83.75573
20770,"Tennessee Ridge, TN",36.32083,-87.75447
23110,"Lynchburg, TN",35.283173,-86.373985
53671,"Obion, TN",36.355602,-89.17488
51428,"Clarkrange, TN",36.18346,-85.017365
7195,"Spencer, TN",35.747288,-85.466644
13068,"Oakfield, TN",35.7134,-88.793945
12018,"Huntsville, TN",36.4098,-84.49049
9040,"Normandy, TN",35.45205,-86.26008
225692,"Cedar Grove, TN",35.81701,-88.59561
7019,"Sewanee, TN",35.200645,-85.919525
54653,"Taft, TN",35.02064,-86.718056
17657,"Cumberland Gap, TN",36.599525,-83.668526
52606,"Huntland, TN",35.051197,-86.26971
54099,"Reliance, TN",35.18702,-84.49909
24240,"Counce, TN",35.04231,-88.27338
47647,"Sharon, TN",36.233612,-88.82525
29722,"Michie, TN",35.0562,-88.435326
17569,"Copperhill, TN",34.98916,-84.370094
5337,"Jellico, TN",36.58776,-84.12686
10517,"Bradford, TN",36.076454,-88.81006
13973,"Springville, TN",36.24922,-88.15309
4280,"Cunningham, TN",36.393387,-87.38723
226907,"Grandview, TN",35.381744,-88.11781
6761,"Ridgely, TN",36.2634,-89.487854
32163,"Iron City, TN",35.02397,-87.58141
23591,"Baneberry, TN",36.042454,-83.26721
43849,"Alexandria, TN",36.07756,-86.033325
22331,"Ridgetop, TN",36.39824,-86.77178
22456,"Liberty, TN",36.00673,-85.967766
51676,"Deer Lodge, TN",36.20146,-84.75911
27106,"Silver Point, TN",36.09062,-85.729706
55320,"Birchwood, TN",35.340546,-84.99456
50280,"Kenton, TN",36.20229,-89.01229
45744,"Hilham, TN",36.414227,-85.441635
42265,"Gleason, TN",36.213673,-88.61256
6535,"Pleasant Shade, TN",36.37811,-85.94971
45486,"Gordonsville, TN",36.172905,-85.93
17142,"Bradyville, TN",35.73979,-86.16555
22844,"Trenton, TN",35.98081,-88.94168
43553,"Collinwood, TN",35.174328,-87.73734
34281,"Three Way, TN",35.7759,-88.859505
18600,"Holladay, TN",35.87062,-88.145874
49330,"Flintville, TN",35.062584,-86.419716
6003,"Mohawk, TN",36.20093,-83.05266
37922,"Clifton, TN",35.387012,-87.99535
48858,"Buchanan, TN",36.437,-88.208374
7500,"Turtletown, TN",35.12702,-84.35353
40830,"Sequatchie, TN",35.359474,-85.40145
42905,"Lookout Mountain, TN",34.994244,-85.3494
45849,"Huron, TN",35.588127,-88.53227
26445,"Pelham, TN",35.310078,-85.88081
53906,"Pinson, TN",35.490074,-88.72061
55382,"Cowan, TN",35.164528,-86.01054
396432,"Midway, TN",36.28673,-82.43886
38019,"Cornersville, TN",35.361465,-86.83972
6677,"Ramer, TN",35.06953,-88.62227
52302,"Gray, TN",36.419827,-82.47653
56267,"Pegram, TN",36.100616,-87.05112
50941,"Beechgrove, TN",35.627018,-86.24027
23896,"Bybee, TN",36.048153,-83.17933
19428,"Monroe, TN",35.439724,-84.23997
28955,"Reagan, TN",35.52174,-88.342545
46446,"Maury City, TN",35.814796,-89.225624
47129,"Piperton, TN",35.04509,-89.62175
55233,"Winfield, TN",36.555912,-84.45161
31238,"Dixon Springs, TN",36.35894,-86.05249
48312,"Walling, TN",35.80812,-85.59943
8678,"Finger, TN",35.358414,-88.59894
33208,"Oakdale, TN",35.98563,-84.55327
17202,"Bruceton, TN",36.038116,-88.244484
4276,"Cumberland City, TN",36.393387,-87.636406
7317,"Sunbright, TN",36.24341,-84.669945
31205,"Delano, TN",35.26507,-84.55327
11870,"Henry, TN",36.318077,-88.31082
227756,"Lakesite, TN",35.208683,-85.1269
9481,"Rutherford, TN",35.856342,-86.420525
14362,"Vanleer, TN",36.235058,-87.4439
230234,"Tusculum, TN",36.17663,-82.74627
55476,"Briceville, TN",36.178413,-84.1852
54496,"Southside, TN",35.04564,-88.35171
29342,"Santa Fe, TN",35.73507,-87.12806
230363,"Walden, TN",35.164795,-85.301346
23165,"Westpoint, TN",35.133137,-87.53363
24419,"Dowelltown, TN",36.01506,-85.943596
13342,"Pocahontas, TN",35.052586,-88.803665
34669,"Watauga, TN",36.370663,-82.29681
6757,"Rickman, TN",36.26256,-85.37553
11165,"Duck River, TN",35.673786,-87.09919
20084,"Quebeck, TN",35.816734,-85.566925
22186,"Primm Springs, TN",35.8209,-87.25001
27937,"Whitleyville, TN",36.445335,-85.67192
43861,"Allons, TN",36.44201,-85.34469
15395,"Finley, TN",36.035816,-89.479805
56183,"Palmyra, TN",36.43755,-87.485565
28019,"Woodland Mills, TN",36.488396,-89.11507
20825,"Toone, TN",35.352303,-88.95256
20577,"South Pittsburg, TN",35.012264,-85.70584
13099,"Olivehill, TN",35.273968,-88.03225
49328,"Duff, TN",36.446747,-84.06742
36156,"Milton, TN",35.93007,-86.18127
13987,"Stantonville, TN",35.158417,-88.42587
13799,"Sharps Chapel, TN",36.343643,-83.80391
43033,"Sardis, TN",35.4423,-88.29365
44363,"Buena Vista, TN",35.97645,-88.28949
18353,"Grand Junction, TN",35.048977,-89.18701
28120,"Cottage Grove, TN",36.37847,-88.47873
23743,"Bloomington Springs, TN",36.196407,-85.620575
25988,"Morris Chapel, TN",35.323967,-88.352264
4864,"Gates, TN",35.83841,-89.40618
4110,"Clarksburg, TN",35.87173,-88.393105
15170,"Hickman, TN",35.79495,-87.464615
56920,"Lobelville, TN",35.77201,-87.78391
14619,"White Pine, TN",36.107594,-83.286835
52740,"Kelso, TN",35.125916,-86.468605
38408,"Enville, TN",35.3848,-88.42754
37330,"Bean Station, TN",36.343655,-83.28405
23225,"Orlinda, TN",36.600876,-86.71666
22845,"Trezevant, TN",36.01145,-88.62283
46964,"Pall Mall, TN",36.550625,-84.96773
227014,"Gruetli Laager, TN",35.372295,-85.61803
11310,"Elmwood, TN",36.22589,-85.884705
15335,"Graysville, TN",35.447014,-85.0844
22223,"Moss, TN",36.589226,-85.61691
4576,"Elora, TN",35.01342,-86.35582
396614,"Plainview, TN",36.181194,-83.79379
33689,"Rives, TN",36.35562,-89.04812
31153,"Cypress Inn, TN",35.012028,-87.816696
51194,"Burlison, TN",35.556946,-89.77836
39153,"Jasper, TN",35.074245,-85.626076
5562,"Laurel Bloomery, TN",36.56623,-81.75956
7948,"Williamsport, TN",35.686737,-87.21945
20658,"Stewart, TN",36.509266,-87.82528
39841,"Monteagle, TN",35.24031,-85.83499
28475,"Gadsden, TN",35.775906,-88.99007
51185,"Buffalo Valley, TN",36.14145,-85.78665
7936,"Wilder, TN",36.26618,-85.090515
56601,"Saulsbury, TN",35.04703,-89.087845
229313,"Ridgeside, TN",35.034203,-85.24675
21966,"Goodspring, TN",35.143414,-87.1014
230377,"Walnut Grove, TN",36.48421,-86.61305
44859,"Darden, TN",35.638126,-88.21698
33307,"Palmersville, TN",36.403393,-88.58727
4531,"Eidson, TN",36.511204,-83.0285
30099,"Algood, TN",36.195896,-85.448586
35886,"Mansfield, TN",36.17728,-88.286156
22426,"Norris, TN",36.195633,-84.06797
43193,"Washburn, TN",36.29319,-83.59372
28537,"Hollow Rock, TN",36.038116,-88.27366
29878,"Crawford, TN",36.269234,-85.1608
47672,"Sherwood, TN",35.076195,-85.92331
30094,"Bath Springs, TN",35.439796,-88.08781
31926,"Hampshire, TN",35.59674,-87.29307
35123,"Denmark, TN",35.532856,-89.00395
29890,"Mulberry, TN",35.210636,-86.46027
8060,"Big Rock, TN",36.580605,-87.76002
5990,"Minor Hill, TN",35.05554,-87.15787
11762,"Guys, TN",35.031494,-88.55868
23071,"Shady Valley, TN",36.51902,-81.92858
8590,"Hurricane Mills, TN",35.971172,-87.78197
49968,"Tallassee, TN",35.54675,-84.059906
5566,"Lavinia, TN",35.84923,-88.66092
396416,"Five Points, TN",35.045918,-87.31113
49612,"Newcomb, TN",36.55369,-84.16604
18485,"Hartford, TN",35.816765,-83.1432
28480,"Hickory Valley, TN",35.153698,-89.127846
53678,"Ocoee, TN",35.122295,-84.71883
39749,"Mercer, TN",35.479244,-89.04229
45278,"Flag Pond, TN",36.015385,-82.55708
24629,"Eva, TN",36.064503,-88.0042
25403,"Kimball, TN",35.047855,-85.67191
12475,"Luray, TN",35.59146,-88.57588
228547,"New Hope, TN",35.00508,-85.6583
15086,"Allardt, TN",36.38078,-84.88432
46969,"Palmer, TN",35.351185,-85.56775
49264,"Farner, TN",35.154243,-84.3152
20842,"Trimble, TN",36.203125,-89.1909
33899,"Scotts Hill, TN",35.514877,-88.25197
37222,"Auburntown, TN",35.947723,-86.096695
49581,"Riddleton, TN",36.32144,-86.01804
9763,"Clairfield, TN",36.55008,-83.9502
48457,"Westport, TN",35.896454,-88.31727
45812,"Hornsby, TN",35.227585,-88.8295
35672,"Doyle, TN",35.853123,-85.512474
45531,"Granville, TN",36.27051,-85.7958
7950,"Williston, TN",35.15759,-89.36841
42090,"Belfast, TN",35.420906,-86.7025
272513,"Pittman Center, TN",35.759262,-83.395996
52885,"Lancaster, TN",36.12756,-85.85415
35797,"Luttrell, TN",36.199528,-83.74185
7455,"Trade, TN",36.349293,-81.74567
39548,"Lutts, TN",35.15119,-87.93809
229801,"South Carthage, TN",36.242,-85.951935
49897,"Sugar Tree, TN",35.82923,-88.03615
3888,"Bumpus Mills, TN",36.604774,-87.837524
33811,"Saint Joseph, TN",35.036194,-87.50669
40422,"Powells Crossroads, TN",35.189495,-85.48587
396414,"Shiloh, TN",35.11536,-88.36171
226380,"Eastview, TN",35.07564,-88.54533
9212,"Saltillo, TN",35.377853,-88.20948
24280,"Crump, TN",35.22175,-88.31809
47459,"Rossville, TN",35.048424,-89.54258
4434,"Dukedom, TN",36.50228,-88.71506
24784,"Frankewing, TN",35.19258,-86.85111
16741,"Altamont, TN",35.42952,-85.72303
17424,"Chestnut Mound, TN",36.202835,-85.82637
10097,"Alpine, TN",36.394787,-85.2169
4338,"Dellrose, TN",35.113136,-86.80139
55798,"Gilt Edge, TN",35.551193,-89.824524
45577,"Grimsley, TN",36.267014,-84.9844
45910,"Jacks Creek, TN",35.468685,-88.52088
17498,"Coalmont, TN",35.337578,-85.70414
22774,"Thorn Hill, TN",36.35842,-83.417404
3502,"Baileyton, TN",36.334267,-82.83682
16952,"Beersheba Springs, TN",35.46674,-85.654144
226784,"Garland, TN",35.588413,-89.75258
16291,"Mason, TN",35.41175,-89.53285
225730,"Centertown, TN",35.725166,-85.91997
25895,"Milledgeville, TN",35.372856,-88.36754
40729,"Samburg, TN",36.380898,-89.3548
39051,"Houston, TX",29.758938,-95.3677
6915,"San Antonio, TX",29.4246,-98.49514
38128,"Dallas, TX",32.77627,-96.79686
10221,"Austin, TX",30.271128,-97.7437
18172,"Fort Worth, TX",32.753178,-97.33275
17933,"El Paso, TX",31.760117,-106.48704
7204,"Spring, TX",30.07957,-95.41879
50763,"Arlington, TX",32.73558,-97.10712
38025,"Corpus Christi, TX",27.76353,-97.40332
53915,"Plano, TX",33.013676,-96.69251
53060,"Lubbock, TX",33.585567,-101.84702
18800,"Katy, TX",29.785786,-95.824394
52893,"Laredo, TX",27.5075,-99.50699
12065,"Irving, TX",32.829517,-96.944214
18251,"Garland, TX",32.912624,-96.638885
16753,"Amarillo, TX",35.20729,-101.83712
51167,"Brownsville, TX",25.90243,-97.49817
18208,"Frisco, TX",33.1506,-96.82382
32783,"McKinney, TX",33.19765,-96.61545
31821,"Grand Prairie, TX",32.745964,-96.99779
38119,"Cypress, TX",29.969112,-95.69717
5424,"Killeen, TX",31.117144,-97.7278
26857,"Round Rock, TX",30.50859,-97.6788
44734,"Conroe, TX",30.311876,-95.456055
41114,"Sugar Land, TX",29.619678,-95.63495
4521,"Edinburg, TX",26.301397,-98.16245
19360,"Midland, TX",31.83688,-102.010376
6286,"Odessa, TX",31.845715,-102.36768
41324,"Tyler, TX",32.35126,-95.30106
12694,"Mesquite, TX",32.76661,-96.59947
19865,"Pasadena, TX",29.691074,-95.209206
4351,"Denton, TX",33.18388,-97.14134
47379,"Richmond, TX",29.582182,-95.76078
35282,"Beaumont, TX",30.082935,-94.09843
25818,"McAllen, TX",26.204115,-98.23006
23394,"Abilene, TX",32.44645,-99.74759
13234,"Pearland, TX",29.563976,-95.28643
17321,"Carrollton, TX",32.951546,-96.90343
37965,"College Station, TX",30.618393,-96.3456
39420,"Lewisville, TX",33.046234,-96.99417
39966,"New Braunfels, TX",29.702827,-98.12573
48293,"Waco, TX",31.54919,-97.14746
54121,"Richardson, TX",32.948177,-96.72972
39386,"League City, TX",29.507454,-95.09493
47080,"Pflugerville, TX",30.43937,-97.62
3568,"Baytown, TX",29.735504,-94.977425
53360,"Missouri City, TX",29.618567,-95.53772
27942,"Wichita Falls, TX",33.900455,-98.502075
12438,"Longview, TX",32.5007,-94.74049
23862,"Bryan, TX",30.674364,-96.369965
45417,"Georgetown, TX",30.637014,-97.67757
23444,"Allen, TX",33.103176,-96.67055
34308,"Tomball, TX",30.097162,-95.61606
54294,"San Angelo, TX",31.464968,-100.440506
39071,"Humble, TX",29.99883,-95.26215
52417,"Harlingen, TX",26.190754,-97.69606
54944,"Victoria, TX",28.802645,-96.97663
19411,"Mission, TX",26.215906,-98.325294
44504,"Cedar Park, TX",30.521711,-97.827835
34248,"Temple, TX",31.098375,-97.34296
47082,"Pharr, TX",26.194796,-98.183624
40738,"San Marcos, TX",29.882643,-97.94058
9602,"Leander, TX",30.573614,-97.856735
24733,"Flower Mound, TX",33.028385,-97.08672
26197,"North Richland Hills, TX",32.834293,-97.228905
39604,"Mansfield, TX",32.563488,-97.14203
50783,"Atascocita, TX",29.999008,-95.16201
25221,"Huntsville, TX",30.723526,-95.55077
27812,"Weatherford, TX",32.758965,-97.79707
32532,"Little Elm, TX",33.16262,-96.93751
16554,"Euless, TX",32.837074,-97.081955
46339,"Lufkin, TX",31.338625,-94.72886
43088,"Wylie, TX",33.015156,-96.5388
20782,"Texarkana, TX",33.446674,-94.07715
7797,"Waxahachie, TX",32.39449,-96.84393
44918,"Desoto, TX",32.589783,-96.85702
13364,"Port Arthur, TX",29.871658,-93.93323
33022,"Nacogdoches, TX",31.59705,-94.59274
33758,"Rowlett, TX",32.9029,-96.56388
29513,"Rosenberg, TX",29.558023,-95.80683
16520,"Donna, TX",26.170208,-98.05224
4841,"Galveston, TX",29.387226,-94.99274
33833,"San Benito, TX",26.132624,-97.63079
11664,"Granbury, TX",32.442677,-97.787056
46076,"Kyle, TX",29.989292,-97.87721
11481,"Forney, TX",32.747894,-96.47193
8154,"Boerne, TX",29.794664,-98.73197
27079,"Sherman, TX",36.245228,-101.88587
38766,"Grapevine, TX",32.93374,-97.07887
20414,"Seguin, TX",29.568842,-97.96473
46588,"Montgomery, TX",30.301949,-95.50659
31299,"Eagle Pass, TX",28.7084,-100.503944
37799,"Cedar Hill, TX",32.588806,-96.95537
16946,"Bedford, TX",32.844017,-97.14307
44633,"Cleburne, TX",32.347446,-97.38655
14527,"Weslaco, TX",26.159431,-97.99074
47966,"Texas City, TX",29.396013,-94.91755
37918,"Cleveland, TX",30.34148,-95.09001
38170,"Del Rio, TX",29.357515,-100.89877
33716,"Rockwall, TX",32.892345,-96.4067
16750,"Alvin, TX",29.423847,-95.2441
44738,"Converse, TX",29.518007,-98.316124
18942,"Lancaster, TX",32.59208,-96.75611
37370,"Belton, TX",31.056013,-97.464455
16699,"Alamo, TX",26.183685,-98.12306
52382,"Haltom City, TX",32.799572,-97.26918
13526,"Rio Grande City, TX",26.382776,-98.820526
10625,"Burleson, TX",30.476488,-96.635345
27398,"The Colony, TX",33.08901,-96.88639
44750,"Coppell, TX",32.95526,-97.01557
39210,"Keller, TX",32.929966,-97.22713
51410,"Cibolo, TX",29.570784,-98.23309
52133,"Friendswood, TX",29.5294,-95.20104
12186,"Kerrville, TX",30.04847,-99.139946
31277,"Duncanville, TX",32.651802,-96.90833
39084,"Hurst, TX",32.823463,-97.17057
55315,"Copperas Cove, TX",31.124062,-97.903076
5785,"Manor, TX",30.342089,-97.55591
24961,"Greenville, TX",33.13845,-96.11081
39088,"Hutto, TX",30.542765,-97.54689
36121,"Midlothian, TX",32.48236,-96.994446
48682,"Dayton, TX",30.04732,-94.88739
6381,"Palestine, TX",31.762115,-95.63079
16373,"Buda, TX",30.082476,-97.84171
53109,"Magnolia, TX",30.209558,-95.75079
14657,"Willis, TX",30.424122,-95.47966
20335,"San Juan, TX",26.189241,-98.15529
29215,"Porter, TX",30.10244,-95.22965
19770,"Orange, TX",30.122864,-93.90411
44906,"Denison, TX",33.75566,-96.53666
37145,"Angleton, TX",29.16941,-95.431885
19848,"Paris, TX",33.661797,-95.55551
44051,"Bastrop, TX",30.054111,-97.38878
32814,"Mercedes, TX",26.149797,-97.91361
34254,"Terrell, TX",30.199074,-102.09749
8653,"Farmers Branch, TX",32.926567,-96.896095
33547,"Prosper, TX",33.23716,-96.79771
23704,"Big Spring, TX",32.250397,-101.47874
4324,"Deer Park, TX",29.705229,-95.12382
11805,"Harker Heights, TX",31.074635,-97.65905
7116,"Socorro, TX",31.654556,-106.303314
21536,"Channelview, TX",29.77606,-95.114655
18881,"La Porte, TX",29.665783,-95.01937
237555,"Schertz, TX",29.564161,-98.26957
31123,"Crowley, TX",32.578285,-97.360985
47783,"Southlake, TX",32.941235,-97.13418
18915,"Lake Jackson, TX",29.033857,-95.43439
29386,"Woodway, TX",31.50591,-97.205086
3964,"Canyon Lake, TX",29.886734,-98.23633
16859,"Azle, TX",32.897587,-97.54378
54552,"Stephenville, TX",32.22014,-98.20454
25415,"Kingsville, TX",27.51587,-97.85611
14959,"Balch Springs, TX",32.72874,-96.62277
20262,"Royse City, TX",32.976105,-96.33134
28168,"Celina, TX",33.32425,-96.78423
30582,"Brenham, TX",30.166883,-96.39774
50944,"Beeville, TX",28.400831,-97.74833
48754,"Aubrey, TX",33.31421,-96.97563
25764,"Marshall, TX",32.544777,-94.366104
23439,"Alice, TX",27.752249,-98.069725
31117,"Crosby, TX",33.57788,-101.285576
39897,"Mount Pleasant, TX",33.15706,-94.9694
30983,"Colleyville, TX",32.88096,-97.155014
40363,"Plainview, TX",34.184795,-101.70684
48245,"Vidor, TX",30.131329,-94.0148
40681,"Saginaw, TX",32.860126,-97.36391
48098,"University Park, TX",32.855125,-96.79195
6876,"Sachse, TX",32.976234,-96.59527
10585,"Brownwood, TX",31.72085,-98.98187
52182,"Gatesville, TX",31.435165,-97.74391
32680,"Manvel, TX",29.46647,-95.35571
29706,"Haslet, TX",32.974445,-97.34826
4736,"Floresville, TX",29.133577,-98.15612
42291,"Ennis, TX",32.32931,-96.62527
20704,"Sulphur Springs, TX",33.13849,-95.60101
23536,"Athens, TX",32.20444,-95.85491
25401,"Kilgore, TX",32.38668,-94.87546
55679,"Fredericksburg, TX",30.275202,-98.87199
31664,"Fresno, TX",29.538847,-95.44744
50054,"Watauga, TX",32.857906,-97.25474
16917,"Bay City, TX",28.982756,-95.9694
30224,"Anna, TX",33.349667,-96.5547
32579,"Los Fresnos, TX",26.07145,-97.47708
23671,"Benbrook, TX",32.673187,-97.46058
49419,"Princeton, TX",33.180115,-96.49804
39043,"Horizon City, TX",31.692612,-106.20748
39476,"Lockhart, TX",29.883211,-97.67363
21019,"Uvalde, TX",29.300358,-99.773315
23938,"Canyon, TX",34.979973,-101.92998
44760,"Corsicana, TX",32.093822,-96.464676
38162,"Decatur, TX",33.234283,-97.586136
51547,"Corinth, TX",33.15401,-97.064735
36664,"Kaufman, TX",32.601643,-96.33751
20894,"Universal City, TX",29.548008,-98.29112
46560,"Mineral Wells, TX",32.809174,-98.112915
236486,"Pecan Grove, TX",29.626068,-95.73161
53498,"Nederland, TX",29.97438,-93.99239
52976,"Lindale, TX",32.515697,-95.4094
38237,"Dripping Springs, TX",30.190207,-98.08668
35401,"Fulshear, TX",29.692564,-95.900185
232121,"Cinco Ranch, TX",29.730211,-95.7751
34243,"Taylor, TX",32.279312,-99.88126
33314,"Pampa, TX",35.536297,-100.96015
54526,"Springtown, TX",32.965958,-97.68364
45967,"Joshua, TX",32.461243,-97.38826
22194,"Lumberton, TX",30.265532,-94.19914
33015,"Murphy, TX",33.01512,-96.613045
28717,"Dickinson, TX",29.460787,-95.051315
15143,"Hereford, TX",34.82455,-102.39878
25620,"Livingston, TX",30.71103,-94.93299
56574,"Sanger, TX",33.36317,-97.173904
55951,"Groves, TX",29.948269,-93.917114
20495,"Silsbee, TX",30.349098,-94.17796
30159,"Aledo, TX",32.697994,-97.604
32490,"Liberty Hill, TX",30.664911,-97.922516
41693,"White Settlement, TX",32.759575,-97.45835
50377,"Andrews, TX",32.269096,-102.60425
30401,"Bellaire, TX",29.705786,-95.45883
6584,"Portland, TX",27.881884,-97.31886
11932,"Hockley, TX",33.57143,-102.31104
29393,"Seagoville, TX",32.64479,-96.54186
19991,"Pleasanton, TX",28.967194,-98.47863
32353,"La Marque, TX",29.368567,-94.97131
39622,"Marble Falls, TX",30.577751,-98.27565
7901,"Wharton, TX",29.245453,-96.22915
54472,"South Houston, TX",29.663008,-95.23549
20616,"Stafford, TX",29.616068,-95.557724
395603,"Cedar Creek, TX",30.010305,-97.68325
47409,"Roanoke, TX",33.004013,-97.225845
50649,"Addison, TX",32.960117,-96.83
34865,"Wimberley, TX",29.99768,-98.09879
33938,"Seminole, TX",32.716736,-102.64909
45382,"Gainesville, TX",33.62585,-97.13329
36234,"San Elizario, TX",31.586983,-106.266014
47316,"Red Oak, TX",32.51439,-96.80666
35162,"Brazoria, TX",29.18161,-95.49934
31377,"El Campo, TX",29.19664,-96.269684
46137,"Lakeway, TX",30.364489,-97.98753
56028,"Dumas, TX",35.863018,-101.96632
47737,"Snyder, TX",32.71808,-100.91823
3887,"Bulverde, TX",29.743834,-98.45307
24687,"Fate, TX",32.94144,-96.38138
40507,"Raymondville, TX",26.481457,-97.78305
6125,"Navasota, TX",30.388504,-96.088005
40610,"Rockport, TX",28.020573,-97.054436
34825,"Whitehouse, TX",32.226868,-95.22593
25913,"Mineola, TX",32.663338,-95.48803
48625,"Canton, TX",32.538605,-95.86181
47209,"Poteet, TX",29.039124,-98.574844
32212,"Jasper, TX",30.748526,-94.000885
7956,"Wills Point, TX",32.709297,-96.0083
36963,"Port Lavaca, TX",28.614996,-96.62609
37495,"Bonham, TX",33.582207,-96.178505
52820,"La Feria, TX",26.158863,-97.823845
25174,"Hondo, TX",29.347412,-99.141205
51088,"Borger, TX",35.668976,-101.391945
55742,"Highland Village, TX",33.09179,-97.04668
49034,"Edcouch, TX",26.29396,-97.960556
15031,"Burnet, TX",30.776394,-98.17
57006,"Lampasas, TX",31.176136,-98.24056
47055,"Penitas, TX",26.230629,-98.44474
4914,"Glenn Heights, TX",32.548748,-96.85667
16033,"Seabrook, TX",29.56332,-95.01972
42485,"Forest Hill, TX",32.672077,-97.26918
5610,"Leon Valley, TX",29.495232,-98.61863
32539,"Live Oak, TX",28.267874,-98.10192
15791,"Pittsburg, TX",32.995403,-94.96577
33907,"Sealy, TX",29.778992,-96.15684
29335,"Zapata, TX",26.987963,-99.16736
34702,"Webster, TX",29.535172,-95.11616
28113,"Carthage, TX",32.15704,-94.33811
52078,"Fort Stockton, TX",30.891901,-102.88366
52276,"Graham, TX",33.102005,-98.581345
234640,"La Homa, TX",26.282293,-98.34835
7205,"Spring Branch, TX",29.889938,-98.42529
20353,"Santa Fe, TX",29.378014,-95.10577
6576,"Port Neches, TX",29.991325,-93.9585
39950,"Needville, TX",29.39743,-95.8381
55781,"Kountze, TX",30.371597,-94.31241
21813,"Helotes, TX",29.563568,-98.68842
26442,"Pecos, TX",30.785744,-102.80654
32018,"Hewitt, TX",31.462307,-97.1957
52829,"La Vernia, TX",29.356348,-98.11556
41013,"Splendora, TX",30.232992,-95.16104
14718,"Woodville, TX",30.77709,-94.4185
39739,"Melissa, TX",33.286247,-96.57224
5368,"Justin, TX",33.084843,-97.29613
21876,"Elgin, TX",30.349508,-97.37112
7346,"Sweetwater, TX",32.47095,-100.40594
32035,"Highlands, TX",29.81813,-95.058044
20204,"Robinson, TX",31.467669,-97.11472
48238,"Vernon, TX",34.15131,-99.28609
43877,"Alton, TX",26.287127,-98.313774
44516,"Center, TX",31.79528,-94.18036
18321,"Gonzales, TX",29.443655,-97.510864
29014,"New Boston, TX",33.459843,-94.41548
24253,"Crandall, TX",32.62791,-96.45582
35215,"Cuero, TX",29.093803,-97.290054
28175,"Argyle, TX",33.110157,-97.179756
18436,"Hallsville, TX",32.504314,-94.5741
56774,"Sinton, TX",28.034685,-97.508575
3848,"Brownfield, TX",33.181168,-102.27424
48041,"Trinity, TX",31.083445,-95.12193
51227,"Caldwell, TX",29.829897,-97.59596
3624,"Bellville, TX",29.950226,-96.25719
23884,"Burkburnett, TX",34.09243,-98.57053
4184,"Commerce, TX",33.24365,-95.902695
14875,"Dalhart, TX",36.06041,-102.518074
11928,"Hitchcock, TX",29.348291,-95.01604
39298,"La Grange, TX",29.908005,-96.87305
4143,"Clute, TX",29.02469,-95.39883
35152,"Crockett, TX",30.651737,-101.37667
25810,"Mc Gregor, TX",32.733047,-96.66888
33699,"Robstown, TX",27.790302,-97.668884
45916,"Jacksonville, TX",31.963778,-95.27051
22717,"Selma, TX",29.584892,-98.30578
31512,"Fairview, TX",33.157833,-96.63183
10505,"Bowie, TX",33.419888,-94.44796
45356,"Freeport, TX",28.949678,-95.346146
38636,"Galena Park, TX",29.733562,-95.23021
26440,"Pearsall, TX",28.892195,-99.09503
12103,"Jarrell, TX",30.82491,-97.604454
236420,"Parker, TX",32.77726,-97.80456
30288,"Atlanta, TX",33.116215,-94.16635
23925,"Cameron, TX",26.129118,-97.41343
25113,"Hidalgo, TX",26.353025,-98.216446
53863,"Perryton, TX",36.39102,-100.8059
16948,"Bee Cave, TX",30.308537,-97.94501
16644,"Yoakum, TX",33.153694,-102.83358
40875,"Shepherd, TX",30.497982,-94.9966
15363,"Devine, TX",29.139963,-98.905304
13310,"Pipe Creek, TX",29.723557,-98.93587
36230,"Whitney, TX",31.951822,-97.3214
34828,"Whitesboro, TX",33.6558,-96.90686
29362,"Winnsboro, TX",32.957344,-95.29022
45718,"Henderson, TX",32.1826,-95.789314
45142,"Elmendorf, TX",29.256073,-98.33279
235217,"Lucas, TX",33.084286,-96.57666
40717,"Salado, TX",30.946878,-97.53716
18274,"Giddings, TX",30.18305,-96.936615
54128,"Richland Hills, TX",32.815964,-97.22807
3889,"Buna, TX",30.436897,-93.96457
28006,"Wolfforth, TX",33.50592,-102.009056
4427,"Dublin, TX",32.086136,-98.34223
234338,"Jacinto City, TX",29.767344,-95.23367
36646,"Spicewood, TX",30.475922,-98.15664
230978,"Anderson Mill, TX",30.455835,-97.8071
8586,"Huntington, TX",31.277687,-94.57659
28270,"Bacliff, TX",29.50632,-94.98775
43252,"Troup, TX",32.144985,-95.1215
20732,"Sweeny, TX",29.04286,-95.69773
41925,"Chandler, TX",32.310295,-95.48015
34022,"Smithville, TX",30.005627,-97.15591
396599,"Highland Park, TX",32.83346,-96.79195
32429,"Lantana, TX",33.09351,-97.12
40603,"Rockdale, TX",30.654943,-97.00582
8611,"Fair Oaks Ranch, TX",29.745777,-98.64336
42158,"Kennedale, TX",32.6468,-97.225845
25873,"Mexia, TX",31.681618,-96.47837
45617,"Hallettsville, TX",29.443853,-96.94109
39257,"Kingsland, TX",30.658241,-98.44058
52011,"Ferris, TX",32.534027,-96.66555
44117,"Bellmead, TX",31.594055,-97.10889
39415,"Levelland, TX",33.58713,-102.3777
12172,"Kempner, TX",31.081007,-98.002525
3427,"Aransas Pass, TX",27.909666,-97.15038
55528,"Bandera, TX",29.764347,-99.23453
20719,"Sunnyvale, TX",32.796516,-96.56082
17152,"Breckenridge, TX",32.755478,-98.90268
51222,"Caddo Mills, TX",33.065666,-96.22782
16622,"Taft, TX",27.978973,-97.39798
18056,"Fairfield, TX",31.724403,-96.16488
24547,"Edna, TX",28.977262,-96.646255
21042,"Van Alstyne, TX",33.422028,-96.576485
30108,"Krum, TX",33.261837,-97.237465
37970,"Colorado City, TX",32.393032,-100.86351
33493,"Port Isabel, TX",26.073412,-97.20859
39155,"Jefferson, TX",29.834772,-94.17045
51717,"Diboll, TX",31.187132,-94.781044
43621,"Heath, TX",32.836514,-96.47498
29777,"Lago Vista, TX",30.460197,-97.98835
49431,"Luling, TX",29.680313,-97.64732
10198,"Atascosa, TX",28.855444,-98.53163
24151,"Coldspring, TX",30.59242,-95.12938
37923,"Clifton, TX",31.780071,-97.57933
32574,"Lorena, TX",31.386559,-97.21556
45886,"Ingleside, TX",27.876616,-97.209885
46368,"Madisonville, TX",30.94987,-95.91278
44815,"Crystal City, TX",28.68341,-99.82746
50695,"Alpine, TX",30.360218,-103.66286
45516,"Grandview, TX",32.26665,-97.17854
23987,"Castroville, TX",29.3565,-98.87888
23221,"Elsa, TX",26.296623,-97.9931
48046,"Trophy Club, TX",32.997902,-97.183624
40336,"Pilot Point, TX",33.39594,-96.95911
39166,"Jersey Village, TX",29.888578,-95.569916
20193,"River Oaks, TX",32.777073,-97.39446
52884,"Lamesa, TX",32.73573,-101.95502
54040,"Quitman, TX",32.795773,-95.45183
12383,"Liberty, TX",30.085674,-94.78563
28857,"Moody, TX",31.308228,-97.3614
7381,"Teague, TX",31.627115,-96.28386
28392,"Comanche, TX",31.913017,-98.52739
42080,"Alamo Heights, TX",29.483227,-98.46845
13169,"Palmview, TX",26.233406,-98.37085
34728,"West Columbia, TX",29.143858,-95.645226
25761,"Marlin, TX",31.308004,-96.89089
8440,"Kirbyville, TX",30.660482,-93.89268
49892,"Santa Rosa, TX",26.25674,-97.825
28133,"Blanco, TX",30.241928,-98.40046
53460,"Muleshoe, TX",34.226486,-102.72392
236066,"Northlake, TX",33.127342,-97.26557
21581,"Cross Roads, TX",33.231277,-97.00912
35325,"Columbus, TX",29.706617,-96.539696
54672,"Tennessee Colony, TX",31.835445,-95.83885
18354,"Grand Saline, TX",32.676785,-95.71104
5393,"Kenedy, TX",26.920517,-97.74614
3772,"Boyd, TX",33.078888,-97.565445
44657,"Clyde, TX",32.40596,-99.49369
29290,"San Diego, TX",27.763914,-98.23889
43826,"Adkins, TX",29.393013,-98.237236
30587,"Bridge City, TX",30.029436,-93.839905
23847,"Brookshire, TX",29.786064,-95.951065
40243,"Paradise, TX",33.15012,-97.687256
11638,"Godley, TX",32.449028,-97.52669
23372,"Comfort, TX",29.967714,-98.90504
15193,"Hillsboro, TX",32.01085,-97.13037
51285,"Carrizo Springs, TX",28.524908,-99.86166
56479,"Pottsboro, TX",33.76087,-96.666855
46681,"Natalia, TX",29.188868,-98.858116
28258,"Childress, TX",34.519657,-100.206764
41744,"Windcrest, TX",29.515509,-98.380295
12409,"Littlefield, TX",33.91892,-102.33283
49276,"Groesbeck, TX",31.524338,-96.53387
3670,"Big Sandy, TX",32.58375,-95.10883
35482,"Glen Rose, TX",32.234077,-97.755
5408,"Kermit, TX",31.8579,-103.093216
24226,"Corrigan, TX",30.996857,-94.827156
5249,"Hutchins, TX",32.64736,-96.7119
28488,"Kirby, TX",29.461346,-98.38579
14632,"Whitewright, TX",33.51226,-96.39468
5947,"Midway, TX",31.02602,-95.7505
9424,"Washington, TX",30.222635,-96.39361
33097,"New Waverly, TX",30.5377,-95.48328
37926,"Clint, TX",31.590075,-106.227875
17951,"Elkhart, TX",31.625175,-95.5794
12788,"Monahans, TX",31.589052,-102.88619
46225,"Leonard, TX",33.383545,-96.2445
27275,"Stockdale, TX",29.23395,-97.96078
32177,"Jacksboro, TX",33.21953,-98.164246
17452,"Cisco, TX",32.38813,-98.97934
30439,"Bertram, TX",30.743765,-98.055435
4629,"Everman, TX",32.630966,-97.289185
33832,"San Augustine, TX",31.397036,-94.17514
11853,"Hearne, TX",30.878881,-96.59624
20036,"Post, TX",33.190926,-101.38066
16170,"Troy, TX",31.204655,-97.300316
21346,"Winnie, TX",29.82022,-94.38408
40157,"Onalaska, TX",30.805746,-95.116325
26372,"Palmhurst, TX",26.258406,-98.31807
33253,"Orange Grove, TX",27.956684,-97.93694
28942,"Mount Vernon, TX",33.189083,-95.22146
16144,"Slaton, TX",33.43437,-101.643524
7882,"Westlake, TX",32.991226,-97.19437
14942,"China Spring, TX",31.65215,-97.307816
18318,"Goliad, TX",28.646778,-97.43796
13161,"Palacios, TX",28.707464,-96.21755
44909,"Denver City, TX",32.967957,-102.829384
11118,"Dilley, TX",28.669598,-99.1672
53950,"Pollok, TX",31.44657,-94.872154
56322,"Rio Hondo, TX",26.235352,-97.58193
22201,"Ore City, TX",32.80033,-94.72124
50121,"Tulia, TX",34.539062,-101.767784
31157,"Daingerfield, TX",33.031803,-94.72199
24672,"Falfurrias, TX",27.224733,-98.14624
46378,"Malakoff, TX",32.169598,-96.01247
9811,"De Kalb, TX",33.508724,-94.61632
39752,"Merkel, TX",32.46859,-100.01434
20436,"Shallowater, TX",33.691166,-101.992714
45369,"Friona, TX",34.63963,-102.72117
4519,"Edgewood, TX",32.698185,-95.88525
235481,"Meadows Place, TX",29.651344,-95.588
15466,"Jourdanton, TX",28.91803,-98.54641
15265,"Lake Dallas, TX",33.11929,-97.025566
36211,"White Oak, TX",32.527157,-94.86097
35624,"Diana, TX",32.709995,-94.75203
27154,"Somerville, TX",30.34419,-96.52913
50629,"Emory, TX",32.874565,-95.76552
38309,"Eastland, TX",32.29786,-98.86309
43016,"Sansom Park, TX",32.80596,-97.403076
42252,"La Joya, TX",26.247017,-98.48141
396519,"Pinehurst, TX",30.107155,-93.77461
396519,"Pinehurst, TX",30.107155,-93.77461
396529,"Abram, TX",26.199795,-98.411125
29349,"Sullivan City, TX",26.277693,-98.56366
47748,"Sour Lake, TX",30.140213,-94.411026
7773,"Waskom, TX",32.478764,-94.05963
52984,"Lipan, TX",32.518467,-98.045876
41804,"Yantis, TX",32.93055,-95.57505
35575,"Fabens, TX",31.50443,-106.15084
36696,"Schulenburg, TX",29.680117,-96.904594
15206,"Electra, TX",34.032085,-98.91637
51481,"Coleman, TX",31.776686,-99.44611
25576,"Lexington, TX",30.415222,-97.00979
51781,"Early, TX",31.742096,-98.9456
236238,"Olivarez, TX",26.228407,-97.992226
45389,"Ganado, TX",29.039629,-96.51228
35802,"Lytle, TX",29.23302,-98.797874
27391,"Terrell Hills, TX",29.477255,-98.44649
11121,"Dimmitt, TX",34.548824,-102.31531
36043,"Nocona, TX",33.788857,-97.72674
10701,"Canutillo, TX",31.912468,-106.5981
45720,"Henrietta, TX",33.816628,-98.19468
38038,"Cotulla, TX",28.43587,-99.23508
23587,"Ballinger, TX",31.741104,-99.95307
27151,"Somerset, TX",29.22635,-98.6578
8082,"Anahuac, TX",29.77133,-94.67851
25081,"Hebbronville, TX",27.310331,-98.67985
9169,"Prairie View, TX",30.085793,-95.99071
49280,"Gun Barrel City, TX",32.331017,-96.11268
22214,"Lyford, TX",26.412292,-97.78972
18505,"Hawkins, TX",32.588474,-95.20412
17038,"Bishop, TX",27.586143,-97.799164
14352,"Valley Mills, TX",31.658415,-97.471725
49129,"Gladewater, TX",32.536533,-94.94272
36885,"Driftwood, TX",30.122988,-98.030846
34708,"Weimar, TX",29.70301,-96.78054
232741,"Doffing, TX",26.274515,-98.38585
32265,"Karnes City, TX",28.884977,-97.90083
52483,"Hemphill, TX",35.829346,-100.256454
18021,"Eustace, TX",32.30709,-96.00664
49667,"Nolanville, TX",31.078789,-97.60557
46124,"Lake Worth, TX",32.80485,-97.44502
45535,"Grapeland, TX",31.491844,-95.47856
52903,"Lavon, TX",33.02762,-96.43415
49339,"Hamilton, TX",31.642935,-97.971596
27386,"Tenaha, TX",31.943779,-94.24409
19389,"Millsap, TX",32.748188,-98.00921
22584,"Stanton, TX",32.129288,-101.78847
234707,"Lacy-Lakeview, TX",31.630281,-97.09893
36851,"East Bernard, TX",29.5273,-96.064735
35450,"George West, TX",28.331823,-98.117165
38656,"Garrison, TX",31.82434,-94.491035
32108,"Hughes Springs, TX",32.998463,-94.63076
33113,"Newton, TX",30.8119,-93.7405
9165,"Powderly, TX",33.811214,-95.5244
15360,"Iowa Park, TX",33.951485,-98.66867
50596,"Winona, TX",32.490585,-95.16689
230932,"Alton North, TX",26.29535,-98.30446
39127,"Italy, TX",32.184036,-96.88472
36348,"Wake Village, TX",33.42553,-94.1122
13704,"Sandia, TX",28.020042,-97.87907
29004,"Marion, TX",32.793167,-94.34449
24256,"Crane, TX",31.448612,-102.51636
47940,"Tahoka, TX",33.16476,-101.79711
51183,"Buffalo, TX",31.46349,-96.064125
50392,"Mont Belvieu, TX",29.847723,-94.890755
36671,"Tolar, TX",32.389355,-97.91949
33841,"San Leon, TX",29.486742,-94.921585
48560,"Wolfe City, TX",33.368668,-96.0713
39647,"Mart, TX",31.54239,-96.8336
27087,"Shiner, TX",29.429977,-97.1718
23249,"Franklin, TX",33.200268,-95.223175
36904,"Florence, TX",30.841295,-97.793625
11966,"Honey Grove, TX",33.582455,-95.90959
32584,"Lovelady, TX",31.12685,-95.445496
12591,"Martindale, TX",29.841333,-97.84362
47654,"Shavano Park, TX",29.58495,-98.55252
10579,"Brownsboro, TX",32.302372,-95.61357
9967,"Yorktown, TX",28.982307,-97.50247
33905,"Seagraves, TX",32.94379,-102.56598
19832,"Panhandle, TX",35.345486,-101.38041
24094,"Clarksville, TX",33.610554,-95.05294
45533,"Grape Creek, TX",31.585255,-100.54648
20338,"San Saba, TX",31.122269,-98.83971
28859,"Olney, TX",33.371124,-98.75669
43897,"Anderson, TX",31.781923,-95.62582
17335,"Castle Hills, TX",29.523285,-98.51641
237053,"Reno, TX",32.94438,-97.58062
237053,"Reno, TX",32.94438,-97.58062
22043,"Iowa Colony, TX",29.461605,-95.40545
51672,"De Leon, TX",32.110435,-98.53715
50636,"Abernathy, TX",33.832382,-101.84302
24467,"Eagle Lake, TX",29.589539,-96.33124
15666,"Richwood, TX",29.056078,-95.40994
49664,"Nixon, TX",29.269657,-97.76251
19799,"Ovilla, TX",32.526527,-96.88639
396597,"Cockrell Hill, TX",32.73624,-96.88695
235191,"Lost Creek, TX",33.23392,-98.14636
25329,"Johnson City, TX",30.277382,-98.40902
31035,"Copper Canyon, TX",33.095955,-97.09668
37730,"Canadian, TX",35.91201,-100.3839
20055,"Presidio, TX",29.988377,-104.23366
3622,"Bells, TX",33.610382,-96.41082
14558,"West Lake Hills, TX",30.287704,-97.806816
12394,"Linden, TX",33.012352,-94.36547
45804,"Hooks, TX",33.469654,-94.285965
42680,"Red Rock, TX",29.959665,-97.446106
48512,"Willow Park, TX",32.76263,-97.65058
37864,"Chico, TX",33.295948,-97.79893
16224,"Sparks, TX",31.672613,-106.2397
47329,"Refugio, TX",28.3171,-97.23941
54246,"Rusk, TX",32.051376,-94.79066
27042,"Seymour, TX",33.594242,-99.26031
34970,"Alvord, TX",33.354187,-97.69449
16512,"Normangee, TX",31.029709,-96.117
28360,"Bedias, TX",30.77575,-95.949394
236129,"Oak Ridge North, TX",30.160215,-95.44438
12203,"Kingsbury, TX",29.66152,-97.81544
12603,"Mason, TX",30.705029,-99.22333
18650,"Hudson Oaks, TX",32.757072,-97.706696
57116,"Van, TX",32.524906,-95.63773
45974,"Junction, TX",30.489355,-99.77201
26266,"Odem, TX",27.950314,-97.583244
6660,"Queen City, TX",33.148743,-94.150185
232913,"Edgecliff Village, TX",32.657635,-97.3428
30229,"Anthony, TX",31.995653,-106.59682
34038,"Sonora, TX",30.566734,-100.64286
16879,"Bangs, TX",31.717096,-99.13255
25633,"Lone Oak, TX",32.995167,-95.94194
17664,"Cushing, TX",31.814617,-94.84049
5256,"Idalou, TX",33.66227,-101.68411
27240,"Stamford, TX",32.94488,-99.80245
44696,"Collinsville, TX",33.561497,-96.91112
19241,"Maxwell, TX",29.881897,-97.79564
23006,"Holland, TX",30.87928,-97.40489
33542,"Progreso, TX",26.092299,-97.95722
42137,"Alto, TX",31.650455,-95.072716
42897,"Poolville, TX",32.97363,-97.85959
9903,"Floydada, TX",33.98397,-101.33446
22777,"Three Rivers, TX",28.464762,-98.18098
20227,"Rogers, TX",30.931576,-97.22672
23820,"Bridgeport, TX",33.210117,-97.75475
24865,"Gilmer, TX",32.7288,-94.94456
18809,"Kemah, TX",29.54273,-95.020485
34084,"Spearman, TX",36.193893,-101.192184
21607,"Damon, TX",29.290524,-95.73467
28759,"Flatonia, TX",29.686804,-97.1071
31971,"Haskell, TX",33.154217,-99.71999
25444,"La Coste, TX",29.310272,-98.81292
49872,"Wilmer, TX",32.589024,-96.68527
41762,"Winters, TX",31.95769,-99.96282
51042,"Blue Ridge, TX",33.29928,-96.402115
37164,"Arcola, TX",29.49607,-95.465775
9140,"Oakwood, TX",31.585089,-95.84976
17023,"Big Lake, TX",31.195475,-101.459274
48944,"Campbell, TX",33.148426,-95.95179
14567,"West Orange, TX",30.082155,-93.758224
8872,"Muenster, TX",33.651535,-97.376274
28608,"Goldthwaite, TX",31.45081,-98.570015
54766,"Tuscola, TX",32.207993,-99.796135
55717,"Hico, TX",31.983517,-98.03164
49490,"Murchison, TX",32.27848,-95.74969
13178,"Pantego, TX",32.7143,-97.1564
38846,"Hale Center, TX",34.06447,-101.84437
23082,"Brackettville, TX",29.313534,-100.41576
47449,"Rosebud, TX",31.074703,-96.97556
36648,"Newark, TX",33.001236,-97.48447
15064,"Cactus, TX",36.052258,-102.002396
37827,"Chappell Hill, TX",30.14153,-96.25672
35868,"Naples, TX",33.20318,-94.68021
14147,"Timpson, TX",31.903782,-94.3952
20303,"Saint Hedwig, TX",29.414486,-98.20074
10638,"Burton, TX",30.18216,-96.59553
22086,"Gunter, TX",33.449898,-96.74463
8674,"Double Oak, TX",33.06512,-97.110565
25250,"Inez, TX",28.90416,-96.788414
8218,"Baird, TX",32.39461,-99.39635
52634,"Ingram, TX",30.073889,-99.236565
6377,"Paige, TX",30.211653,-97.11328
30226,"Anson, TX",32.756477,-99.89679
53962,"Port Aransas, TX",27.833218,-97.06183
22217,"Mabank, TX",32.36653,-96.10081
10265,"Bartonville, TX",33.073177,-97.131676
4293,"Danbury, TX",29.228296,-95.34494
44527,"Centerville, TX",31.257822,-95.97853
39667,"Mathis, TX",28.094292,-97.82741
24927,"Granger, TX",30.718159,-97.44119
23803,"Brady, TX",31.131687,-99.33487
24167,"Colmesneil, TX",30.907974,-94.42214
32023,"Hickory Creek, TX",33.12234,-97.04307
26744,"Rice, TX",32.24376,-96.4986
39718,"McDade, TX",30.286497,-97.24005
55260,"Wortham, TX",31.787941,-96.46248
29925,"El Lago, TX",29.571041,-95.04408
47663,"Shenandoah, TX",30.180216,-95.45577
230813,"Agua Dulce, TX",27.782846,-97.90968
49199,"Granite Shoals, TX",30.589077,-98.38392
45951,"Joaquin, TX",31.965723,-94.0538
21525,"Boling, TX",29.262493,-95.9398
238871,"West Sharyland, TX",26.272572,-98.32863
54148,"Rio Bravo, TX",27.364922,-99.48888
19324,"Meridian, TX",31.924732,-97.65611
46201,"Leesburg, TX",32.987625,-95.083824
17658,"Cumby, TX",33.137337,-95.83941
39128,"Itasca, TX",32.159595,-97.15001
15299,"Hubbard, TX",31.84755,-96.79631
396598,"Dalworthington Gardens, TX",32.70291,-97.15529
34337,"Trinidad, TX",32.144043,-96.09108
19536,"Nash, TX",33.442547,-94.13058
55347,"Blossom, TX",33.661495,-95.38579
37986,"Como, TX",33.060673,-95.472176
48019,"Tornillo, TX",31.445395,-106.0883
26351,"Ozona, TX",30.712757,-101.21182
20102,"Ranger, TX",32.470573,-98.680824
54054,"Rancho Viejo, TX",26.039522,-97.55637
43131,"Taylor Lake Village, TX",29.576984,-95.05533
22936,"Westworth Village, TX",32.75972,-97.421455
56208,"Marfa, TX",30.311762,-104.02315
33954,"Shamrock, TX",35.21422,-100.24901
238904,"Westway, TX",31.95911,-106.575005
21618,"Balcones Heights, TX",29.489573,-98.55018
25115,"Hideaway, TX",32.49042,-95.45746
23359,"Crawford, TX",31.53433,-97.44307
10993,"Cresson, TX",32.530594,-97.617226
56730,"Thorndale, TX",30.613918,-97.20609
6316,"Olmos Park, TX",29.478842,-98.48752
56711,"Wallisville, TX",29.835499,-94.74187
3450,"Arp, TX",32.225483,-95.05904
51071,"Bogata, TX",33.47116,-95.2145
22853,"Wellington, TX",34.85599,-100.213585
8580,"Graford, TX",32.937458,-98.248566
6826,"Rosanky, TX",29.92939,-97.2936
55778,"Hollywood Park, TX",29.600504,-98.48724
15569,"Mountain Home, TX",30.178406,-99.37502
12966,"New Ulm, TX",29.890951,-96.48801
9852,"Combes, TX",26.248686,-97.73388
24009,"Celeste, TX",33.294453,-96.19641
56912,"Hamlin, TX",32.884674,-100.12962
39515,"Lott, TX",31.206106,-97.03267
27710,"The Hills, TX",30.346882,-97.98643
34186,"Sunset Valley, TX",30.225803,-97.814964
236482,"Pecan Acres, TX",27.482134,-99.45934
27772,"Warren, TX",30.614649,-94.40853
16300,"Hunt, TX",33.116158,-96.080894
43540,"Memphis, TX",34.725357,-100.5401
8835,"Mount Enterprise, TX",31.917948,-94.681046
45890,"Iola, TX",30.77122,-96.075645
25188,"Horseshoe Bay, TX",30.544209,-98.36698
14420,"Vinton, TX",31.956263,-106.59538
55735,"Garden Ridge, TX",29.63467,-98.30529
30009,"Olton, TX",34.183414,-102.13463
32958,"Morton, TX",33.725155,-102.75939
16539,"Omaha, TX",33.180676,-94.744095
24981,"Gruver, TX",36.263218,-101.40454
34905,"Woodsboro, TX",28.238287,-97.32438
8657,"Fayetteville, TX",29.905201,-96.67514
235487,"Medina, TX",29.283628,-99.112686
13301,"Pineland, TX",31.247967,-93.97436
47877,"Streetman, TX",31.877308,-96.32515
22647,"Zavalla, TX",31.158524,-94.426315
233950,"Hebron, TX",33.025486,-96.85632
13728,"Savoy, TX",33.599667,-96.36712
14457,"Waller, TX",29.94439,-95.99559
51998,"Farwell, TX",34.383408,-103.038
25364,"Keene, TX",32.397778,-97.325424
52409,"Happy, TX",34.7451,-101.856575
11552,"Frost, TX",32.080154,-96.80666
20663,"Stinnett, TX",35.827007,-101.44272
17764,"Detroit, TX",33.662983,-95.26625
39747,"Menard, TX",30.857357,-99.83206
37290,"Bartlett, TX",30.79579,-97.43038
13432,"Ralls, TX",33.67934,-101.3836
7904,"Wheeler, TX",35.39219,-100.263275
48852,"Barry, TX",32.09932,-96.6361
25833,"McQueeney, TX",29.592173,-98.03334
10059,"Albany, TX",32.728073,-99.2946
42431,"Groveton, TX",31.054907,-95.12577
54627,"Sunray, TX",36.020733,-101.82435
46283,"Lockney, TX",34.12452,-101.44155
12176,"Kennard, TX",31.359625,-95.18327
13606,"Rotan, TX",32.85205,-100.46567
14781,"Alvarado, TX",32.409557,-97.21029
40636,"Roscoe, TX",32.441616,-100.5393
43021,"Sudan, TX",34.067123,-102.524445
5053,"Hamshire, TX",29.861609,-94.31241
5468,"La Villa, TX",26.298683,-97.92861
56046,"Harleton, TX",32.67658,-94.57398
20683,"Stratford, TX",36.33614,-102.07212
36279,"Van Horn, TX",31.042973,-104.83163
13142,"Overton, TX",32.2746,-94.97856
16500,"Coahoma, TX",32.296177,-101.303444
31074,"Coupland, TX",30.459482,-97.39088
28712,"Devers, TX",30.027437,-94.59158
13177,"Panorama Village, TX",30.38104,-95.49355
10305,"Beasley, TX",29.497463,-95.91801
52449,"Hawley, TX",32.613373,-99.813034
36033,"Rio Vista, TX",32.233482,-97.37446
237360,"Saint Paul, TX",33.04115,-96.55045
41127,"Sumner, TX",33.74038,-95.67302
8457,"Garwood, TX",29.447842,-96.39789
54631,"Sunset, TX",33.45432,-97.76568
33808,"Saint Jo, TX",33.694828,-97.52252
51048,"Blum, TX",32.14265,-97.39724
47989,"Thornton, TX",31.411007,-96.572205
40400,"Port Bolivar, TX",29.379978,-94.764565
50623,"Freer, TX",27.87813,-98.61421
31118,"Cross Plains, TX",32.126247,-99.16544
12721,"Milano, TX",30.71064,-96.864746
56829,"West, TX",31.803482,-97.093346
11649,"Goodrich, TX",30.605478,-94.9466
34163,"Strawn, TX",32.552074,-98.49811
23160,"Bronson, TX",31.345533,-94.008446
36424,"Tioga, TX",33.46784,-96.91518
8198,"Crosbyton, TX",33.660084,-101.23793
39677,"May, TX",31.97959,-98.92006
39409,"Leroy, TX",31.731552,-97.01778
8987,"Maypearl, TX",32.311478,-97.014206
233239,"Fifth Street, TX",29.59829,-95.55133
15810,"Little River Academy, TX",30.986294,-97.35861
40893,"Shoreacres, TX",29.620228,-95.009926
36727,"Sabinal, TX",29.321417,-99.46838
14441,"Waelder, TX",29.693987,-97.29771
31802,"Gordon, TX",32.548462,-98.36922
10923,"Combine, TX",32.588467,-96.5086
40915,"Simms, TX",35.033394,-102.657715
18640,"Howe, TX",33.507336,-96.61266
14823,"Cat Spring, TX",29.84333,-96.32548
35004,"Anton, TX",33.81093,-102.16328
17154,"Bremond, TX",31.166193,-96.67602
37440,"Bivins, TX",33.019577,-94.19907
57083,"Center Point, TX",32.935402,-97.543076
22807,"Skidmore, TX",28.254587,-97.68377
32966,"Moulton, TX",29.573929,-97.14622
7110,"Smyer, TX",33.584255,-102.16323
22028,"Falls City, TX",28.98147,-98.018326
19077,"Lometa, TX",31.217163,-98.39245
7319,"Sundown, TX",33.456207,-102.48936
236362,"Palm Valley, TX",26.201742,-97.75416
19343,"Mico, TX",29.544119,-98.92309
17028,"Bigfoot, TX",29.046911,-98.86669
16587,"Hempstead, TX",30.092949,-96.08066
47478,"Runge, TX",28.883312,-97.71305
235208,"Lowry Crossing, TX",33.15484,-96.54721
45745,"Hill Country Village, TX",29.582449,-98.49085
46866,"Oglesby, TX",31.4185,-97.50724
57046,"Scroggins, TX",32.973736,-95.18466
15576,"Ovalo, TX",32.172382,-99.8077
19081,"Lone Star, TX",32.94159,-94.70946
50902,"Bayou Vista, TX",29.326347,-94.93854
24754,"Fort Davis, TX",30.589165,-103.89496
14853,"Archer City, TX",33.59566,-98.62561
26041,"Munday, TX",33.449265,-99.62286
37325,"Beach City, TX",29.74195,-94.83953
40626,"Rollingwood, TX",30.274242,-97.78558
56257,"Mauriceville, TX",30.207422,-93.874794
51398,"Chireno, TX",31.49935,-94.35187
396233,"New Fairview, TX",33.09917,-97.44639
12142,"Jonestown, TX",30.495474,-97.92335
40577,"Rising Star, TX",32.09559,-98.96521
36272,"Santa Anna, TX",31.741299,-99.325096
28583,"Glidden, TX",29.70051,-96.58786
18473,"Harper, TX",30.300726,-99.25084
6945,"Santo, TX",32.60373,-98.21411
49692,"Pinehurst, TX",30.107155,-93.77461
49692,"Pinehurst, TX",30.107155,-93.77461
22989,"Ropesville, TX",33.41342,-102.15434
30917,"Claude, TX",35.10811,-101.36274
28536,"Holliday, TX",33.8147,-98.69419
15818,"Miles, TX",31.59738,-100.18231
14132,"Thrall, TX",30.587835,-97.29852
51623,"Cut and Shoot, TX",30.333265,-95.357994
48806,"Dawson, TX",32.741077,-101.9576
15779,"Mertzon, TX",31.260479,-100.8207
30452,"Beverly Hills, TX",31.522606,-97.15563
21634,"Brookside Village, TX",29.586899,-95.32522
18812,"Kemp, TX",32.442642,-96.22998
23218,"Ector, TX",31.894176,-102.57944
41966,"Avinger, TX",32.90052,-94.55747
33353,"Patton, TX",31.853422,-97.2183
8423,"Eden, TX",31.216148,-99.845474
41678,"Westover Hills, TX",32.744854,-97.41363
5590,"Ledbetter, TX",32.683403,-96.7888
230996,"Annetta North, TX",32.716408,-97.64621
8210,"Christoval, TX",31.19456,-100.495384
30898,"Citrus City, TX",26.326458,-98.38529
43568,"Brashear, TX",33.118942,-95.734314
32384,"Lake Kiowa, TX",33.577053,-97.01306
33556,"Purdon, TX",31.948719,-96.61631
33176,"North Zulch, TX",30.916971,-96.10857
26695,"Ravenna, TX",33.672882,-96.241646
49207,"Laneville, TX",31.974335,-94.81383
9604,"Long Branch, TX",30.573711,-97.29831
42023,"Buchanan Dam, TX",30.739904,-98.431145
234772,"Lakeside, TX",32.82235,-97.493355
7230,"Spur, TX",33.47648,-100.85568
24473,"Earth, TX",34.23314,-102.41075
40762,"Saratoga, TX",30.284552,-94.52339
28248,"Avery, TX",33.550953,-94.7797
20652,"Sterling City, TX",31.838484,-100.98508
42837,"Plains, TX",33.18924,-102.82727
49626,"Richards, TX",30.537926,-95.84001
24368,"Deport, TX",33.52766,-95.31724
41467,"Van Vleck, TX",29.017956,-95.89004
29691,"Llano, TX",30.66633,-98.69704
43124,"Seven Points, TX",32.32089,-96.2134
45487,"Gordonville, TX",33.79566,-96.85306
10670,"Calvert, TX",30.977964,-96.67387
47608,"Seadrift, TX",28.415281,-96.71359
233806,"Hackberry, TX",33.15234,-96.917786
5885,"Meadowlakes, TX",30.562412,-98.29641
7969,"Windthorst, TX",33.576233,-98.43691
232060,"Chateau Woods, TX",30.168549,-95.423
30717,"Camp Wood, TX",29.669418,-100.012344
22297,"Nemo, TX",32.259865,-97.65197
50888,"Batson, TX",30.249376,-94.60714
396523,"Point Blank, TX",30.745747,-95.212715
38091,"Crowell, TX",33.98729,-99.72259
23309,"Louise, TX",29.109085,-96.408356
44320,"Broaddus, TX",31.306854,-94.26909
46078,"La Blanca, TX",26.29265,-98.0379
11126,"Dodd City, TX",33.575638,-96.0752
24105,"Clear Lake Shores, TX",29.547451,-95.03215
3748,"Booker, TX",36.453476,-100.53737
42864,"Point Venture, TX",30.379368,-97.996124
51028,"Blanket, TX",31.825836,-98.78763
45104,"El Cenizo, TX",27.332489,-99.50296
54226,"Round Top, TX",30.065102,-96.69554
53412,"Morgan, TX",32.016193,-97.60733
54607,"Sulphur Bluff, TX",33.33245,-95.396675
18971,"Leakey, TX",29.726524,-99.76245
12444,"Lorenzo, TX",33.67064,-101.535164
48071,"Tye, TX",32.45454,-99.86851
35231,"Buckholts, TX",30.872967,-97.12499
37042,"Abbott, TX",31.88993,-97.08708
39293,"Kress, TX",34.36637,-101.74858
43345,"Gardendale, TX",32.031033,-102.33427
47539,"Saltillo, TX",33.18244,-95.330826
20142,"Reno, TX",32.94438,-97.58062
20142,"Reno, TX",32.94438,-97.58062
46535,"Milford, TX",32.124596,-96.945274
42412,"Iredell, TX",31.98515,-97.87197
55865,"Ladonia, TX",33.425415,-95.947044
22824,"Round Mountain, TX",30.431583,-98.34474
49992,"Woodcreek, TX",30.028269,-98.11112
236599,"Pine Island, TX",30.057997,-96.03746
51950,"Evant, TX",31.477148,-98.15034
46009,"Kendalia, TX",29.969103,-98.52225
20336,"San Leanna, TX",30.145767,-97.81806
5134,"Hermleigh, TX",32.63546,-100.75913
237495,"Santa Clara, TX",29.588152,-98.173706
5305,"Ivanhoe, TX",30.679558,-94.416275
54693,"Throckmorton, TX",33.15711,-99.20178
23330,"Venus, TX",32.433475,-97.10251
230995,"Annetta, TX",32.69457,-97.652756
33768,"Runaway Bay, TX",33.16663,-97.88117
12570,"Markham, TX",28.962528,-96.06654
17233,"Burkeville, TX",30.999702,-93.66801
19432,"Montalba, TX",31.876554,-95.732735
25059,"Harwood, TX",29.666155,-97.50402
236737,"Porter Heights, TX",30.157938,-95.32031
42707,"Richland, TX",31.926826,-96.42943
14611,"White Deer, TX",35.43092,-101.17476
14752,"Zephyr, TX",31.67674,-98.79599
10195,"Aspermont, TX",33.13824,-100.228714
18767,"Jonesboro, TX",31.616041,-97.87701
18270,"Geronimo, TX",29.663004,-97.96695
23301,"Petersburg, TX",33.869526,-101.59739
10448,"Blooming Grove, TX",32.0921,-96.71583
26864,"Roxton, TX",33.546215,-95.72579
22428,"Pickton, TX",33.028175,-95.393005
46241,"Liberty City, TX",32.445427,-94.94855
52895,"Lasara, TX",26.46479,-97.91111
26724,"Reklaw, TX",31.86231,-94.98678
42343,"Etoile, TX",31.386852,-94.436035
35062,"Covington, TX",32.178482,-97.258064
46602,"Moore, TX",35.815613,-101.91044
21145,"Walnut Springs, TX",32.057648,-97.74947
9113,"Oak Leaf, TX",32.520416,-96.85472
31228,"Dime Box, TX",30.35671,-96.82505
42486,"Forestburg, TX",33.53258,-97.55661
14829,"Blue Mound, TX",32.856518,-97.338905
238003,"Star Harbor, TX",32.192097,-96.053024
238368,"Tool, TX",32.272026,-96.17327
10152,"Apple Springs, TX",31.223518,-94.966324
32341,"Kosse, TX",31.307678,-96.63192
57261,"Dike, TX",33.238724,-95.48218
50744,"Aquilla, TX",31.851803,-97.21798
56295,"Perrin, TX",33.032894,-98.07251
232547,"D Hanis, TX",29.330513,-99.27976
18337,"Gorman, TX",32.21178,-98.67256
52365,"Guy, TX",29.344133,-95.783005
44115,"Bellevue, TX",33.634117,-98.01432
27465,"Trenton, TX",33.430664,-96.33859
23174,"Morgans Point, TX",29.67201,-95.006714
47402,"Riviera, TX",27.298738,-97.8143
50072,"Trent, TX",32.488304,-100.12341
27125,"Smiley, TX",29.268904,-97.63695
12858,"Mount Calm, TX",31.756273,-96.87916
21244,"West Tawakoni, TX",32.896114,-96.004135
32833,"Meyersville, TX",28.928316,-97.31249
23349,"Wildorado, TX",35.209743,-102.2017
3454,"Arthur City, TX",33.870384,-95.50635
6438,"Pattonville, TX",33.579273,-95.39217
40790,"Scotland, TX",33.65981,-98.469955
4153,"Coffee City, TX",32.11599,-95.499405
18209,"Fritch, TX",35.639767,-101.603226
8227,"Brookesmith, TX",31.550436,-99.11866
15807,"Linn, TX",26.560062,-98.12195
44968,"Douglass, TX",31.667955,-94.88077
49059,"Knox City, TX",33.41815,-99.81898
4807,"Frankston, TX",32.054302,-95.50593
24973,"Groom, TX",35.20366,-101.10682
19431,"Montague, TX",33.620575,-97.72157
10644,"Bynum, TX",31.969439,-97.00396
30752,"Carbon, TX",32.269714,-98.828865
23877,"Buffalo Gap, TX",32.279297,-99.830086
40225,"Paint Rock, TX",31.507677,-99.922165
230997,"Annetta South, TX",32.67947,-97.667465
46738,"Newcastle, TX",33.192917,-98.73753
45746,"Hillcrest, TX",29.392197,-95.22449
40230,"Palmer, TX",32.43125,-96.66777
46012,"Kendleton, TX",29.4508,-95.994675
26790,"Roby, TX",32.74538,-100.38035
44138,"Bergheim, TX",29.82744,-98.5753
39782,"Milam, TX",30.762688,-96.99817
28042,"Yancey, TX",29.139406,-99.145035
31584,"Follett, TX",36.43226,-100.141174
25605,"Lindsay, TX",33.636013,-97.222
55331,"Carmine, TX",30.149384,-96.68609
8828,"Moscow, TX",30.913248,-94.82521
12415,"Liverpool, TX",29.294962,-95.278824
10274,"Batesville, TX",28.951334,-99.61756
46766,"Nordheim, TX",28.923231,-97.61141
47189,"Ponder, TX",33.182896,-97.28724
6646,"Purmela, TX",31.483772,-97.96225
36452,"Tow, TX",30.883509,-98.472534
15861,"Powell, TX",32.118603,-96.32769
26871,"Rule, TX",33.184544,-99.89371
3459,"Asherton, TX",28.446495,-99.76208
53023,"Log Cabin, TX",32.22237,-96.02191
24992,"Gustine, TX",31.84515,-98.40282
5767,"Malone, TX",31.917936,-96.89472
44312,"Briggs, TX",30.88877,-97.92581
26375,"Palo Pinto, TX",32.721573,-98.28149
24404,"Donie, TX",31.47712,-96.222466
32346,"Krugerville, TX",33.281506,-96.99056
5583,"Leary, TX",33.463615,-94.2141
3886,"Bullard, TX",32.1403,-95.32219
22858,"Rye, TX",30.452707,-94.768814
17434,"China Grove, TX",29.388845,-98.3489
10120,"Amherst, TX",34.013046,-102.41384
231609,"Briaroaks, TX",32.50347,-97.305016
4692,"Farmersville, TX",33.163216,-96.36035
56551,"Stonewall, TX",33.157173,-100.2453
53779,"Paducah, TX",34.013363,-100.30329
237056,"Retreat, TX",32.034042,-96.47443
32451,"Lawn, TX",32.13486,-99.74981
231662,"Bruceville-Eddy, TX",31.30882,-97.24622
36067,"Mertens, TX",32.058487,-96.89667
8481,"Gholson, TX",31.700996,-97.21639
235838,"Mustang Ridge, TX",30.056883,-97.69111
237903,"South Mountain, TX",31.427666,-97.67752
25597,"Lincoln, TX",30.283714,-96.96416
11804,"Hargill, TX",26.442701,-98.013466
46312,"Loraine, TX",32.407707,-100.71349
53306,"Midfield, TX",28.939318,-96.21291
55627,"Benavides, TX",27.595844,-98.41183
18454,"Hankamer, TX",29.858276,-94.62686
5801,"Marathon, TX",30.205965,-103.24457
236128,"Oak Ridge, TX",33.648163,-97.038345
29837,"Sunrise Beach, TX",29.479725,-98.74464
28927,"Rainbow, TX",32.26542,-97.714195
10442,"Blessing, TX",28.869345,-96.22204
33378,"Penelope, TX",31.860159,-96.92667
39287,"Kopperl, TX",32.069874,-97.50391
239165,"Zuehl, TX",29.48551,-98.16612
10981,"Cranfills Gap, TX",31.773766,-97.82586
11437,"Fischer, TX",29.976881,-98.26585
10966,"Cottonwood Shores, TX",30.555746,-98.32391
30660,"Burlington, TX",31.014893,-96.99691
41735,"Wilson, TX",29.158997,-98.125145
36783,"Valley View, TX",33.488167,-97.165016
9351,"Volente, TX",30.433811,-97.903625
231390,"Bevil Oaks, TX",30.150213,-94.26963
47717,"Skellytown, TX",35.57211,-101.17264
54667,"Telephone, TX",33.78121,-96.01803
49295,"Doss, TX",30.444635,-99.13061
10652,"Caddo, TX",32.71793,-98.66831
20754,"Tatum, TX",32.315052,-94.51637
53918,"Pleak, TX",29.48913,-95.80773
25012,"Hallsburg, TX",31.53878,-96.95611
236460,"Payne Springs, TX",32.278202,-96.06692
52713,"Josephine, TX",33.06121,-96.30767
54706,"Tivoli, TX",28.456638,-96.88941
30298,"Aurora, TX",33.05958,-97.51107
43303,"Uncertain, TX",32.71209,-94.1213
8910,"Rochester, TX",33.313282,-99.856514
17052,"Blackwell, TX",32.08697,-100.318886
39332,"Lakeport, TX",32.40871,-94.704056
51538,"Cooper, TX",33.372143,-95.687706
40557,"Rhome, TX",33.053455,-97.47197
40570,"Riesel, TX",31.47488,-96.92433
50687,"Alleyton, TX",29.708288,-96.48702
24849,"Gause, TX",30.787477,-96.72094
234751,"Lake Tanglewood, TX",35.06247,-101.78229
55861,"La Pryor, TX",28.94358,-99.84357
57117,"Votaw, TX",30.435486,-94.673256
19286,"Meadow, TX",33.33842,-102.20766
4046,"Channing, TX",35.684235,-102.33174
232483,"Cross Timber, TX",32.484005,-97.32555
235595,"Mildred, TX",32.035156,-96.37692
15993,"Windom, TX",33.56376,-95.99956
12057,"Ira, TX",32.582058,-101.00206
11277,"El Indio, TX",28.514153,-100.31162
236672,"Pleasant Valley, TX",33.94013,-98.594864
236734,"Port O Connor, TX",28.44648,-96.41411
16105,"Tiki Island, TX",29.297043,-94.91745
47768,"South Padre Island, TX",26.10369,-97.164696
50243,"Highland Haven, TX",30.608242,-98.39586
235935,"New Hope, TX",33.210117,-96.56527
50449,"Oak Grove, TX",32.535137,-96.31943
41217,"Thicket, TX",30.395763,-94.6302
23959,"Carlton, TX",31.918203,-98.17198
42375,"Fairchilds, TX",29.431366,-95.78037
3648,"Berryville, TX",32.088493,-95.4719
6661,"Quemado, TX",28.948023,-100.62397
12140,"Jones Creek, TX",28.968582,-95.45522
236750,"Post Oak Bend City, TX",32.632076,-96.31359
272587,"Enchanted Oaks, TX",32.265427,-96.10941
44165,"Big Wells, TX",28.57025,-99.57022
54757,"Turkey, TX",34.393917,-100.89408
20406,"Sebastian, TX",26.34285,-97.790276
39906,"Mountain City, TX",30.038116,-97.890915
36138,"Point Comfort, TX",28.679716,-96.56026
40749,"Sanderson, TX",30.142408,-102.39403
238325,"Timbercreek Canyon, TX",35.05311,-101.81796
42425,"Grey Forest, TX",29.617552,-98.68455
236221,"Old River-Winfree, TX",29.868277,-94.8327
35477,"Gilchrist, TX",29.512453,-94.48908
29977,"Pettus, TX",28.619896,-97.79935
53512,"Nevada, TX",33.040066,-96.37306
6373,"Oyster Creek, TX",29.003023,-95.33188
232882,"East Tawakoni, TX",32.88429,-95.92913
235897,"New Berlin, TX",29.464123,-98.10112
6666,"Quinlan, TX",32.910454,-96.13349
236132,"Oak Valley, TX",32.03349,-96.51304
25785,"Matagorda, TX",28.887981,-96.00351
231936,"Cashion Community, TX",34.035652,-98.50005
47393,"Rio Frio, TX",28.939375,-99.177765
42921,"Poth, TX",29.07305,-98.081314
8327,"Alba, TX",32.792942,-95.63441
237246,"Rose Hill Acres, TX",30.198267,-94.19491
47324,"Redwater, TX",33.35818,-94.254364
49589,"Maud, TX",33.3329,-94.3427
35764,"Progreso Lakes, TX",26.071745,-97.95889
13442,"Ransom Canyon, TX",33.53342,-101.6796
52665,"Jamaica Beach, TX",29.183125,-94.97294
54635,"Surfside Beach, TX",28.950706,-95.28743
16080,"Wallis, TX",29.631348,-96.06524
233135,"Eureka, TX",32.009987,-96.28585
41694,"Whiteface, TX",33.600098,-102.61381
238282,"Thorntonville, TX",31.580366,-102.921196
19577,"New Deal, TX",33.737305,-101.836555
236350,"Palisades, TX",35.06172,-101.80241
230989,"Angus, TX",31.99833,-96.42719
231714,"Buffalo Springs, TX",33.532032,-101.70822
235000,"Lincoln Park, TX",32.01069,-102.11096
32151,"Ingleside on the Bay, TX",27.8309,-97.222664
44092,"Beckville, TX",32.242935,-94.455475
13887,"Snook, TX",30.489214,-96.46543
40403,"Port Mansfield, TX",26.554789,-97.42498
28441,"Kerens, TX",32.130917,-96.2285
44782,"Cove, TX",29.804188,-94.83941
47606,"Scurry, TX",32.72252,-100.905205
6909,"Salt Lake City, UT",40.75962,-111.886795
48443,"West Valley City, UT",40.69679,-111.986694
41641,"West Jordan, UT",40.606133,-111.93952
20071,"Provo, UT",40.23373,-111.65871
6932,"Sandy, UT",40.571045,-111.89538
26319,"Orem, UT",40.29816,-111.69443
33801,"Saint George, UT",37.10977,-113.55501
46863,"Ogden, UT",41.223003,-111.97385
57030,"Layton, UT",41.075104,-111.97419
27177,"South Jordan, UT",40.558487,-111.936714
50226,"Lehi, UT",40.38811,-111.8486
27378,"Taylorsville, UT",40.667633,-111.938805
240237,"Millcreek, UT",40.69929,-111.85558
42464,"Draper, UT",40.524776,-111.8628
6102,"Murray, UT",40.666782,-111.88842
46291,"Logan, UT",41.731308,-111.834915
5138,"Herriman, UT",40.513977,-112.032906
23785,"Bountiful, UT",40.88946,-111.88048
41001,"Spanish Fork, UT",40.115013,-111.65478
26779,"Riverton, UT",40.517975,-111.93937
31298,"Eagle Mountain, UT",40.30935,-112.011986
13613,"Roy, UT",41.171535,-112.027374
53924,"Pleasant Grove, UT",40.364037,-111.738686
22489,"Midvale, UT",40.614918,-111.91066
56072,"Kearns, UT",40.65286,-112.004616
14160,"Tooele, UT",40.40629,-113.19664
14825,"Cottonwood Heights, UT",40.613476,-111.825645
10115,"American Fork, UT",40.37681,-111.79591
25157,"Holladay, UT",40.671078,-111.82503
10849,"Clearfield, UT",41.113583,-112.02448
34222,"Syracuse, UT",41.089592,-112.06389
30798,"Cedar City, UT",37.677425,-113.06183
29344,"Saratoga Springs, UT",40.38628,-111.91302
13974,"Springville, UT",40.165245,-111.61147
15560,"Magna, UT",40.703163,-112.08165
26391,"Park City, UT",40.64609,-111.49799
7769,"Washington, UT",37.239346,-113.52578
54483,"South Salt Lake, UT",40.707474,-111.88827
32268,"Kaysville, UT",41.034985,-111.93839
37931,"Clinton, UT",41.147163,-112.05484
396506,"Heber City, UT",40.506462,-111.4133
45241,"Farmington, UT",40.980442,-111.88747
51137,"Brigham City, UT",41.511044,-112.015495
33167,"North Salt Lake, UT",40.848557,-111.90688
13227,"Payson, UT",40.0444,-111.732155
13027,"North Ogden, UT",41.304882,-111.96503
18567,"Highland, UT",40.427177,-111.78917
51047,"Bluffdale, UT",40.48982,-111.939285
43785,"Centerville, UT",40.918,-111.87216
18668,"Hurricane, UT",37.175026,-113.28989
28883,"Morgan, UT",41.078407,-111.65092
14554,"West Haven, UT",41.204956,-112.0489
34058,"South Ogden, UT",41.191277,-111.967865
45529,"Grantsville, UT",40.600082,-112.46353
40442,"Price, UT",39.59941,-110.810715
43111,"Vineyard, UT",40.29831,-111.74784
14713,"Woods Cross, UT",40.874573,-111.901726
46406,"Mapleton, UT",40.130234,-111.57853
42845,"Lindon, UT",40.343285,-111.72076
41278,"Tremonton, UT",41.71208,-112.16578
50696,"Alpine, UT",40.453255,-111.77796
22583,"Stansbury Park, UT",40.64027,-112.30095
48435,"West Point, UT",41.118496,-112.08719
56377,"North Logan, UT",41.769375,-111.804665
53933,"Pleasant View, UT",41.31992,-111.98879
6902,"Salem, UT",40.052906,-111.67366
52567,"Hooper, UT",41.16433,-112.12345
45908,"Ivins, UT",37.16859,-113.679405
39956,"Nephi, UT",39.71023,-111.83632
16132,"Washington Terrace, UT",41.16827,-111.97106
6784,"Riverdale, UT",41.17853,-111.99282
20070,"Providence, UT",41.70627,-111.817635
5251,"Hyde Park, UT",27.947348,-82.46542
11821,"Harrisville, UT",41.2812,-111.98518
47572,"Santaquin, UT",39.97551,-111.78521
5253,"Hyrum, UT",41.63412,-111.855194
21062,"Vernal, UT",40.45568,-109.52847
41614,"Wellsville, UT",41.638542,-111.93383
45247,"Farr West, UT",41.291195,-112.02383
55376,"Cedar Hills, UT",40.414116,-111.75854
42855,"Midway, UT",40.512543,-111.474884
40989,"South Weber, UT",41.13444,-111.94335
14897,"Delta, UT",39.352177,-112.57717
22988,"Roosevelt, UT",40.299404,-109.98876
6937,"Santa Clara, UT",37.133026,-113.65414
13511,"Richfield, UT",38.77247,-112.08409
50519,"Kanab, UT",37.048172,-112.52853
43071,"Sunset, UT",41.136303,-112.03094
4513,"Eden, UT",41.304474,-111.826294
33393,"Perry, UT",41.464935,-112.03245
23731,"Blanding, UT",37.623962,-109.47802
30961,"Coalville, UT",40.917725,-111.39936
45980,"Kamas, UT",40.64296,-111.28052
25087,"Helper, UT",39.68413,-110.85461
29261,"White City, UT",40.56578,-111.86438
26014,"Mount Pleasant, UT",39.546906,-111.45547
53577,"Nibley, UT",41.67456,-111.83312
55097,"West Bountiful, UT",40.893814,-111.90179
38620,"Fruit Heights, UT",41.032166,-111.90216
240285,"Mount Olympus, UT",40.65679,-111.77108
11164,"Duchesne, UT",40.296043,-110.47151
240395,"Oquirrh, UT",40.628086,-112.03934
5240,"Huntington, UT",39.326637,-110.96461
52828,"La Verkin, UT",37.20194,-113.270676
28506,"Garland, UT",41.74104,-112.16162
36472,"Smithfield, UT",41.83843,-111.8328
10311,"Beaver, UT",38.33357,-113.27548
37383,"Benson, UT",41.751026,-111.93066
12505,"Maeser, UT",40.473568,-109.57932
52609,"Huntsville, UT",41.26086,-111.76993
11333,"Erda, UT",40.61272,-112.30439
15279,"Enoch, UT",37.764507,-113.04435
53171,"Marriott-Slaterville City, UT",41.26793,-112.018234
43727,"Mendon, UT",41.70993,-111.97772
39821,"Moab, UT",38.57381,-109.54621
16603,"Richmond, UT",41.922707,-111.81356
51545,"Corinne, UT",41.54986,-112.11072
56539,"Willard, UT",41.40855,-112.03819
33335,"Parowan, UT",37.842197,-112.828
12813,"Monticello, UT",37.875057,-109.34032
47112,"Pine Valley, UT",37.389744,-113.511505
40720,"Salina, UT",38.95774,-111.859985
4718,"Fillmore, UT",38.96881,-112.323586
13532,"River Heights, UT",41.721886,-111.82142
8903,"Panguitch, UT",37.82282,-112.43575
40297,"Peoa, UT",40.72467,-111.34186
6544,"Plymouth, UT",41.87548,-112.14412
53481,"Naples, UT",40.426907,-109.499306
396504,"Daniel, UT",40.470886,-111.414566
19003,"Lewiston, UT",41.97576,-111.85634
53322,"Milford, UT",38.39691,-113.01079
50916,"Bear River City, UT",41.61594,-112.12747
10410,"Bingham Canyon, UT",40.531155,-112.12975
32678,"Mantua, UT",41.49577,-111.94383
395926,"Cottonwood West, UT",39.77566,-109.56776
15162,"Fruitland, UT",40.21273,-110.83961
11296,"Elk Ridge, UT",40.011345,-111.67687
51305,"Castle Dale, UT",39.212193,-111.019615
29963,"Ferron, UT",39.093582,-111.133224
6272,"Oakley, UT",40.714676,-111.300735
241008,"West Mountain, UT",40.062904,-111.78585
15272,"Elwood, UT",41.690483,-112.14106
19835,"Paradise, UT",41.568825,-111.838
36597,"Green River, UT",40.508278,-109.14395
38760,"Granite, UT",40.570198,-111.782585
6007,"Mona, UT",39.816067,-111.85549
20876,"Uintah, UT",40.19432,-109.577095
22078,"Fielding, UT",41.814396,-112.116295
45799,"Honeyville, UT",41.638542,-112.07939
11109,"Deweyville, UT",41.710484,-112.090225
12760,"Minersville, UT",38.214104,-112.92365
55023,"Wallsburg, UT",40.387733,-111.4224
40665,"Rush Valley, UT",40.363,-112.45051
12944,"New Harmony, UT",37.479424,-113.30967
27444,"Torrey, UT",38.299736,-111.42047
51893,"Elmo, UT",39.38969,-110.81516
7218,"Springdale, UT",37.188873,-112.99855
31427,"Elsinore, UT",38.683083,-112.14828
41489,"Veyo, UT",37.340153,-113.68872
8199,"Aurora, UT",38.922184,-111.93409
44622,"Clarkston, UT",41.920135,-112.05004
20100,"Randolph, UT",41.663727,-111.184586
46908,"Orangeville, UT",39.227192,-111.053505
26318,"Orderville, UT",37.2756,-112.63812
32469,"Leeds, UT",37.2354,-113.36142
25120,"Hildale, UT",37.003082,-112.98196
18339,"Goshen, UT",39.95301,-111.90077
43251,"Trenton, UT",41.918125,-111.94271
10955,"Cornish, UT",41.975986,-111.95335
24599,"Enterprise, UT",37.573586,-113.71913
36341,"Virgin, UT",37.2019,-113.18785
51774,"Dutch John, UT",40.929546,-109.39128
9125,"Loa, UT",38.402756,-111.64296
18248,"Garden City, UT",41.946877,-111.39354
34900,"Woodland Hills, UT",40.010876,-111.64893
10153,"Apple Valley, UT",37.100456,-113.12902
42939,"Monroe, UT",38.63215,-112.12132
55764,"Genola, UT",39.99634,-111.84327
51131,"Brian Head, UT",37.692757,-112.85078
18932,"Laketown, UT",41.825493,-111.322426
34320,"Toquerville, UT",37.251816,-113.2854
37830,"Charleston, UT",40.466343,-111.46991
11869,"Henefer, UT",41.016613,-111.49826
48960,"Alta, UT",40.590405,-111.635216
44532,"Central Valley, UT",38.703857,-112.098816
36817,"Amalga, UT",41.850212,-111.893
28827,"Joseph, UT",38.624485,-112.21818
29094,"Newton, UT",41.862705,-111.99078
35676,"Duck Creek Village, UT",37.52359,-112.662994
20214,"Rockville, UT",37.161095,-113.03828
4919,"Glenwood, UT",38.7633,-111.990204
40901,"Sigurd, UT",38.840523,-111.967705
25728,"Manila, UT",40.988014,-109.72265
30195,"Alton, UT",37.438942,-112.483925
240706,"Spanish Valley, UT",38.468815,-109.42181
239445,"Central, UT",37.416645,-113.624405
26717,"Redmond, UT",39.006023,-111.86188
29768,"Big Water, UT",37.082317,-111.66402
41081,"Stockton, UT",40.453182,-112.36104
41515,"Virginia Beach, VA",36.84966,-75.976074
6752,"Richmond, VA",37.53851,-77.43428
44564,"Chesapeake, VA",36.71683,-76.24944
30258,"Arlington, VA",38.876934,-77.08931
6210,"Norfolk, VA",36.84937,-76.289955
14701,"Woodbridge, VA",38.636448,-77.26763
10071,"Alexandria, VA",38.80511,-77.04702
182023,"Henrico, VA",37.51312,-77.34651
11529,"Fredericksburg, VA",38.303185,-77.46054
26140,"Newport News, VA",36.9775,-76.42977
6792,"Roanoke, VA",37.270973,-79.94143
4655,"Fairfax, VA",38.846222,-77.30637
19172,"Manassas, VA",38.75095,-77.475266
5052,"Hampton, VA",37.02644,-76.344284
30840,"Charlottesville, VA",38.029305,-78.47668
4679,"Falls Church, VA",38.882336,-77.17109
16818,"Ashburn, VA",39.029785,-77.47441
27228,"Springfield, VA",38.774994,-77.18038
53311,"Midlothian, VA",37.486805,-77.647316
46348,"Lynchburg, VA",37.413754,-79.14225
53978,"Portsmouth, VA",36.83201,-76.2977
41715,"Williamsburg, VA",37.270878,-76.707405
41059,"Sterling, VA",39.003685,-77.40831
41109,"Suffolk, VA",36.728134,-76.583466
38968,"Herndon, VA",38.969532,-77.38595
32471,"Leesburg, VA",39.11545,-77.56456
54529,"Stafford, VA",38.416725,-77.45798
44568,"Chesterfield, VA",37.385998,-77.57851
34868,"Winchester, VA",39.18522,-78.16524
31751,"Glen Allen, VA",37.66488,-77.48712
18480,"Harrisonburg, VA",38.449333,-78.86888
4032,"Centreville, VA",38.837612,-77.43473
21080,"Vienna, VA",38.901375,-77.265175
6736,"Reston, VA",38.95328,-77.34645
12665,"Mechanicsville, VA",37.627724,-77.35382
30829,"Chantilly, VA",38.88522,-77.44868
13265,"Petersburg, VA",37.22793,-77.401924
31172,"Danville, VA",36.587986,-79.39167
21472,"Annandale, VA",38.838703,-77.195175
46465,"McLean, VA",38.936684,-77.185844
17050,"Blacksburg, VA",37.229656,-80.41367
24061,"Chester, VA",37.356224,-77.44606
55287,"Yorktown, VA",37.235664,-76.51365
17231,"Burke, VA",38.781246,-77.26889
40718,"Salem, VA",37.293198,-80.05568
12446,"Lorton, VA",38.694637,-77.21999
41014,"Spotsylvania, VA",38.188095,-77.67417
18227,"Gainesville, VA",38.79274,-77.6292
27253,"Staunton, VA",38.149593,-79.072556
12868,"Mount Vernon, VA",38.71018,-77.08882
7765,"Warrenton, VA",38.71355,-77.795364
11011,"Culpeper, VA",38.47338,-77.996124
24444,"Dumfries, VA",38.56741,-77.32677
44318,"Bristow, VA",38.723328,-77.53657
16269,"Waynesboro, VA",38.06867,-78.8894
32727,"Martinsville, VA",36.691525,-79.872536
35486,"Hopewell, VA",37.304314,-77.2872
23431,"Aldie, VA",38.97584,-77.64605
37968,"Colonial Heights, VA",37.255573,-77.4112
4826,"Front Royal, VA",38.917854,-78.19177
51145,"Bristol, VA",36.59597,-82.1885
50637,"Abingdon, VA",36.710403,-81.97525
17443,"Christiansburg, VA",37.129852,-80.408936
16584,"Powhatan, VA",37.55316,-77.91126
5104,"Haymarket, VA",38.81214,-77.6368
18141,"Forest, VA",37.366634,-79.274254
52776,"King George, VA",38.278633,-77.175354
47272,"Radford, VA",37.134315,-80.57492
56889,"Gloucester, VA",37.44523,-76.55945
36236,"Stephens City, VA",39.08322,-78.218285
6643,"Purcellville, VA",39.136623,-77.71459
19827,"Palmyra, VA",37.8647,-78.261505
28204,"Ashland, VA",37.7594,-77.48066
23646,"Bedford, VA",37.31239,-79.5399
13565,"Rocky Mount, VA",36.9962,-79.890945
45245,"Farmville, VA",37.30247,-78.39238
6274,"Oakton, VA",38.896793,-77.29874
36328,"Vinton, VA",37.28002,-79.89757
19156,"Madison Heights, VA",37.446312,-79.09357
34019,"Smithfield, VA",36.98233,-76.63103
8428,"Galax, VA",36.66124,-80.923965
243200,"East Highland Park, VA",37.580933,-77.38251
30030,"Lexington, VA",37.78402,-79.44282
18373,"Great Falls, VA",39.011654,-77.308395
20241,"Rose Hill, VA",38.784763,-77.1098
20241,"Rose Hill, VA",38.784763,-77.1098
20280,"Ruther Glen, VA",37.92875,-77.45582
395416,"Locust Grove, VA",38.305183,-77.81026
10863,"Clifton, VA",38.780266,-77.38671
42930,"Louisa, VA",37.985443,-77.94863
53126,"Manassas Park, VA",38.766804,-77.44201
51570,"Covington, VA",37.793453,-79.99395
243607,"Fort Hunt, VA",38.739124,-77.05875
34346,"Tuckahoe, VA",37.590145,-77.55637
5729,"Luray, VA",38.665466,-78.46002
245091,"Lincolnia, VA",38.82436,-77.15619
54738,"Triangle, VA",38.547356,-77.32158
6639,"Pulaski, VA",37.058056,-80.72973
33859,"Sandston, VA",37.510723,-77.311554
38243,"Dublin, VA",37.10464,-80.68506
47753,"South Boston, VA",36.69875,-78.9014
38396,"Emporia, VA",36.69376,-77.53571
48979,"Franklin, VA",37.052773,-79.88131
48593,"Wytheville, VA",36.947998,-81.086975
42588,"Moseley, VA",37.474888,-77.778786
42690,"Marion, VA",36.83313,-81.519516
45130,"Elkton, VA",38.407906,-78.623634
35762,"Prince George, VA",37.181503,-77.21532
32403,"Lakeside, VA",37.611885,-77.47532
20681,"Strasburg, VA",38.988525,-78.35881
50297,"Poquoson, VA",37.124187,-76.39214
12791,"Moneta, VA",37.188637,-79.61422
14189,"Troutville, VA",37.41819,-79.87477
14762,"Big Stone Gap, VA",36.867794,-82.77422
45697,"Hayes, VA",37.2782,-76.50384
22830,"Ruckersville, VA",38.22999,-78.37762
29836,"Stuarts Draft, VA",38.022385,-79.03738
47489,"Rustburg, VA",37.275414,-79.109055
24047,"Chatham, VA",36.825695,-79.398384
244490,"Huntington, VA",38.79097,-77.07271
56111,"Orange, VA",38.249035,-78.013985
37132,"Amherst, VA",37.599754,-79.14837
50880,"Bassett, VA",36.761833,-79.987335
51470,"Coeburn, VA",36.943993,-82.46404
23749,"Bluefield, VA",37.252613,-81.27135
15379,"Grundy, VA",37.278378,-82.09981
28322,"Bumpass, VA",37.963432,-77.73728
16757,"Amelia Court House, VA",37.33647,-77.9891
23836,"Broadway, VA",38.613304,-78.799324
33129,"Nokesville, VA",38.692383,-77.576836
23968,"Carrollton, VA",36.93558,-76.51794
8351,"Colonial Beach, VA",38.251255,-76.962814
21864,"Highland Springs, VA",37.552753,-77.325035
12759,"Mineral, VA",38.009842,-77.90766
16022,"Woodstock, VA",38.88178,-78.505844
43347,"Gate City, VA",36.63788,-82.580986
44308,"Bridgewater, VA",38.382065,-78.9767
51721,"Disputanta, VA",37.12371,-77.224174
35344,"Berryville, VA",39.151756,-77.98253
8120,"Appomattox, VA",37.353546,-78.82727
18335,"Gordonsville, VA",38.13472,-78.1865
24279,"Crozet, VA",38.065018,-78.690895
23088,"Buena Vista, VA",37.734295,-79.35393
34165,"Stuart, VA",36.64221,-80.26982
57351,"Hillsville, VA",36.766254,-80.73702
8954,"Ridgeway, VA",36.576805,-79.858376
18028,"Evington, VA",37.233757,-79.28947
31600,"Fort Belvoir, VA",38.710796,-77.14369
11460,"Floyd, VA",36.915707,-80.38769
44003,"Aylett, VA",37.785973,-77.10497
10300,"Bealeton, VA",38.585007,-77.77564
241610,"Bellwood, VA",37.40885,-77.4381
42708,"Richlands, VA",37.094475,-81.79972
26933,"Saltville, VA",36.881504,-81.76206
49993,"Woodford, VA",38.11319,-77.408875
40977,"South Hill, VA",36.726543,-78.12913
6633,"Providence Forge, VA",37.442425,-77.04396
19682,"North Tazewell, VA",37.132893,-81.527054
25967,"Montrose, VA",37.524364,-77.37343
17775,"Dillwyn, VA",37.542534,-78.45736
27998,"Wise, VA",37.017063,-82.61038
32717,"Marshall, VA",38.867897,-77.8465
7435,"Toano, VA",37.379868,-76.80413
14941,"Chilhowie, VA",36.798374,-81.68143
53050,"Lovettsville, VA",39.274773,-77.63931
31109,"Crewe, VA",37.175846,-78.12439
50852,"Barboursville, VA",38.170403,-78.28252
42424,"Gretna, VA",36.952843,-79.36024
42449,"Fishersville, VA",38.103325,-78.98531
29492,"Warsaw, VA",37.958748,-76.75802
33750,"Round Hill, VA",39.132725,-77.76863
38701,"Glade Spring, VA",36.791225,-81.77123
51454,"Clifton Forge, VA",37.81623,-79.8245
396473,"Montpelier, VA",38.218834,-78.16843
14678,"Windsor, VA",36.808483,-76.744125
51019,"Blackstone, VA",37.08043,-77.99722
45616,"Halifax, VA",36.747246,-78.942566
31186,"Dayton, VA",38.41485,-78.938644
12340,"Lawrenceville, VA",36.75765,-77.84694
44107,"Belle Haven, VA",37.5543,-75.82049
44107,"Belle Haven, VA",37.5543,-75.82049
42099,"Collinsville, VA",36.7216,-79.91203
57289,"Pound, VA",37.123714,-82.601265
40479,"Quinton, VA",37.53279,-77.11545
13668,"Saint Paul, VA",36.905384,-82.310974
38943,"Heathsville, VA",37.920273,-76.478905
8547,"Lebanon, VA",36.90091,-82.080124
4522,"Edinburg, VA",38.820946,-78.56584
41590,"Waverly, VA",37.035908,-77.095406
10228,"Axton, VA",36.65958,-79.711975
41181,"Tappahannock, VA",37.925415,-76.85914
32979,"Mount Jackson, VA",38.74595,-78.642235
5006,"Grottoes, VA",38.267353,-78.82586
43529,"Chase City, VA",36.799343,-78.45858
34759,"West Point, VA",37.53153,-76.79636
7236,"Stanardsville, VA",38.29735,-78.44001
16570,"Goochland, VA",37.720436,-77.8838
26456,"Pennington Gap, VA",36.758423,-83.027115
12903,"Narrows, VA",37.33151,-80.81119
241650,"Bensley, VA",37.44678,-77.43635
20395,"Scottsville, VA",37.798756,-78.49557
6255,"Norton, VA",36.933693,-82.6299
53202,"Max Meadows, VA",36.981503,-80.958046
39085,"Hurt, VA",37.092644,-79.29641
29050,"Pearisburg, VA",37.32651,-80.73507
31077,"Courtland, VA",36.716263,-77.068016
23194,"New Market, VA",38.647903,-78.67142
41293,"Troy, VA",37.950974,-78.24639
27677,"Verona, VA",38.195084,-79.00507
52706,"Jonesville, VA",36.688976,-83.11101
6657,"Quantico, VA",38.52188,-77.2911
21910,"Honaker, VA",37.01622,-81.97429
42126,"Concord, VA",37.340767,-78.99095
46597,"Montross, VA",38.09526,-76.827705
30797,"Cedar Bluff, VA",37.087616,-81.759
3750,"Boones Mill, VA",37.11475,-79.95402
34886,"Wirtz, VA",37.07653,-79.88948
38514,"Ferrum, VA",36.928444,-80.01203
9896,"Fincastle, VA",37.499306,-79.87726
18459,"Hanover, VA",37.74478,-77.44642
5939,"Middletown, VA",39.027607,-78.280556
41927,"Charles City, VA",37.37058,-77.06051
243128,"Dry Fork, VA",36.75458,-79.39975
24472,"Earlysville, VA",38.154827,-78.464615
41240,"Timberville, VA",38.639008,-78.77391
54101,"Remington, VA",38.53335,-77.80841
23476,"Amissville, VA",38.67151,-77.99555
32637,"Madison, VA",38.41146,-78.28466
17078,"Blue Ridge, VA",37.379456,-79.81897
36030,"Ringgold, VA",36.608192,-79.295296
57185,"Altavista, VA",37.11181,-79.285576
47955,"Tazewell, VA",37.123604,-81.56841
34559,"Victoria, VA",36.994892,-78.22736
31922,"Hamilton, VA",39.134274,-77.66249
54535,"Stanley, VA",38.5754,-78.50251
42783,"Riner, VA",37.068207,-80.44068
35949,"New Kent, VA",37.49747,-76.99905
28359,"Beaverdam, VA",37.94125,-77.654434
19542,"Nathalie, VA",36.94109,-78.93992
9707,"Buchanan, VA",37.260044,-82.032036
16591,"Independence, VA",36.62235,-81.150925
55252,"Woodlawn, VA",38.73094,-77.112724
18948,"Lanexa, VA",37.423756,-76.90108
26694,"Raven, VA",37.100674,-81.861885
16095,"Shenandoah, VA",38.85656,-78.58909
5430,"King William, VA",37.694073,-77.06903
35879,"Rixeyville, VA",38.57972,-77.978874
16636,"Rural Retreat, VA",36.89373,-81.27593
44487,"Catlett, VA",38.654118,-77.63826
45137,"Elliston, VA",37.215214,-80.23006
31139,"Cumberland, VA",37.50042,-78.24692
10866,"Clinchco, VA",37.16122,-82.35987
18736,"Jarratt, VA",36.814224,-77.46818
44595,"Churchville, VA",38.226246,-79.16659
242386,"Chamberlayne, VA",37.628277,-77.429535
39234,"Keysville, VA",37.04043,-78.48333
25497,"Lancaster, VA",37.762573,-76.47232
35013,"Bland, VA",37.13121,-81.11541
54351,"Seaford, VA",37.1982,-76.43301
23412,"Afton, VA",38.02586,-78.834694
6066,"Mount Crawford, VA",38.35647,-78.94186
29914,"Dinwiddie, VA",37.07128,-77.64807
18813,"Kenbridge, VA",36.96219,-78.12526
10687,"Cana, VA",36.587936,-80.67734
41143,"Sutherland, VA",37.195984,-77.55971
55800,"Gladys, VA",37.1632,-79.07363
19291,"Meadowview, VA",36.763283,-81.874435
22963,"La Crosse, VA",36.695995,-78.093994
33379,"Penhook, VA",36.989723,-79.63498
57282,"Rockville, VA",37.72598,-77.67832
47798,"Spring Grove, VA",37.165707,-76.9733
55464,"Cross Junction, VA",39.320377,-78.293335
39835,"Monroe, VA",37.502087,-79.1278
30554,"Bowling Green, VA",38.049854,-77.347
36841,"Damascus, VA",36.63501,-81.78879
19030,"Linden, VA",38.909,-78.075554
42853,"Midland, VA",38.597446,-77.72421
48993,"Keswick, VA",38.01139,-78.36176
37906,"Clear Brook, VA",39.256493,-78.09611
43392,"Maidens, VA",37.669037,-77.88194
56184,"Pamplin, VA",37.26348,-78.6825
18327,"Goodview, VA",37.214306,-79.72504
22579,"Saluda, VA",37.602505,-76.594444
19238,"Maurertown, VA",38.932102,-78.45855
37594,"Brodnax, VA",36.706535,-78.03139
37024,"Burkeville, VA",37.187653,-78.201385
243783,"Gladehill, VA",36.989586,-79.76281
44581,"Chincoteague, VA",37.93318,-75.378815
17463,"Clarksville, VA",36.62403,-78.556946
34208,"Swoope, VA",38.158184,-79.20642
11430,"Fieldale, VA",36.697975,-79.94492
30431,"Bentonville, VA",38.831425,-78.316826
42484,"Dunn Loring, VA",38.894646,-77.22944
40859,"Shawsville, VA",37.17015,-80.25174
245471,"McGaheysville, VA",38.37245,-78.73528
12708,"Middleburg, VA",38.969017,-77.735504
43911,"Appalachia, VA",36.90343,-82.78531
17139,"Boydton, VA",36.667305,-78.3882
49169,"Goode, VA",37.358753,-79.39169
18340,"Goshen, VA",37.987072,-79.49782
55158,"Weyers Cave, VA",38.281887,-78.91852
40260,"Parksley, VA",37.782627,-75.65351
17192,"Brookneal, VA",37.05014,-78.94418
54797,"Unionville, VA",38.265106,-77.956345
13106,"Onancock, VA",37.7118,-75.7491
30501,"Bluemont, VA",39.110554,-77.8329
8506,"Gladstone, VA",37.54681,-78.849464
49853,"Stephenson, VA",39.238834,-78.10847
19278,"McKenney, VA",36.986816,-77.72305
10510,"Boyce, VA",39.093163,-78.05944
23746,"Bloxom, VA",37.82957,-75.62326
46489,"Melfa, VA",37.6493,-75.74132
4137,"Clintwood, VA",37.15011,-82.455986
56237,"Partlow, VA",38.03875,-77.63888
49194,"Exmore, VA",37.531807,-75.82299
17627,"Crimora, VA",38.161602,-78.84276
40794,"Scottsburg, VA",36.75736,-78.78973
4058,"Charlotte Court House, VA",37.056538,-78.638336
55008,"Wakefield, VA",38.824574,-77.240265
28615,"Huddleston, VA",37.15681,-79.47447
242307,"Catawba, VA",37.382633,-80.10949
41213,"Thaxton, VA",37.352917,-79.616425
54066,"Raphine, VA",37.937355,-79.23281
48924,"Callaway, VA",37.011528,-80.049484
16399,"Lyndhurst, VA",38.01894,-78.957016
30483,"Blairs, VA",36.69614,-79.374146
12730,"Milford, VA",38.02319,-77.373314
9471,"Weems, VA",37.654606,-76.44975
49495,"Rapidan, VA",38.312576,-78.06583
11138,"Doswell, VA",37.86014,-77.46415
17536,"Columbia, VA",37.75376,-78.163155
24452,"Dunnsville, VA",37.857635,-76.81969
29016,"New Church, VA",37.98311,-75.53146
21968,"Gore, VA",39.261932,-78.3307
33376,"Pembroke, VA",37.319622,-80.63909
22055,"Farnham, VA",37.885414,-76.624954
33118,"Nickelsville, VA",36.751793,-82.41673
14122,"The Plains, VA",38.86245,-77.77407
33636,"Reva, VA",38.494015,-78.13333
44437,"Capron, VA",36.710983,-77.19997
57227,"Patrick Springs, VA",36.632175,-80.20255
21602,"Church Road, VA",37.173603,-77.45346
57131,"White Post, VA",39.057053,-78.10361
42509,"Eagle Rock, VA",37.6409,-79.7932
26139,"Newport, VA",38.000965,-79.300865
36111,"Linville, VA",38.521664,-78.834755
30240,"Ararat, VA",36.599026,-80.51062
24433,"Dryden, VA",36.77431,-82.93866
49162,"Esmont, VA",37.82416,-78.59751
15438,"Jetersville, VA",37.29432,-78.09417
248565,"Willis, VA",36.85791,-80.480896
4413,"Draper, VA",37.004333,-80.74161
28771,"Hague, VA",38.072357,-76.65108
13367,"Port Republic, VA",38.28847,-78.809
8822,"Lynch Station, VA",37.14668,-79.30119
36944,"Mount Sidney, VA",38.26168,-78.964066
50770,"Aroda, VA",38.327076,-78.23343
51127,"Bremo Bluff, VA",37.712364,-78.2975
26184,"North Garden, VA",37.95735,-78.63751
50586,"Waterford, VA",39.18591,-77.61042
36635,"Hurley, VA",37.420387,-82.01985
56134,"Mount Solon, VA",38.34485,-79.08503
50506,"Hot Springs, VA",37.99934,-79.81894
11372,"Ewing, VA",36.638855,-83.42626
46959,"Painter, VA",37.58541,-75.78493
23835,"Broad Run, VA",38.9915,-77.47735
38905,"Hartfield, VA",37.551247,-76.44606
35238,"Buffalo Junction, VA",36.60485,-78.63049
47451,"Roseland, VA",37.747643,-78.97586
33381,"Penn Laird, VA",38.38568,-78.80253
395421,"Boston, VA",37.603302,-75.848404
41830,"Zuni, VA",36.865982,-76.830795
57233,"Glasgow, VA",37.634026,-79.45032
12819,"Montvale, VA",37.38543,-79.72089
38611,"Freeman, VA",36.75487,-77.69332
7915,"White Stone, VA",37.648476,-76.38912
35609,"Fancy Gap, VA",36.67293,-80.69291
43994,"Austinville, VA",36.85133,-80.914314
48878,"Accomac, VA",37.71937,-75.67089
247037,"Rose Hill, VA",38.784763,-77.1098
247037,"Rose Hill, VA",38.784763,-77.1098
38619,"Fries, VA",36.716236,-80.97869
49880,"Stony Creek, VA",36.94793,-77.40081
55303,"Big Island, VA",37.537422,-79.36311
17568,"Copper Hill, VA",37.081802,-80.13421
42000,"Barhamsville, VA",37.45459,-76.84024
28227,"Bracey, VA",36.578484,-78.11579
19111,"Lovingston, VA",37.762104,-78.86544
32302,"Kilmarnock, VA",37.71048,-76.3797
4765,"Fort Defiance, VA",38.240406,-78.97197
20851,"Troutdale, VA",36.702065,-81.440384
26612,"Pounding Mill, VA",37.07985,-81.71313
50883,"Bastian, VA",37.155125,-81.15121
48923,"Callao, VA",37.9693,-76.55968
53264,"Mendota, VA",36.711143,-82.30415
41113,"Sugar Grove, VA",36.77296,-81.408844
4813,"Free Union, VA",38.15304,-78.55725
6964,"Saxe, VA",36.929867,-78.66334
37636,"Buckingham, VA",37.55588,-78.55472
47892,"Sumerduck, VA",38.45592,-77.72706
7201,"Spout Spring, VA",37.34987,-78.90918
41008,"Sperryville, VA",38.656013,-78.237
47917,"Susan, VA",37.36597,-76.31355
30284,"Atkins, VA",36.868732,-81.3944
244212,"Henry, VA",36.67258,-79.92429
55957,"Ivor, VA",36.904037,-76.89968
51977,"Fairfield, VA",37.88193,-79.28779
38230,"Drakes Branch, VA",36.992924,-78.60111
26034,"Mouth of Wilson, VA",36.58957,-81.33649
42773,"Meadows of Dan, VA",36.739258,-80.39796
3995,"Cascade, VA",36.564583,-79.669754
10060,"Alberta, VA",36.865704,-77.88638
49405,"Keeling, VA",36.720135,-79.28835
4361,"Dewitt, VA",37.03876,-77.643326
9999,"Carrsville, VA",36.708385,-76.83341
42683,"Reedville, VA",37.842075,-76.27578
44844,"Daleville, VA",37.409344,-79.92048
47918,"Sutherlin, VA",36.62486,-79.19696
9314,"Vesuvius, VA",37.906246,-79.19725
24251,"Craigsville, VA",38.07883,-79.38304
32929,"Monterey, VA",38.411983,-79.57947
54636,"Surry, VA",37.111877,-76.89593
56777,"Skipwith, VA",36.694305,-78.49083
35079,"Arrington, VA",37.67648,-78.90281
42438,"Ivanhoe, VA",36.842426,-80.96796
49533,"Natural Bridge, VA",37.63019,-79.54319
3986,"Carson, VA",37.035427,-77.395256
6279,"Oakwood, VA",37.209576,-82.0019
36770,"Manquin, VA",37.70936,-77.153595
50520,"Prospect, VA",37.30293,-78.559166
21760,"Bent Mountain, VA",37.141247,-80.11921
57168,"Dugspur, VA",36.81791,-80.60979
30023,"Nellysford, VA",37.915688,-78.87899
54401,"Shipman, VA",37.72666,-78.8473
53524,"New Castle, VA",37.500134,-80.110886
47362,"Rhoadesville, VA",38.27176,-77.9336
44805,"Crockett, VA",36.88623,-81.19204
31673,"Fulks Run, VA",38.66012,-78.906136
32049,"Hiwassee, VA",36.96615,-80.698204
17954,"Elkwood, VA",38.51179,-77.85583
40928,"Skippers, VA",36.611816,-77.546646
26493,"Pilot, VA",37.052074,-80.36366
29614,"Spencer, VA",36.61986,-80.00726
4930,"Goldvein, VA",38.449017,-77.655266
50354,"Cartersville, VA",36.72764,-79.38391
36647,"Star Tannery, VA",39.078922,-78.42802
6704,"Red House, VA",37.189133,-78.81196
20888,"Union Hall, VA",37.020123,-79.69003
13735,"Schuyler, VA",37.794716,-78.69978
21048,"Vansant, VA",37.234528,-82.09875
243928,"Green Bay, VA",37.133762,-78.31472
31864,"Greenville, VA",38.00211,-79.158
15433,"Jeffersonton, VA",38.637066,-77.91499
16074,"Temperanceville, VA",37.89918,-75.55075
13557,"Rockbridge Baths, VA",37.898922,-79.40684
53255,"Meherrin, VA",37.103207,-78.36666
21015,"Urbanna, VA",37.636276,-76.57543
11757,"Gumspring, VA",38.95159,-77.53566
13270,"Phenix, VA",37.07987,-78.74779
29359,"Wingina, VA",37.639866,-78.72391
35157,"Crozier, VA",37.637062,-77.79713
48986,"Haysi, VA",37.205387,-82.29403
48377,"Weber City, VA",36.62288,-82.562096
34235,"Tannersville, VA",36.97345,-81.6254
10532,"Brandy Station, VA",38.49559,-77.88696
25141,"Hinton, VA",38.465958,-78.97225
41354,"Upperville, VA",38.992287,-77.87761
36332,"Sedley, VA",36.773758,-76.98549
11470,"Ford, VA",36.887688,-76.217415
9537,"Speedwell, VA",36.813732,-81.17176
27115,"Singers Glen, VA",38.549583,-78.91312
22341,"Mathews, VA",37.44814,-76.331696
52900,"Laurel Fork, VA",36.717636,-80.51868
57298,"Washington, VA",36.740234,-81.94217
30570,"Branchville, VA",36.57043,-77.24858
43266,"Somerset, VA",38.207634,-78.218056
40594,"Rochelle, VA",38.29041,-78.27251
21066,"Vernon Hill, VA",36.756527,-79.10279
55092,"West Augusta, VA",38.270126,-79.307816
43172,"Yale, VA",36.845707,-77.28747
34310,"Toms Brook, VA",38.9465,-78.43917
241757,"Blackwater, VA",36.62731,-83.05073
34670,"Water View, VA",37.724586,-76.61356
44484,"Catharpin, VA",38.85437,-77.572075
20827,"Topping, VA",37.588192,-76.474396
45000,"Dungannon, VA",36.830357,-82.466064
29735,"Natural Bridge Station, VA",37.621696,-79.49906
51971,"Faber, VA",37.831524,-78.7371
38354,"Elk Creek, VA",36.72151,-81.17704
47265,"Quicksburg, VA",38.69141,-78.6814
24890,"Gloucester Point, VA",37.282646,-76.50785
51107,"Boykins, VA",36.583206,-77.19997
28255,"Brightwood, VA",38.41109,-78.19352
49791,"Lottsburg, VA",37.960964,-76.518845
54229,"Rowe, VA",37.136223,-82.03263
49750,"Millboro, VA",37.97954,-79.599304
11452,"Flint Hill, VA",38.767204,-78.09839
12978,"Newsoms, VA",36.624596,-77.12469
36176,"Oilville, VA",37.704033,-77.78527
56038,"Dyke, VA",38.253742,-78.539734
4761,"Fort Blackmore, VA",36.774544,-82.58682
57150,"Cape Charles, VA",37.267166,-76.0177
23953,"Caret, VA",37.982635,-76.96136
4254,"Cripple Creek, VA",36.820953,-81.09842
28220,"Dendron, VA",37.04543,-76.93607
52608,"Huntly, VA",38.826504,-78.11222
35900,"Red Oak, VA",36.726524,-79.195854
3552,"Baskerville, VA",36.68652,-78.27381
47368,"Richardsville, VA",38.400127,-77.72888
56955,"Hood, VA",38.35485,-78.38278
6522,"Pittsville, VA",36.98181,-79.461975
45624,"Hallwood, VA",37.877625,-75.589096
19085,"Long Island, VA",36.663345,-75.935715
26682,"Randolph, VA",37.543007,-77.46396
12107,"Java, VA",36.83597,-79.2278
10789,"Check, VA",37.0349,-80.1651
25212,"Hume, VA",38.832058,-77.99944
29510,"Rosedale, VA",36.95928,-81.93124
48330,"Warm Springs, VA",38.04899,-79.78406
47389,"Rileyville, VA",38.76441,-78.38756
241586,"Belle Haven, VA",37.5543,-75.82049
241586,"Belle Haven, VA",37.5543,-75.82049
36729,"Sandy Hook, VA",37.752644,-77.9125
395424,"Markham, VA",36.879307,-79.241684
5440,"Kinsale, VA",38.029575,-76.58079
10273,"Basye, VA",38.820244,-78.76601
19560,"Nelson, VA",37.775536,-78.89736
51656,"Davenport, VA",37.100666,-82.1368
39227,"Kents Store, VA",37.879307,-78.12889
15202,"Elberon, VA",37.074318,-76.883575
45875,"Indian Valley, VA",36.90874,-80.55201
49650,"Ripplemead, VA",37.339165,-80.68932
45578,"Grimstead, VA",37.500275,-76.30137
48824,"Claremont, VA",37.22793,-76.964134
17383,"Champlain, VA",38.01347,-76.992744
17262,"Callands, VA",36.82014,-79.58669
39968,"New Canton, VA",37.705143,-78.299446
16497,"Church View, VA",37.677643,-76.67829
10759,"Center Cross, VA",37.804585,-76.77885
14436,"Wachapreague, VA",37.604374,-75.68809
9872,"Onley, VA",37.690853,-75.71617
21348,"Wintergreen, VA",37.918682,-78.94058
30784,"Castleton, VA",38.605957,-78.10667
44892,"Delaplane, VA",38.915295,-77.92036
26747,"Rich Creek, VA",37.382427,-80.822464
14719,"Woodville, VA",38.60679,-78.17528
5933,"Middlebrook, VA",38.058475,-79.22723
4384,"Dolphin, VA",36.829315,-77.786934
20107,"Rawlings, VA",36.948483,-77.778885
4274,"Cullen, VA",37.11765,-78.64917
35197,"Banco, VA",38.451237,-78.28167
39353,"Laneview, VA",37.75875,-76.72468
31210,"Deltaville, VA",37.54671,-76.33238
4034,"Ceres, VA",37.017895,-81.34288
26658,"Quinby, VA",37.55432,-75.73302
24345,"Deerfield, VA",38.19304,-79.406784
21997,"Lambsburg, VA",36.585407,-80.761185
7656,"Valentines, VA",36.58848,-77.82999
43356,"Rappahannock Academy, VA",38.17358,-77.26235
13730,"Saxis, VA",37.924015,-75.72188
5629,"Lignum, VA",38.415962,-77.82666
38046,"Covesville, VA",37.889797,-78.70426
55224,"Wilsons, VA",37.139317,-77.86583
49189,"Etlan, VA",38.52555,-78.262375
20023,"Port Royal, VA",38.1718,-77.191086
396470,"Sandy Level, VA",36.570713,-79.72416
43669,"Gasburg, VA",36.56061,-77.8734
22047,"Irvington, VA",37.66153,-76.41911
12090,"Jamaica, VA",37.71514,-76.69412
44180,"Bishop, VA",37.20662,-81.55922
55032,"Warfield, VA",36.89575,-77.81702
30349,"Barren Springs, VA",36.90818,-80.80063
9515,"Tyro, VA",37.82153,-79.004745
50428,"North, VA",36.943233,-81.12496
18425,"Hacksneck, VA",37.64319,-75.87049
5675,"Locust Hill, VA",38.65373,-77.4911
3902,"Burr Hill, VA",38.344017,-77.85972
4996,"Greenwood, VA",38.055695,-78.77058
26358,"Paeonian Springs, VA",39.149273,-77.619156
17492,"Cloverdale, VA",37.358185,-79.911415
8622,"Greenbackville, VA",38.009422,-75.38599
8705,"Drewryville, VA",36.715706,-77.30636
6512,"Piney River, VA",37.70514,-79.02308
38253,"Dundas, VA",36.91487,-78.02167
50792,"Atlantic, VA",37.90115,-75.50451
4158,"Coleman Falls, VA",37.50153,-79.30364
45071,"Ebony, VA",36.57502,-77.98724
22143,"Hardyville, VA",37.5568,-76.37189
36347,"Wake, VA",37.56819,-76.429115
7923,"Whitetop, VA",36.60151,-81.62567
30859,"Chester Gap, VA",38.855938,-78.131996
51039,"Blue Grass, VA",38.50012,-79.54977
245469,"McDowell, VA",38.337143,-79.49872
6019,"Montebello, VA",37.85253,-79.13168
35612,"Greenbush, VA",37.742085,-75.68019
45853,"Hustle, VA",38.042633,-77.06942
248562,"Williamsville, VA",38.194847,-79.57088
11989,"Howardsville, VA",37.73459,-78.64724
6573,"Port Haywood, VA",37.386005,-76.31722
242108,"Burgess, VA",37.883186,-76.347725
7234,"Staffordsville, VA",37.241512,-80.716736
39205,"Keen Mountain, VA",37.202335,-81.98624
31987,"Haywood, VA",38.45346,-78.25223
37662,"Burlington, VT",44.476162,-73.212906
398086,"Essex, VT",44.52304,-73.06227
398278,"Rutland, VT",43.60848,-72.97247
27160,"South Burlington, VT",44.467163,-73.17157
30975,"Colchester, VT",44.534084,-73.18461
395553,"Barre, VT",44.196903,-72.50075
397718,"Bennington, VT",42.87887,-73.19682
26897,"Saint Albans, VT",44.81079,-73.08336
397786,"Brattleboro, VT",42.850758,-72.55729
398466,"Milton, VT",44.630394,-73.11596
11823,"Hartford, VT",43.648834,-72.31937
14659,"Williston, VT",44.43761,-73.06827
398013,"Springfield, VT",43.29882,-72.48177
398296,"Middlebury, VT",44.014297,-73.16723
53398,"Montpelier, VT",44.260223,-72.575035
13806,"Shelburne, VT",44.37835,-73.227615
55239,"Winooski, VT",44.49104,-73.186104
398067,"St Johnsbury, VT",44.419495,-72.015656
398337,"Swanton, VT",44.91816,-73.12424
397069,"Northfield, VT",44.148636,-72.65697
397340,"Newport, VT",44.936718,-72.2056
8825,"Lyndon, VT",44.51422,-72.01093
397396,"Waterbury, VT",44.33792,-72.75638
397783,"Stowe, VT",44.46438,-72.68562
46620,"Morristown, VT",44.56155,-72.5983
395753,"Jericho, VT",44.50438,-72.99793
28675,"Fairfax, VT",44.665287,-73.00872
397813,"Georgia, VT",44.724224,-73.14704
47285,"Randolph, VT",43.925327,-72.66594
18582,"Hinesburg, VT",44.32925,-73.11127
17336,"Castleton, VT",43.611126,-73.18071
398811,"Manchester, VT",43.17691,-73.05687
399259,"Derby, VT",44.935417,-72.120285
40560,"Richmond, VT",44.405212,-72.99307
398158,"Brandon, VT",43.79828,-73.08791
10784,"Charlotte, VT",44.310513,-73.25314
397846,"Cambridge, VT",44.644947,-72.87661
397545,"Bristol, VT",44.133266,-73.07852
33190,"Norwich, VT",43.713665,-72.30815
15994,"Windsor, VT",43.47989,-72.38663
398960,"Johnson, VT",44.635353,-72.67925
398351,"Highgate, VT",44.962635,-73.070496
18486,"Hartland, VT",43.540882,-72.39908
23166,"Williamstown, VT",44.122448,-72.54139
6606,"Pownal, VT",42.79527,-73.22403
43153,"Shaftsbury, VT",43.008923,-73.19169
398191,"Underhill, VT",44.525463,-72.945114
395588,"Poultney, VT",43.517204,-73.236305
398226,"Westminster, VT",43.06789,-72.45865
397681,"Woodstock, VT",43.624763,-72.51898
398523,"Chester, VT",43.26297,-72.59457
397467,"Hyde Park, VT",44.593597,-72.617096
22142,"Hardwick, VT",44.50434,-72.366
398919,"Berlin, VT",44.210075,-72.6034
50220,"Rockingham, VT",43.134064,-72.444534
47140,"Pittsford, VT",43.70636,-73.02775
398487,"Weathersfield, VT",43.390762,-72.47135
397284,"Bradford, VT",43.992428,-72.129456
398405,"Thetford, VT",43.828682,-72.2462
56798,"Royalton, VT",43.8203,-72.521255
399253,"Fair Haven, VT",43.59479,-73.26597
398939,"Barton, VT",44.748474,-72.18066
42446,"Ferrisburgh, VT",44.20571,-73.2463
54939,"Vernon, VT",42.76205,-72.51387
54027,"Putney, VT",42.975178,-72.5216
11225,"East Montpelier, VT",44.271526,-72.485756
395668,"Richford, VT",44.99656,-72.67194
21256,"Westford, VT",44.61199,-73.00889
37888,"Clarendon, VT",43.518227,-72.97116
398372,"Arlington, VT",43.07501,-73.15419
41481,"Vergennes, VT",44.168106,-73.2518
12431,"Londonderry, VT",43.226913,-72.80744
395516,"Wallingford, VT",43.47175,-72.9771
47661,"Sheldon, VT",44.88103,-72.94622
11669,"Grand Isle, VT",44.722515,-73.29311
397926,"West Rutland, VT",43.59324,-73.04598
398685,"Dummerston, VT",42.932446,-72.586525
17701,"Danville, VT",44.411564,-72.14004
28733,"Guilford, VT",42.817722,-72.57522
11393,"Fairfield, VT",44.80164,-72.945526
4399,"Dorset, VT",43.239796,-73.00927
15090,"Bellows Falls, VT",43.134064,-72.444534
17004,"Bethel, VT",43.83253,-72.63421
6012,"Monkton, VT",44.254498,-73.12429
26535,"Plainfield, VT",44.27808,-72.425446
397420,"Newbury, VT",44.07923,-72.058426
19352,"Middlesex, VT",44.292053,-72.678055
34117,"Starksboro, VT",44.22733,-73.05685
397187,"Calais, VT",44.36943,-72.467575
7958,"Wilmington, VT",42.86852,-72.871025
397307,"Alburgh, VT",44.97499,-73.30126
12945,"New Haven, VT",44.124477,-73.153755
397676,"Ludlow, VT",43.396145,-72.701164
398911,"Newfane, VT",42.985596,-72.655426
22189,"Proctor, VT",43.661034,-73.03532
7737,"Waitsfield, VT",44.192482,-72.82233
14170,"Townshend, VT",43.046257,-72.667984
30050,"Warren, VT",44.113926,-72.85554
47648,"Sharon, VT",43.784225,-72.453545
28882,"Moretown, VT",44.25091,-72.7613
9468,"Troy, VT",44.90377,-72.40586
55356,"Cavendish, VT",43.38202,-72.608505
50508,"Huntington, VT",44.325195,-72.98681
24070,"Chittenden, VT",44.453175,-73.06737
20565,"South Hero, VT",44.6457,-73.302475
398707,"Corinth, VT",44.037888,-72.28792
44011,"Bakersfield, VT",44.78215,-72.80158
397445,"Enosburg, VT",44.90667,-72.80458
27935,"Whitingham, VT",42.789318,-72.88443
56626,"Saxtons River, VT",43.138798,-72.50738
398955,"Mt Holly, VT",43.44766,-72.82581
398675,"Waterford, VT",44.354675,-71.90765
14980,"Barnet, VT",44.29669,-72.04953
53167,"Marlboro, VT",42.859657,-72.725876
15017,"Addison, VT",44.02856,-73.1491
399227,"Berkshire, VT",44.971535,-72.774376
17843,"Duxbury, VT",44.327072,-72.75261
23842,"Brookfield, VT",44.042347,-72.60363
4573,"Elmore, VT",44.48879,-72.51832
57319,"Wolcott, VT",44.546608,-72.45787
9950,"Lincoln, VT",44.10582,-72.99714
395842,"Burke, VT",44.617855,-71.92349
11526,"Franklin, VT",44.98177,-72.91561
54408,"Shoreham, VT",43.89369,-73.31623
45076,"Eden, VT",44.70742,-72.54543
50124,"Tunbridge, VT",43.887302,-72.494446
397649,"Marshfield, VT",44.351315,-72.35351
397112,"Cabot, VT",44.402878,-72.31045
16533,"Enosburg Falls, VT",44.90667,-72.80458
20483,"Shrewsbury, VT",43.508995,-72.86848
17409,"Chelsea, VT",43.98916,-72.44779
6800,"Rochester, VT",43.87473,-72.80853
56969,"North Hero, VT",44.817104,-73.29009
53831,"Pawlet, VT",43.346306,-73.17733
27291,"Strafford, VT",43.86628,-72.37762
399117,"West Windsor, VT",43.486935,-72.49146
37571,"Bridport, VT",43.985058,-73.31262
6903,"Salisbury, VT",43.89634,-73.100235
12058,"Irasburg, VT",44.80343,-72.279144
397873,"Danby, VT",43.355534,-73.05817
11742,"Groton, VT",44.210464,-72.19551
8667,"Island Pond, VT",44.815357,-71.886215
399260,"Dover, VT",42.94455,-72.8033
23065,"Bolton, VT",44.373306,-72.87851
18121,"Fletcher, VT",44.683403,-72.91422
23282,"Fairlee, VT",43.906303,-72.1479
4193,"Concord, VT",44.428875,-71.88861
48344,"Washington, VT",44.269093,-72.61465
12474,"Lunenburg, VT",44.46311,-71.68203
30111,"Glover, VT",44.70709,-72.187004
398894,"Ryegate, VT",44.208397,-72.10366
55388,"Craftsbury, VT",44.636105,-72.3733
19315,"Mendon, VT",43.651375,-72.92753
397672,"Topsham, VT",44.13289,-72.25352
17607,"Coventry, VT",44.86589,-72.264854
9780,"Barnard, VT",43.728634,-72.61886
26861,"Roxbury, VT",44.093292,-72.73329
396312,"Albany, VT",44.731834,-72.379555
39850,"Montgomery, VT",44.902576,-72.638855
20344,"Sandgate, VT",43.14778,-73.198685
34181,"Sunderland, VT",43.113514,-73.103714
398597,"Brighton, VT",44.802326,-71.87162
24223,"Cornwall, VT",43.960903,-73.20984
398878,"Walden, VT",44.44978,-72.223335
395733,"Charleston, VT",44.8512,-72.021484
21197,"Wells, VT",43.417168,-73.20352
25543,"Leicester, VT",43.865868,-73.10839
30590,"Bridgewater, VT",43.587875,-72.62526
397277,"Braintree, VT",43.970192,-72.722015
53734,"Orange, VT",43.995033,-72.37635
399009,"Fayston, VT",44.21543,-72.8687
35770,"Lowell, VT",44.799347,-72.447495
41043,"Stamford, VT",42.75245,-73.06869
21387,"Worcester, VT",44.3736,-72.550415
398101,"Pomfret, VT",43.705112,-72.515945
40185,"Orwell, VT",43.803673,-73.29766
28776,"Jamaica, VT",43.100132,-72.778404
30427,"Benson, VT",43.70673,-73.3107
26433,"Peacham, VT",44.328472,-72.170364
399245,"Killington, VT",43.67433,-72.77844
42328,"Hubbardton, VT",43.707355,-73.184494
27336,"Sutton, VT",44.633175,-72.02641
13180,"Panton, VT",44.148773,-73.340904
33100,"Newark, VT",44.709312,-71.9228
7885,"Westmore, VT",44.77112,-72.05487
399022,"Kirby, VT",44.508057,-71.9105
31860,"Greensboro, VT",44.576004,-72.29568
14594,"Weston, VT",43.291714,-72.79322
30721,"Canaan, VT",44.996174,-71.53829
34734,"West Fairlee, VT",43.909355,-72.26299
48567,"Woodbury, VT",44.441383,-72.41512
55988,"Halifax, VT",42.782288,-72.7443
30066,"Wheelock, VT",44.587757,-72.083466
54566,"Stockbridge, VT",43.786785,-72.75416
48004,"Tinmouth, VT",43.448746,-73.05034
48243,"Vershire, VT",43.97082,-72.32485
52543,"Holland, VT",44.96806,-71.983025
6698,"Readsboro, VT",42.771843,-72.94679
32846,"Middletown Springs, VT",43.485306,-73.118256
14602,"Weybridge, VT",44.0662,-73.21574
26875,"Rupert, VT",43.259617,-73.22291
55143,"Westfield, VT",44.88937,-72.42863
398521,"Winhall, VT",43.159046,-72.935104
45496,"Grafton, VT",43.17149,-72.60659
49670,"North Bennington, VT",42.930428,-73.2427
19466,"Morgan, VT",44.91349,-72.01481
43189,"Wardsboro, VT",43.040806,-72.7896
395994,"Brownington, VT",44.834194,-72.130745
40864,"Sheffield, VT",44.602005,-72.114204
29325,"Sudbury, VT",43.799202,-73.20482
28126,"Andover, VT",43.277378,-72.6962
397942,"Reading, VT",43.500008,-72.59292
25310,"Jay, VT",44.948124,-72.43815
56296,"Peru, VT",43.229885,-72.89921
13529,"Ripton, VT",43.973824,-73.03377
16982,"Belvidere, VT",44.7444,-72.68697
45532,"Granville, VT",43.984978,-72.846794
25277,"Isle La Motte, VT",44.87725,-73.3389
43971,"Athens, VT",43.133224,-72.56792
14633,"Whiting, VT",43.864166,-73.20071
23844,"Brookline, VT",43.03152,-72.60182
36134,"Plymouth, VT",43.535583,-72.72178
7173,"South Shaftsbury, VT",42.942493,-73.19993
22633,"Stratton, VT",43.042854,-72.910934
19969,"Pittsfield, VT",43.773006,-72.81319
31932,"Hancock, VT",43.92614,-72.84121
6052,"Morrisville, VT",44.56155,-72.5983
22045,"Ira, VT",43.534615,-73.06234
14464,"Waltham, VT",44.12589,-73.233444
51794,"East Haven, VT",44.65617,-71.82258
42581,"Lyndonville, VT",44.52991,-71.99634
14496,"Waterville, VT",44.690235,-72.769196
34115,"Stannard, VT",44.542343,-72.214935
44916,"Derby Line, VT",45.005325,-72.099655
50400,"Woodford, VT",42.880356,-73.07955
46917,"Orleans, VT",44.868084,-72.25958
6240,"North Troy, VT",44.996483,-72.40383
396478,"Landgrove, VT",43.251793,-72.856575
27831,"Wells River, VT",44.1543,-72.047165
398478,"Lemington, VT",44.857983,-71.55114
56021,"Jeffersonville, VT",44.643795,-72.82939
249186,"Derby Center, VT",44.94741,-72.133934
16037,"Seattle, WA",47.603832,-122.33006
48215,"Vancouver, WA",45.630695,-122.67445
20604,"Spokane, WA",47.657192,-117.42351
27362,"Tacoma, WA",47.245502,-122.43833
4626,"Everett, WA",47.979343,-122.2127
3619,"Bellevue, WA",47.61442,-122.19234
13480,"Renton, WA",47.479908,-122.20345
5399,"Kent, WA",47.38269,-122.22703
6651,"Puyallup, WA",47.184902,-122.29214
50950,"Bellingham, WA",48.754402,-122.478836
41802,"Yakima, WA",46.60156,-120.51084
3761,"Bothell, WA",47.76232,-122.20541
32615,"Lynnwood, WA",47.827866,-122.30539
16839,"Auburn, WA",47.307537,-122.23018
45255,"Federal Way, WA",47.313496,-122.33931
54089,"Redmond, WA",47.669415,-122.12388
52747,"Kennewick, WA",46.208706,-119.11992
17453,"Spokane Valley, WA",47.657112,-117.26139
5470,"Lacey, WA",47.026386,-122.80723
13213,"Pasco, WA",46.230675,-119.0921
12214,"Kirkland, WA",47.676537,-122.20708
39655,"Marysville, WA",48.051743,-122.17682
53718,"Olympia, WA",47.0451,-122.895004
37560,"Bremerton, WA",47.565365,-122.62469
20536,"Snohomish, WA",48.007473,-121.73049
25489,"Lakewood, WA",47.171764,-122.518456
26938,"Sammamish, WA",47.601757,-122.04169
26592,"Port Orchard, WA",47.531563,-122.638405
20164,"Richland, WA",46.28043,-119.27521
24544,"Edmonds, WA",47.810574,-122.377495
54409,"Shoreline, WA",47.756466,-122.34375
29592,"Spanaway, WA",47.089817,-122.4176
23770,"Bonney Lake, WA",47.18702,-122.17023
39329,"Lake Stevens, WA",48.01978,-122.06609
5302,"Issaquah, WA",47.534878,-122.0433
39503,"Longview, WA",46.137703,-122.93446
17229,"Burien, WA",47.469917,-122.348526
32992,"Mount Vernon, WA",48.420048,-122.32642
45429,"Gig Harbor, WA",47.32597,-122.58787
37174,"Arlington, WA",48.181095,-122.138954
27836,"Wenatchee, WA",47.42346,-120.31035
39885,"Moses Lake, WA",47.130142,-119.278076
48310,"Walla Walla, WA",46.205517,-118.517426
28017,"Woodinville, WA",47.75458,-122.15889
44411,"Camas, WA",45.5863,-122.403275
26240,"Oak Harbor, WA",48.293156,-122.64323
50889,"Battle Ground, WA",45.781353,-122.533745
20074,"Pullman, WA",46.730427,-117.1739
50027,"Shelton, WA",47.215096,-123.10071
48099,"University Place, WA",47.22582,-122.53713
6568,"Port Angeles, WA",48.118145,-123.43074
46405,"Maple Valley, WA",47.366425,-122.04372
20404,"Seatac, WA",47.44491,-122.28308
22544,"Poulsbo, WA",47.739136,-122.63928
4560,"Ellensburg, WA",46.997063,-120.54512
24372,"Des Moines, WA",47.39883,-122.309906
51338,"Centralia, WA",46.720448,-122.96143
18345,"Graham, WA",47.03822,-122.27233
40831,"Sequim, WA",48.08493,-123.10967
19429,"Monroe, WA",47.855225,-121.97134
46005,"Kelso, WA",46.142124,-122.9053
13854,"Silverdale, WA",47.669674,-122.68593
26399,"Parkland, WA",47.144413,-122.441795
55282,"Yelm, WA",46.941387,-122.60639
56365,"Mercer Island, WA",47.576633,-122.22764
45263,"Ferndale, WA",48.84667,-122.58972
49921,"Sunnyside, WA",46.324642,-120.00819
24512,"East Wenatchee, WA",47.415684,-120.29313
42157,"Kenmore, WA",47.75967,-122.24963
30116,"Aberdeen, WA",46.975372,-123.81572
25893,"Mill Creek, WA",47.857746,-122.22106
7241,"Stanwood, WA",48.24216,-122.352036
43207,"Washougal, WA",45.58196,-122.34799
14889,"Cheney, WA",47.489223,-117.57931
7482,"Tukwila, WA",47.462734,-122.25591
10790,"Chehalis, WA",46.659966,-122.96343
53086,"Lynden, WA",48.946606,-122.45693
6760,"Ridgefield, WA",45.81676,-122.74338
45171,"Enumclaw, WA",47.20478,-121.99164
12876,"Mountlake Terrace, WA",47.790966,-122.30664
51571,"Covington, WA",47.36578,-122.10022
8254,"Clarkston, WA",46.41627,-117.04518
23574,"Bainbridge Island, WA",47.65151,-122.52468
48052,"Tumwater, WA",47.008064,-122.91037
8081,"Anacortes, WA",48.516846,-122.61257
19792,"Othello, WA",46.825974,-119.17529
51176,"Buckley, WA",47.162247,-122.02775
26038,"Mukilteo, WA",47.947403,-122.303696
7007,"Selah, WA",46.654007,-120.53027
21240,"West Richland, WA",46.300392,-119.34731
40184,"Orting, WA",47.09788,-122.204285
396862,"Bryn Mawr-Skyway, WA",47.494427,-122.243546
26173,"North Bend, WA",47.495777,-121.78489
40453,"Prosser, WA",46.206757,-119.76916
29446,"Woodland, WA",45.901848,-122.745964
17735,"Deer Park, WA",47.95437,-117.476845
251873,"Sedro-Woolley, WA",48.504993,-122.23511
21744,"Colville, WA",48.54657,-117.90554
24923,"Grandview, WA",46.250965,-119.9017
14470,"Wapato, WA",46.447628,-120.42034
41258,"Toppenish, WA",46.377502,-120.30894
51193,"Burlington, WA",48.473812,-122.33045
29947,"Ephrata, WA",47.31764,-119.55365
47267,"Quincy, WA",47.234367,-119.85351
7113,"Snoqualmie, WA",47.528954,-121.827095
17263,"Camano Island, WA",48.162548,-122.495026
12265,"Lake Forest Park, WA",47.756767,-122.28096
22458,"Liberty Lake, WA",47.668114,-117.104866
54616,"Sumner, WA",47.20619,-122.23124
51852,"Edgewood, WA",47.231823,-122.28437
24462,"Duvall, WA",47.74232,-121.98568
26866,"Roy, WA",47.004265,-122.53985
38517,"Fife, WA",47.235954,-122.36264
16956,"Belfair, WA",47.44453,-122.85304
53563,"Newcastle, WA",47.539574,-122.156334
3639,"Benton City, WA",46.26319,-119.4878
57023,"Rochester, WA",46.828735,-123.072624
22131,"Dupont, WA",47.099068,-122.63754
24929,"Granite Falls, WA",48.081757,-121.96947
36873,"Elma, WA",47.00343,-123.40877
10430,"Blaine, WA",48.98811,-122.743576
35275,"Colbert, WA",47.824528,-117.34741
43689,"Port Townsend, WA",48.11797,-122.76955
51834,"Eatonville, WA",46.86825,-122.270065
42199,"Kingston, WA",47.790833,-122.50186
4005,"Castle Rock, WA",46.27399,-122.904915
250687,"Frederickson, WA",47.097603,-122.35199
37624,"Brush Prairie, WA",45.732838,-122.54332
251316,"Midland, WA",47.17494,-122.40904
25837,"Mead, WA",47.77821,-117.3492
43057,"Winlock, WA",46.4924,-122.938835
252247,"Waller, WA",47.208466,-122.36106
35514,"Hoquiam, WA",46.98093,-123.889336
12231,"La Center, WA",45.863873,-122.66858
43044,"Summit, WA",47.169224,-122.36266
46481,"Medical Lake, WA",47.572712,-117.68239
19617,"Newport, WA",48.179626,-117.04326
17523,"College Place, WA",46.049175,-118.38804
30766,"Carnation, WA",47.647514,-121.91294
5584,"Leavenworth, WA",47.596912,-120.66108
51300,"Cashmere, WA",47.52238,-120.46904
29352,"Vashon, WA",47.420876,-122.47371
775743,"Clover Creek, WA",47.515587,-122.20383
56078,"Montesano, WA",46.981205,-123.60266
55847,"Goldendale, WA",45.82068,-120.82173
56088,"Omak, WA",48.410984,-119.52755
29203,"Milton, WA",47.248116,-122.312836
20769,"Tenino, WA",46.85674,-122.850296
46442,"Mattawa, WA",46.737904,-119.902824
27312,"Sultan, WA",47.86228,-121.81473
48476,"White Salmon, WA",45.72762,-121.486465
33121,"Nine Mile Falls, WA",47.77678,-117.546684
17466,"Cle Elum, WA",47.19524,-120.94006
6688,"Ravensdale, WA",47.355896,-121.98487
48646,"Black Diamond, WA",47.308308,-122.00376
21404,"Yacolt, WA",45.865505,-122.40703
15468,"Kalama, WA",46.008522,-122.84247
19744,"Okanogan, WA",48.51585,-119.65275
56169,"Raymond, WA",46.686485,-123.73295
31557,"Fircrest, WA",47.23172,-122.514305
53592,"Normandy Park, WA",47.435154,-122.3396
48611,"Zillah, WA",46.402073,-120.262
45232,"Fall City, WA",47.56593,-121.89987
3811,"Brier, WA",47.784542,-122.27429
19809,"Pacific, WA",46.533493,-123.76803
11543,"Friday Harbor, WA",48.534267,-123.01712
16695,"Airway Heights, WA",47.64461,-117.59327
51562,"Coupeville, WA",48.21819,-122.68581
12975,"Newman Lake, WA",47.72416,-117.068924
37841,"Chelan, WA",47.80122,-120.62769
13430,"Rainier, WA",46.891056,-122.68935
41335,"Union Gap, WA",46.55735,-120.47506
16165,"Soap Lake, WA",47.389313,-119.49049
28943,"Moxee, WA",46.553738,-120.38312
35705,"Forks, WA",47.950222,-124.38616
26057,"Naches, WA",46.730957,-120.69952
33229,"Olalla, WA",47.430542,-122.542946
55430,"Chattaroy, WA",47.88942,-117.35782
48769,"Chewelah, WA",48.276287,-117.71552
11046,"Davenport, WA",47.654045,-118.14997
21748,"Concrete, WA",48.538933,-121.746925
54719,"Tonasket, WA",48.705235,-119.437355
47843,"Steilacoom, WA",47.17037,-122.59629
22218,"Mabton, WA",46.214848,-119.99671
42033,"Clinton, WA",47.97562,-122.346596
30163,"Algona, WA",47.278404,-122.25423
56907,"Granger, WA",46.341778,-120.19506
10903,"Colfax, WA",46.880165,-117.36435
54350,"Seabeck, WA",47.639538,-122.82849
5546,"Langley, WA",48.03998,-122.40941
47470,"Royal City, WA",46.90097,-119.63059
10931,"Connell, WA",46.660397,-118.8612
44271,"Bow, WA",48.561127,-122.40806
10546,"Brewster, WA",48.095978,-119.78062
46126,"Lakebay, WA",47.25831,-122.760666
37653,"Burbank, WA",46.198273,-118.971375
45536,"Grapeview, WA",47.332314,-122.82878
4550,"Elk, WA",48.016285,-117.2766
12232,"La Conner, WA",48.391888,-122.49425
31783,"Gold Bar, WA",47.854042,-121.6932
36881,"Onalaska, WA",46.57861,-122.70998
19083,"Long Beach, WA",46.35232,-124.05433
5907,"Mesa, WA",46.57625,-119.006676
15850,"Port Ludlow, WA",47.911568,-122.692154
53147,"Manson, WA",47.881332,-120.16149
8918,"Maple Falls, WA",48.91804,-122.096924
19269,"McCleary, WA",47.05315,-123.26543
42018,"Custer, WA",48.913044,-122.63955
44904,"Deming, WA",48.83988,-122.237
33215,"Ocean Shores, WA",46.9737,-124.15628
7442,"Toledo, WA",46.4401,-122.846756
44486,"Cathlamet, WA",46.203167,-123.38319
22229,"Oroville, WA",48.937614,-119.436165
38610,"Freeland, WA",48.018147,-122.515465
395856,"Otis Orchards-East Farms, WA",47.700497,-117.11168
40547,"Republic, WA",48.64822,-118.73781
43187,"Warden, WA",46.967552,-119.039566
54608,"Sumas, WA",49.00005,-122.2649
20190,"Ritzville, WA",47.126873,-118.380844
4145,"Clyde Hill, WA",47.63157,-122.21811
55333,"Carson, WA",45.72599,-121.8204
37569,"Bridgeport, WA",48.0082,-119.671165
6275,"Oakville, WA",46.840885,-123.23277
33396,"Peshastin, WA",47.57061,-120.60396
35064,"Cowiche, WA",46.673466,-120.71195
39881,"Morton, WA",46.557053,-122.27517
55055,"Waterville, WA",47.64733,-120.071396
27996,"Winthrop, WA",48.477924,-120.186195
12669,"Medina, WA",47.62055,-122.22645
14216,"Twisp, WA",48.36348,-120.1223
39552,"Lyle, WA",45.695896,-121.28336
7133,"South Bend, WA",46.66279,-123.804436
23020,"Mossyrock, WA",46.529842,-122.48427
35395,"Eastsound, WA",48.69677,-122.905464
6663,"Quilcene, WA",47.843815,-122.91229
22239,"Malaga, WA",-31.860695,115.894196
48208,"Valleyford, WA",47.53199,-117.23854
26344,"Outlook, WA",46.332096,-120.09175
52283,"Grand Coulee, WA",47.94154,-119.00336
26589,"Port Hadlock, WA",48.03176,-122.758224
13126,"Orondo, WA",47.625538,-120.225815
47180,"Pomeroy, WA",46.474873,-117.60269
30173,"Allyn, WA",47.384293,-122.837944
34100,"Springdale, WA",48.058167,-117.74186
41846,"Amboy, WA",45.899628,-122.46936
42787,"Riverside, WA",48.502686,-119.50751
27447,"Touchet, WA",46.04266,-118.6728
53675,"Ocean Park, WA",46.491486,-124.05017
33586,"Randle, WA",46.53511,-121.95704
39797,"Millwood, WA",47.686157,-117.28267
31936,"Hansville, WA",47.91672,-122.57386
41455,"Valley, WA",48.171696,-117.72453
40512,"Reardan, WA",47.669605,-117.87773
24950,"Greenbank, WA",48.09857,-122.57215
31062,"Cosmopolis, WA",46.95537,-123.77377
49686,"North Bonneville, WA",45.63734,-121.97119
43509,"Loon Lake, WA",48.06672,-117.62743
55182,"White Swan, WA",47.629116,-122.331795
39507,"Loomis, WA",48.82265,-119.63964
20722,"Suquamish, WA",47.71795,-122.58449
26621,"Prescott, WA",46.299583,-118.314964
6287,"Odessa, WA",47.333202,-118.69083
30927,"Clayton, WA",48.0028,-117.561935
9353,"Waitsburg, WA",46.270416,-118.15329
21299,"Wilbur, WA",47.758762,-118.70556
47941,"Tahuya, WA",47.37111,-123.05584
3322,"Addy, WA",48.360176,-117.8381
52098,"Fox Island, WA",47.24825,-122.62368
14224,"Union, WA",47.61277,-122.31893
38407,"Entiat, WA",47.675964,-120.20841
48458,"Westport, WA",46.88979,-124.11042
33350,"Pateros, WA",48.052433,-119.90337
28459,"Keyport, WA",47.700397,-122.62153
13915,"South Cle Elum, WA",47.1858,-120.950386
28552,"Eltopia, WA",46.458748,-119.01723
14137,"Tieton, WA",46.70207,-120.75535
17033,"Bingen, WA",45.71484,-121.464516
24239,"Coulee City, WA",47.611256,-119.29225
47428,"Rockford, WA",47.45212,-117.130745
28906,"Lyman, WA",48.525158,-122.0609
38555,"Ford, WA",47.908222,-117.80579
43932,"Ariel, WA",45.95714,-122.57069
24292,"Curlew, WA",48.879265,-118.60527
13228,"Pe Ell, WA",46.571415,-123.296844
22990,"Ruston, WA",47.299484,-122.50695
10765,"Centerville, WA",45.750927,-120.906975
18370,"Grayland, WA",46.82807,-124.085754
30273,"Ashford, WA",46.75441,-122.01093
33313,"Palouse, WA",46.910175,-117.0747
47421,"Rock Island, WA",47.37707,-120.14395
40632,"Rosalia, WA",47.236004,-117.36981
16824,"Asotin, WA",46.16781,-117.20452
44779,"Cougar, WA",46.04838,-122.30416
54746,"Trout Lake, WA",45.99649,-121.529
15341,"Inchelium, WA",48.328896,-118.23016
52423,"Harrah, WA",46.404293,-120.54423
19535,"Naselle, WA",46.361195,-123.81626
57134,"Woodway, WA",47.790035,-122.38236
18618,"Hoodsport, WA",47.40197,-123.15348
48024,"Toutle, WA",46.324833,-122.7365
9287,"Vaughn, WA",47.357246,-122.78253
25750,"Marblemount, WA",48.53491,-121.43507
33997,"Silverlake, WA",50.40271,-4.6703844
36046,"Nordland, WA",48.050926,-122.690994
20306,"Saint John, WA",47.091557,-117.58186
13098,"Olga, WA",48.61955,-122.83546
47367,"Rice, WA",48.428783,-118.17027
11351,"Ethel, WA",46.53205,-122.740395
11019,"Cusick, WA",48.337406,-117.297165
39770,"Mica, WA",47.556114,-117.21106
46254,"Lind, WA",46.97209,-118.61623
42382,"Ilwaco, WA",46.309036,-124.04366
37866,"Chimacum, WA",48.014656,-122.770454
5412,"Kettle Falls, WA",48.610516,-118.056335
15154,"Easton, WA",47.240677,-121.18293
22464,"Metaline Falls, WA",48.86362,-117.37189
12235,"La Crosse, WA",46.958828,1.2406
3977,"Carlton, WA",48.2482,-120.11619
19719,"Oakesdale, WA",47.12845,-117.242905
38654,"Garfield, WA",46.46047,-117.52948
27503,"Underwood, WA",45.729565,-121.526184
24683,"Farmington, WA",47.08934,-117.04406
26354,"Packwood, WA",46.6097,-121.66887
55575,"Acme, WA",48.728657,-122.23147
56958,"Indianola, WA",47.755615,-122.51575
7077,"Silver Creek, WA",-31.34918,115.510124
41447,"Vader, WA",46.401424,-122.95809
57128,"Brinnon, WA",47.676853,-122.92055
41000,"Spangle, WA",47.427395,-117.380196
36496,"Ryderwood, WA",46.37513,-123.04431
52896,"Latah, WA",47.281563,-117.155464
36737,"Carbonado, WA",47.079723,-122.05143
43472,"Sekiu, WA",48.263977,-124.302
45165,"Endicott, WA",46.925716,-117.68298
54795,"Uniontown, WA",46.53933,-117.08766
28375,"Colton, WA",46.56786,-117.12833
30235,"Appleton, WA",45.81179,-121.27119
53033,"Longbranch, WA",47.22116,-122.77735
28049,"Yarrow Point, WA",47.64621,-122.21735
47957,"Tekoa, WA",47.22337,-117.07088
15829,"Point Roberts, WA",48.986866,-123.05601
11367,"Everson, WA",48.920147,-122.342636
25220,"Hunts Point, WA",47.643433,-122.230125
7490,"Tumtum, WA",47.891556,-117.68301
39930,"Napavine, WA",46.579517,-122.91119
775742,"Seaview, WA",46.334545,-124.0546
4298,"Darrington, WA",48.252262,-121.603874
19016,"Lilliwaup, WA",47.462578,-123.1159
52640,"Ione, WA",48.741325,-117.42049
50922,"Beaux Arts Village, WA",47.585472,-122.19977
27410,"Thorp, WA",47.068016,-120.67268
47716,"Skamokawa, WA",46.270386,-123.45708
38348,"Electric City, WA",47.932373,-119.03808
44746,"Copalis Beach, WA",47.12601,-124.17274
56924,"Mansfield, WA",47.81153,-119.63671
31105,"Creston, WA",47.758488,-118.519714
47457,"Roslyn, WA",47.223034,-120.99336
53627,"Northport, WA",48.91568,-117.78273
5078,"Hartline, WA",47.69099,-119.1093
250740,"Glenwood, WA",47.425095,-122.6893
40630,"Ronald, WA",47.23247,-121.03254
34140,"Stevenson, WA",45.69416,-121.88355
34007,"Skykomish, WA",47.70927,-121.360565
51179,"Bucoda, WA",46.79772,-122.868454
7438,"Tokeland, WA",46.707314,-123.980095
25235,"Index, WA",47.820312,-121.55439
28199,"Dallesport, WA",45.641415,-121.17477
22423,"Nooksack, WA",48.924015,-122.32366
17437,"Chinook, WA",46.271782,-123.94056
56277,"Rockport, WA",48.48538,-121.60602
49493,"Pacific Beach, WA",47.214085,-124.196205
24328,"Dayton, WA",46.32356,-117.972534
19336,"Methow, WA",48.130142,-120.003685
32600,"Lummi Island, WA",48.694572,-122.66998
15589,"Malo, WA",48.7985,-118.61494
15699,"Mazama, WA",48.592087,-120.403984
21303,"Wilkeson, WA",47.10538,-122.04567
8136,"Coulee Dam, WA",47.966442,-118.975876
47735,"Snoqualmie Pass, WA",47.398415,-121.41437
43461,"Kittitas, WA",47.105747,-120.58493
11394,"Fairfield, WA",47.385174,-117.17158
5976,"Milwaukee, WI",43.038647,-87.90907
398849,"Madison, WI",43.07476,-89.38376
45548,"Green Bay, WI",44.512638,-88.01258
39220,"Kenosha, WI",42.58468,-87.82123
30236,"Appleton, WI",44.2614,-88.406975
51835,"Eau Claire, WI",44.811348,-91.4985
54043,"Racine, WI",42.731377,-87.78348
34683,"Waukesha, WI",43.062252,-88.312386
53752,"Oshkosh, WI",44.02069,-88.540855
46084,"La Crosse, WI",43.812283,-91.251434
45299,"Fond du Lac, WI",43.75334,-88.44938
398123,"Janesville, WI",42.682976,-89.02268
34721,"West Allis, WI",43.01668,-88.007034
14501,"Wausau, WI",44.959785,-89.62728
398097,"Sheboygan, WI",43.7129,-87.93704
7794,"Wauwatosa, WI",43.04941,-88.00793
37601,"Brookfield, WI",43.061558,-88.12607
399250,"Beloit, WI",42.508327,-89.031784
46704,"New Berlin, WI",42.97622,-88.1085
20656,"Stevens Point, WI",44.523445,-89.58444
53267,"Menomonee Falls, WI",43.179077,-88.11708
25732,"Manitowoc, WI",44.099834,-87.827995
38794,"Greenfield, WI",42.95969,-87.98132
45340,"Franklin, WI",42.888626,-88.03842
13062,"Oak Creek, WI",42.898727,-87.91779
398068,"De Pere, WI",44.44936,-88.06
21351,"Wisconsin Rapids, WI",44.391758,-89.822876
395586,"Sun Prairie, WI",43.183277,-89.21283
397752,"West Bend, WI",43.425278,-88.183426
14495,"Watertown, WI",43.194336,-88.72418
11441,"Fitchburg, WI",43.00209,-89.42382
397855,"Mount Pleasant, WI",42.719162,-87.85434
398275,"Neenah, WI",44.185818,-88.46261
397326,"Menasha, WI",44.20223,-88.44653
32104,"Hudson, WI",44.975094,-92.75547
398470,"Oconomowoc, WI",43.11167,-88.49927
7327,"Superior, WI",46.72077,-92.10408
53176,"Marshfield, WI",44.66623,-90.174034
10661,"Caledonia, WI",42.78706,-87.80439
54154,"River Falls, WI",44.85965,-92.6255
13105,"Onalaska, WI",43.88306,-91.23435
35861,"Muskego, WI",42.90585,-88.13898
42816,"Menomonie, WI",44.87653,-91.92787
19317,"Mequon, WI",43.22191,-87.9823
35283,"Beaver Dam, WI",43.457767,-88.837326
9792,"Middleton, WI",43.09629,-89.511955
42766,"Rhinelander, WI",45.636623,-89.41207
395676,"Verona, WI",42.99055,-89.533554
39055,"Howard, WI",44.543392,-88.08802
34057,"South Milwaukee, WI",42.910572,-87.860634
37869,"Chippewa Falls, WI",44.937134,-91.39321
12959,"New Richmond, WI",45.12273,-92.5375
397915,"Pewaukee, WI",43.084602,-88.21394
395601,"Germantown, WI",43.22862,-88.11037
29453,"Shawano, WI",44.781723,-88.71188
19327,"Merrill, WI",45.180523,-89.68346
395476,"Hartford, WI",43.317745,-88.37885
396316,"Cedarburg, WI",43.296654,-87.98753
8243,"Baraboo, WI",43.4704,-89.74378
41005,"Sparta, WI",43.973248,-90.851654
17650,"Cudahy, WI",42.95974,-87.86147
35265,"Burlington, WI",42.680107,-88.27641
19987,"Pleasant Prairie, WI",42.52697,-87.854454
23530,"Ashwaubenon, WI",44.47526,-88.06074
397939,"Kaukauna, WI",44.27804,-88.27205
3620,"Bellevue, WI",44.463886,-87.9543
26541,"Platteville, WI",42.734295,-90.47845
26595,"Portage, WI",44.460495,-89.51088
398734,"Mukwonago, WI",42.86668,-88.33343
20158,"Rice Lake, WI",45.502792,-91.73342
397477,"Grafton, WI",43.319523,-87.95178
398522,"Delafield, WI",43.059425,-88.404015
56756,"Tomah, WI",43.978577,-90.50402
39029,"Holmen, WI",43.963223,-91.25636
49407,"Monroe, WI",43.941677,-90.639725
399076,"Whitewater, WI",42.833958,-88.73065
34685,"Waunakee, WI",43.191963,-89.45484
7791,"Waupaca, WI",44.49279,-88.96504
47881,"Sturgeon Bay, WI",44.834164,-87.377045
397324,"Delavan, WI",42.633102,-88.64606
47532,"Salem, WI",42.55474,-88.110916
399068,"Lisbon, WI",43.174805,-88.211464
55059,"Waupun, WI",43.633217,-88.72964
18383,"Greendale, WI",42.94061,-87.995995
7920,"Whitefish Bay, WI",43.11856,-87.90681
50689,"Allouez, WI",44.47743,-88.01636
9514,"Two Rivers, WI",44.149204,-87.568214
12566,"Marinette, WI",45.3835,-88.040955
9571,"Reedsburg, WI",43.532524,-90.00806
399085,"Waterford, WI",42.763073,-88.21426
395538,"Port Washington, WI",43.388554,-87.869286
4908,"Glendale, WI",43.125023,-87.92859
6165,"New London, WI",44.392757,-88.73982
54411,"Shorewood, WI",43.088394,-87.88813
21260,"Weston, WI",44.905502,-89.57257
23498,"Antigo, WI",45.140465,-89.1525
23853,"Brown Deer, WI",43.174435,-87.972725
28784,"Jefferson, WI",43.02247,-88.7673
5106,"Hayward, WI",46.012966,-91.48487
45563,"Greenville, WI",44.286854,-88.587074
397044,"Plymouth, WI",43.748604,-87.977036
397044,"Plymouth, WI",43.748604,-87.977036
45669,"Harrison, WI",45.06977,-89.285164
29717,"Hobart, WI",44.53129,-88.13564
8831,"Mosinee, WI",44.792767,-89.70307
26750,"Richfield, WI",43.256115,-88.193985
398733,"Jackson, WI",44.301685,-90.80852
40958,"Somers, WI",42.640427,-87.91477
399264,"Windsor, WI",43.216587,-89.3402
397560,"Cottage Grove, WI",43.070446,-89.19801
8806,"Pulaski, WI",44.672215,-88.2426
29726,"Ashland, WI",46.20623,-90.68026
5892,"Medford, WI",45.139145,-90.34608
397463,"Buchanan, WI",44.259098,-88.21679
398871,"Oregon, WI",42.925964,-89.38428
14024,"Suamico, WI",44.632046,-88.039345
29183,"Plover, WI",44.456356,-89.54401
398124,"Genesee, WI",42.973217,-88.36497
398356,"Grand Chute, WI",44.287,-88.466156
398892,"Sheboygan Falls, WI",43.728893,-87.81141
29435,"Wisconsin Dells, WI",43.625618,-89.77157
41851,"Black River Falls, WI",44.295216,-90.84841
11483,"Fort Atkinson, WI",42.928894,-88.83705
46577,"Monona, WI",43.062218,-89.33401
17721,"De Forest, WI",43.753876,-88.22081
398794,"Milton, WI",42.775356,-88.939
34154,"Stoughton, WI",42.91674,-89.2179
14424,"Viroqua, WI",43.55692,-90.88874
14056,"Sussex, WI",43.1339,-88.22204
41253,"Tomahawk, WI",45.47103,-89.731445
399184,"Dunn, WI",44.933357,-91.899445
52859,"Lake Mills, WI",43.079803,-88.912575
56258,"Mauston, WI",43.796856,-90.075676
398534,"Vernon, WI",43.581123,-90.82313
26908,"Saint Francis, WI",42.974407,-87.87093
398622,"East Troy, WI",42.785187,-88.40543
35742,"Hartland, WI",43.105007,-88.34204
52995,"Little Chute, WI",44.279987,-88.318436
10117,"Amery, WI",45.31254,-92.36208
27880,"West Salem, WI",43.898018,-91.08136
53019,"Lodi, WI",43.313877,-89.52651
35019,"Bloomer, WI",45.1015,-91.488716
15863,"Prairie du Chien, WI",43.05194,-91.14099
21917,"Lake Geneva, WI",42.591805,-88.43454
48633,"Altoona, WI",44.804684,-91.44293
55782,"Kronenwetter, WI",44.82905,-89.65972
29535,"Slinger, WI",43.334324,-88.285095
45615,"Hales Corners, WI",42.937515,-88.0487
397656,"Trenton, WI",43.411144,-88.08336
38209,"Dodgeville, WI",42.960007,-90.13045
53503,"Nekoosa, WI",44.315456,-89.89182
51878,"Elkhorn, WI",42.67192,-88.543495
3832,"Brodhead, WI",42.619743,-89.37679
399218,"Chilton, WI",44.028942,-88.16281
45024,"Eagle River, WI",45.915398,-89.25079
56137,"Osceola, WI",45.32115,-92.70549
20547,"Somerset, WI",45.124893,-92.67304
32760,"McFarland, WI",43.01235,-89.289764
399160,"Blue Mounds, WI",43.01741,-89.83203
37724,"Campbellsport, WI",43.59817,-88.284966
30332,"Baldwin, WI",44.966755,-92.373245
397956,"Bristol, WI",43.27312,-89.21156
397956,"Bristol, WI",43.27312,-89.21156
6009,"Mondovi, WI",44.56787,-91.67069
38368,"Ellsworth, WI",44.73212,-92.48312
28460,"Kimberly, WI",44.27171,-88.34008
26263,"Oconto, WI",44.998806,-88.24801
398196,"Lawrence, WI",44.40479,-88.157326
48365,"Wautoma, WI",44.07505,-89.29019
397246,"Rock, WI",42.665443,-89.08177
37956,"Colfax, WI",44.998764,-91.7273
398320,"Springfield, WI",43.17154,-89.54262
33531,"Prescott, WI",44.749123,-92.80224
40319,"Village of Pewaukee, WI",43.080566,-88.26121
48977,"Fox Point, WI",43.15758,-87.90175
28550,"Elm Grove, WI",43.043068,-88.07898
3430,"Arcadia, WI",44.25272,-91.50149
49619,"Peshtigo, WI",44.86443,-87.71907
53391,"Montello, WI",43.791862,-89.32882
5538,"Lancaster, WI",42.847744,-90.71023
42927,"Prairie du Sac, WI",43.27738,-89.78828
3757,"Boscobel, WI",43.134674,-90.70574
29616,"Spooner, WI",45.826775,-91.88824
57225,"Pardeeville, WI",43.53776,-89.30012
33046,"Neillsville, WI",44.560406,-90.59626
45352,"Freedom, WI",44.378727,-88.31298
24066,"Chetek, WI",45.31444,-91.651306
46024,"Kewaunee, WI",44.521282,-87.63011
41988,"Bristol, WI",43.27312,-89.21156
41988,"Bristol, WI",43.27312,-89.21156
37288,"Barron, WI",45.423557,-91.84541
57288,"Oconto Falls, WI",44.87478,-88.143265
51592,"Crivitz, WI",45.23238,-88.00433
13380,"Poynette, WI",43.391205,-89.40286
52837,"Ladysmith, WI",45.464252,-91.10086
398957,"Omro, WI",44.039497,-88.74428
31391,"Elk Mound, WI",44.873016,-91.691
397468,"Eagle, WI",42.879456,-88.474266
17255,"Cadott, WI",44.948017,-91.1507
14601,"Weyauwega, WI",44.321457,-88.93404
54596,"Sturtevant, WI",42.698074,-87.89452
398781,"Yorkville, WI",42.741962,-88.02675
28311,"Cuba City, WI",42.605453,-90.43077
54587,"Stratford, WI",44.801075,-90.0793
40651,"Rothschild, WI",44.88719,-89.620125
15903,"Stanley, WI",44.96013,-90.9375
397923,"Kewaskum, WI",43.52138,-88.22787
39806,"Mineral Point, WI",42.860115,-90.17977
395484,"Saukville, WI",43.381126,-87.940475
15637,"Reedsville, WI",44.153404,-87.95746
43972,"Athens, WI",45.034973,-90.07389
24673,"Fall Creek, WI",44.763573,-91.2771
56054,"Juneau, WI",43.95324,-90.12184
38764,"Grantsburg, WI",45.778965,-92.6824
13196,"Park Falls, WI",45.933826,-90.451744
23438,"Algoma, WI",44.609642,-87.4365
34904,"Woodruff, WI",45.859047,-89.611755
398344,"Winneconne, WI",44.110947,-88.71365
398242,"Walworth, WI",42.67115,-88.54677
398309,"Summit, WI",43.06234,-88.47036
397740,"Fulton, WI",42.808117,-89.12752
9810,"Cumberland, WI",45.533287,-92.02148
51694,"Denmark, WI",44.347935,-87.82699
45811,"Horicon, WI",43.45138,-88.63121
397158,"Barton, WI",43.463005,-88.20803
397374,"Dunkirk, WI",42.881393,-89.20984
5989,"Minocqua, WI",45.87134,-89.71098
48448,"Westby, WI",43.65284,-90.857605
26904,"Saint Croix Falls, WI",45.410492,-92.644585
44863,"Darlington, WI",42.68023,-90.117805
10212,"Augusta, WI",44.679844,-91.12084
56319,"Phillips, WI",45.690083,-90.3971
399211,"Geneva, WI",42.62802,-88.48221
398432,"Herman, WI",44.803764,-88.797356
30711,"Cameron, WI",45.40857,-91.74406
53497,"Necedah, WI",44.02543,-90.07213
50452,"Oneida, WI",45.687916,-89.47796
398164,"Turtle, WI",42.547657,-88.940254
395565,"Seymour, WI",44.51161,-88.33019
397577,"Sugar Creek, WI",42.712868,-88.603645
24805,"Friendship, WI",43.971664,-89.81618
47991,"Thorp, WI",44.961086,-90.80032
41016,"Spring Green, WI",43.176937,-90.06805
398543,"Vienna, WI",43.25139,-89.42077
397391,"Ottawa, WI",42.983887,-88.46431
397991,"Deerfield, WI",43.053814,-89.07491
398518,"Wilson, WI",44.95343,-92.17379
398518,"Wilson, WI",44.95343,-92.17379
50270,"Bayside, WI",43.18609,-87.9049
6797,"Roberts, WI",44.983856,-92.55603
20869,"Twin Lakes, WI",42.531525,-88.247925
20597,"Spencer, WI",44.75749,-90.298706
24826,"Galesville, WI",44.08284,-91.34873
26683,"Randolph, WI",43.538025,-89.006485
395492,"Harmony, WI",43.58551,-91.08837
398703,"Randall, WI",42.524105,-88.2954
397107,"Springdale, WI",42.986042,-89.678856
25747,"Marathon, WI",44.891403,-89.77481
398801,"Belgium, WI",43.49972,-87.850365
395688,"Fredonia, WI",43.47006,-87.948906
26446,"Pell Lake, WI",42.54094,-88.35674
399170,"Medina, WI",43.161457,-89.053505
41654,"West Milwaukee, WI",43.012516,-87.97259
24533,"Edgar, WI",44.922527,-89.96394
52006,"Fennimore, WI",42.983624,-90.655594
28815,"Durand, WI",44.628372,-91.96766
37608,"Brooklyn, WI",42.85324,-89.369835
46418,"Markesan, WI",43.70732,-88.99007
8405,"Frederic, WI",45.659218,-92.467064
24536,"Edgerton, WI",42.833477,-89.0694
397632,"Vandenbroek, WI",44.311497,-88.284225
48907,"Colby, WI",44.909966,-90.31569
29216,"Lomira, WI",43.59138,-88.44371
396975,"Raymond, WI",42.798473,-88.012085
31923,"Hammond, WI",44.976486,-92.43604
42622,"Oxford, WI",43.781364,-89.57264
399159,"Norway, WI",42.79994,-88.129875
27821,"Webster, WI",45.877476,-92.366806
13317,"Pittsville, WI",44.439373,-90.12747
399151,"Darien, WI",42.601276,-88.70774
397259,"Pleasant Springs, WI",42.9866,-89.18971
397984,"Erin, WI",43.254646,-88.36917
398695,"Bloomfield, WI",42.538364,-88.40043
45955,"Johnson Creek, WI",43.075916,-88.77483
396958,"Rutland, WI",42.8789,-89.35012
15992,"Wind Lake, WI",42.820316,-88.15871
56876,"Westfield, WI",43.885696,-89.49326
43889,"Amherst, WI",44.450676,-89.28459
41975,"Danbury, WI",46.00661,-92.37131
398227,"Center, WI",44.384014,-88.43539
398227,"Center, WI",44.384014,-88.43539
24254,"Crandon, WI",45.56928,-88.903206
398382,"Farmington, WI",45.253162,-92.70242
11284,"Eleva, WI",44.575798,-91.47015
37434,"Birnamwood, WI",44.931095,-89.208755
52639,"Iola, WI",44.507973,-89.13085
49003,"Fremont, WI",44.271988,-88.85051
39964,"New Auburn, WI",45.203957,-91.559975
399114,"Holland, WI",43.589134,-87.84737
31776,"Glenwood City, WI",45.05863,-92.17233
32657,"Manawa, WI",44.464424,-88.91983
397888,"Addison, WI",43.422775,-88.37454
397944,"Linn, WI",42.538857,-88.479576
397154,"Cross Plains, WI",43.1117,-89.64522
54569,"Stoddard, WI",43.66207,-91.218925
17137,"Boyceville, WI",45.044495,-92.03942
49635,"Niagara, WI",45.77168,-87.998146
32597,"Luck, WI",45.57486,-92.4825
34027,"Sobieski, WI",44.720993,-88.07146
20838,"Trempealeau, WI",44.27824,-91.38288
398205,"Wheatland, WI",43.459194,-91.170006
8826,"Lyons, WI",42.651127,-88.35843
9939,"Muscoda, WI",43.18535,-90.44305
54683,"Thiensville, WI",43.235973,-87.984375
397345,"Union, WI",43.5963,-90.4922
23593,"Bangor, WI",43.891983,-90.989174
47593,"Schofield, WI",44.90969,-89.60457
52460,"Hazel Green, WI",42.5328,-90.43475
37908,"Clear Lake, WI",45.251442,-92.27028
46220,"Lena, WI",44.9511,-88.047
9932,"Hancock, WI",44.133583,-89.52318
47743,"Solon Springs, WI",46.352917,-91.82055
49848,"Wild Rose, WI",44.180016,-89.24753
397086,"Dover, WI",42.71629,-88.13026
397376,"Clayton, WI",45.33128,-92.17232
397376,"Clayton, WI",45.33128,-92.17232
20724,"Suring, WI",44.999004,-88.37054
395599,"Polk, WI",45.431858,-92.40747
9396,"Shell Lake, WI",45.743103,-91.92527
35872,"Palmyra, WI",42.87779,-88.58621
398841,"Lima, WI",42.79119,-90.48597
398841,"Lima, WI",42.79119,-90.48597
54763,"Turtle Lake, WI",45.3938,-92.1423
398182,"Rhine, WI",43.84971,-87.98158
10489,"Bonduel, WI",44.739956,-88.44613
4890,"Gillett, WI",44.890453,-88.30577
21745,"Combined Locks, WI",44.26582,-88.31427
34824,"Whitehall, WI",44.367462,-91.31655
50200,"Redgranite, WI",44.043415,-89.10089
9908,"Gleason, WI",45.308853,-89.49651
8988,"Mayville, WI",43.4942,-88.54482
38806,"Greenwood, WI",44.766182,-90.59827
5185,"Holcombe, WI",45.22441,-91.11736
37396,"Berlin, WI",43.968426,-88.946625
4735,"Florence, WI",45.837997,-88.3903
398175,"Ellington, WI",44.39434,-88.55588
48727,"Dale, WI",44.27988,-88.678185
39534,"Loyal, WI",44.736908,-90.49597
19803,"Owen, WI",44.948578,-90.5643
27803,"Wausaukee, WI",45.37609,-87.95261
45333,"Fox Lake, WI",43.565544,-88.9065
397590,"Scott, WI",43.594204,-89.18661
397590,"Scott, WI",43.594204,-89.18661
5557,"Larsen, WI",44.19165,-88.624
398891,"La Grange, WI",42.800972,-88.60215
398864,"Montrose, WI",42.882782,-89.577354
3694,"Blair, WI",44.294624,-91.23384
18889,"Lac du Flambeau, WI",45.970276,-89.8928
15627,"Neshkoro, WI",43.961697,-89.21854
17816,"Dresser, WI",45.355694,-92.633965
4577,"Elroy, WI",43.73831,-90.27003
397100,"Black Creek, WI",44.475555,-88.45081
11508,"Fountain City, WI",44.131706,-91.7188
45198,"Evansville, WI",42.78035,-89.299225
14720,"Woodville, WI",44.952694,-92.29154
22552,"Spring Valley, WI",44.84525,-92.23842
22552,"Spring Valley, WI",44.84525,-92.23842
26628,"Princeton, WI",43.85015,-89.13019
36351,"Withee, WI",44.952095,-90.59791
12604,"Mason, WI",46.43513,-91.060036
10511,"Boyd, WI",44.951492,-91.03708
51339,"Centuria, WI",45.451347,-92.55409
49899,"Sullivan, WI",43.013092,-88.58821
6025,"Monticello, WI",42.747345,-89.59432
7477,"Troy, WI",42.778904,-88.44482
38018,"Cornell, WI",45.167187,-91.14931
23403,"Adams, WI",43.946224,-89.783646
3342,"Albany, WI",42.70764,-89.43786
19976,"Plainfield, WI",44.213863,-89.49234
399190,"Lyndon, WI",43.674046,-88.00047
6773,"Ripon, WI",43.844242,-88.838715
3677,"Birchwood, WI",45.65656,-91.55571
397364,"Black Earth, WI",43.139038,-89.747925
50577,"Washburn, WI",45.89263,-91.797165
16464,"Wittenberg, WI",44.808826,-89.16345
46796,"North Hudson, WI",44.993023,-92.756874
30706,"Cambria, WI",43.543266,-89.108475
5768,"Malone, WI",43.860268,-88.281494
398608,"Rochester, WI",42.7413,-88.22589
28352,"Coleman, WI",45.064983,-88.03427
41843,"Coon Valley, WI",43.70244,-91.017
20484,"Shullsburg, WI",42.5725,-90.23268
45848,"Hurley, WI",46.44988,-90.183624
397501,"Sherman, WI",44.719006,-90.37588
398548,"Dane, WI",43.070927,-89.43222
36456,"Waterloo, WI",43.183884,-88.98844
39461,"Little Suamico, WI",44.711056,-88.05694
43304,"Union Grove, WI",42.687653,-88.05184
396938,"Vinland, WI",44.126602,-88.55368
19813,"Paddock Lake, WI",42.57752,-88.10509
398064,"Mazomanie, WI",43.17611,-89.79413
9766,"Marion, WI",44.67174,-88.889084
398603,"Sharon, WI",42.502518,-88.729
18823,"Keshena, WI",44.877735,-88.613365
50533,"North Freedom, WI",43.460293,-89.86648
31421,"Elmwood, WI",44.779568,-92.151344
52716,"Junction City, WI",44.590862,-89.763
35078,"Arpin, WI",44.54074,-90.03567
30948,"Clintonville, WI",44.620533,-88.76232
43985,"Auburndale, WI",44.62771,-90.00869
43422,"Independence, WI",44.35691,-91.42069
398923,"Clinton, WI",42.554474,-88.862595
49780,"Mishicot, WI",44.239162,-87.6412
15532,"Lyndon Station, WI",43.71171,-89.90047
27643,"Valders, WI",44.066105,-87.88426
25445,"La Farge, WI",43.574406,-90.63676
15483,"Hatley, WI",44.88747,-89.33873
51170,"Bruce, WI",45.456505,-91.27351
54127,"Richland Center, WI",43.33553,-90.385414
26611,"Pound, WI",45.09415,-88.034
399192,"Nekimi, WI",43.9455,-88.58756
7416,"Three Lakes, WI",45.79829,-89.1629
50844,"Balsam Lake, WI",45.451916,-92.45301
45550,"Green Lake, WI",43.79716,-89.04025
3441,"Argyle, WI",42.70122,-89.86699
23390,"Abbotsford, WI",44.94711,-90.31948
52326,"Greenbush, WI",43.754086,-88.10083
398989,"Christiana, WI",42.97991,-89.07176
50444,"Kohler, WI",43.739162,-87.78175
53029,"Lone Rock, WI",43.18324,-90.19804
53730,"Oostburg, WI",43.62311,-87.79835
4514,"Eden, WI",43.692703,-88.36287
398467,"Albion, WI",42.880302,-89.06915
40894,"Shorewood Hills, WI",43.078094,-89.44633
36447,"Siren, WI",45.787434,-92.38197
54214,"Rosholt, WI",44.628567,-89.308846
13724,"Sauk City, WI",43.271595,-89.72268
42344,"Ettrick, WI",44.169243,-91.268845
23396,"Abrams, WI",44.79667,-88.074135
32378,"Lake Delton, WI",43.60109,-89.79374
56504,"White Lake, WI",45.157192,-88.76455
46845,"Oakfield, WI",43.683693,-88.54744
252844,"Como, WI",42.60707,-88.49436
14824,"Cecil, WI",44.8094,-88.45163
32891,"Minong, WI",46.10034,-91.823814
47364,"Rib Lake, WI",45.318977,-90.20421
4397,"Dorchester, WI",45.001266,-90.33154
39116,"Iron River, WI",46.564384,-91.40825
397462,"Wayne, WI",43.514164,-88.32149
10092,"Almond, WI",44.2607,-89.40769
13895,"Soldiers Grove, WI",43.395256,-90.7743
40764,"Sarona, WI",45.711063,-91.806564
398598,"Richmond, WI",44.811615,-88.67517
52374,"Hager City, WI",44.601635,-92.538246
51443,"Clayton, WI",45.33128,-92.17232
51443,"Clayton, WI",45.33128,-92.17232
398877,"Spring Prairie, WI",42.691406,-88.40427
395935,"Newton, WI",44.02126,-87.741234
38763,"Granton, WI",44.587254,-90.46246
31150,"Custer, WI",44.510525,-89.42622
23033,"Neosho, WI",43.31028,-88.51816
398203,"Bovina, WI",44.477665,-88.55486
6572,"Port Edwards, WI",44.3508,-89.8654
4676,"Fall River, WI",43.38737,-89.04423
49843,"Whiting, WI",44.49358,-89.55873
397546,"Lafayette, WI",42.66324,-90.131775
15748,"Melrose, WI",44.131763,-90.99635
38670,"Genoa City, WI",42.498352,-88.32815
43890,"Amherst Junction, WI",44.468864,-89.312614
32031,"Highland, WI",43.06748,-90.330444
28646,"Grand Marsh, WI",43.886917,-89.70624
397052,"Porter, WI",42.807316,-89.19085
53637,"Norwalk, WI",43.831253,-90.622025
56642,"Vesper, WI",44.483322,-89.967896
8660,"Gresham, WI",44.851814,-88.78693
48446,"Westboro, WI",45.35357,-90.29676
3438,"Arena, WI",43.165546,-89.91266
51505,"Columbus, WI",43.33926,-89.01577
33413,"Pigeon Falls, WI",44.42602,-91.209114
17247,"Butler, WI",43.105843,-88.069534
398516,"Plymouth, WI",43.748604,-87.977036
398516,"Plymouth, WI",43.748604,-87.977036
43863,"Alma, WI",44.320282,-91.91491
16633,"Rudolph, WI",44.49612,-89.802444
23070,"Lake Tomahawk, WI",45.81412,-89.59375
4741,"Fontana, WI",42.54921,-88.57507
50758,"Argonne, WI",45.65992,-88.87942
20302,"Saint Germain, WI",45.943306,-89.498405
14673,"Wilton, WI",43.81352,-90.52821
395743,"Roxbury, WI",43.244404,-89.67533
52211,"Gilman, WI",45.166435,-90.811066
395936,"Pine River, WI",45.134132,-89.62207
22310,"Reeseville, WI",43.304993,-88.844826
397822,"Eaton, WI",44.71803,-90.618484
49151,"Houlton, WI",45.060524,-92.79132
398803,"Bradford, WI",42.646294,-88.8354
5109,"Hazelhurst, WI",45.809654,-89.72904
38224,"Dousman, WI",43.014725,-88.47278
3525,"Bancroft, WI",44.309692,-89.51373
30777,"Casco, WI",44.557774,-87.61815
55716,"Hewitt, WI",44.639114,-90.104645
397709,"Utica, WI",43.363106,-90.89257
22635,"Strum, WI",44.552647,-91.39252
399181,"Scott, WI",43.594204,-89.18661
399181,"Scott, WI",43.594204,-89.18661
46558,"Mindoro, WI",44.021072,-91.10181
51509,"Comstock, WI",45.477734,-92.07518
46044,"Kingston, WI",43.694935,-89.12781
398140,"La Prairie, WI",42.630302,-88.952866
21483,"Cazenovia, WI",43.523033,-90.196236
43506,"Cassville, WI",42.71444,-90.99077
398292,"Wrightstown, WI",44.326134,-88.16285
52643,"Irma, WI",45.351353,-89.66652
15267,"Lake Nebagamon, WI",46.514423,-91.69957
29264,"Whitelaw, WI",44.144695,-87.82247
35313,"Belmont, WI",42.738415,-90.33417
21636,"Brownsville, WI",43.616383,-88.49066
27804,"Wauzeka, WI",43.08462,-90.88435
30255,"Arkdale, WI",44.02671,-89.88779
395663,"Magnolia, WI",42.715916,-89.28882
35442,"Eland, WI",44.870525,-89.21511
32230,"Jim Falls, WI",45.04524,-91.27293
4652,"Fairchild, WI",44.600765,-90.9646
6486,"Phelps, WI",46.064423,-89.08763
29584,"Saint Cloud, WI",43.82277,-88.167046
43967,"Athelstane, WI",45.45676,-88.118065
15125,"Kendall, WI",43.79249,-90.36851
31721,"Genoa, WI",43.5751,-91.225624
3768,"Bowler, WI",44.862965,-88.981544
10728,"Cascade, WI",43.65833,-88.007034
56292,"Pepin, WI",44.63516,-92.01019
33968,"Sheldon, WI",45.310745,-90.95835
44732,"Conover, WI",46.054672,-89.25791
48303,"Wales, WI",43.004456,-88.37676
47397,"River Hills, WI",43.16789,-87.93566
17736,"Deer Park, WI",45.18802,-92.38547
19483,"Mount Calvary, WI",43.82638,-88.246216
55619,"Coloma, WI",44.03444,-89.52239
44875,"De Soto, WI",43.42303,-91.19902
16923,"Bayfield, WI",46.471024,-91.19832
41713,"Williams Bay, WI",42.57807,-88.54093
398993,"Brighton, WI",44.809917,-90.25745
24342,"Deerbrook, WI",45.233578,-89.15567
50691,"Alma Center, WI",44.437103,-90.91265
22604,"Stone Lake, WI",45.845535,-91.54094
254727,"Wind Point, WI",42.784462,-87.76619
397523,"Vermont, WI",43.07559,-89.77319
396133,"Humboldt, WI",44.50202,-87.82613
50374,"Maribel, WI",44.276382,-87.80731
55243,"Winter, WI",45.82141,-91.01142
398658,"Osborn, WI",44.470394,-88.34542
14840,"Cedar Grove, WI",43.57204,-87.82031
18531,"Helenville, WI",43.016815,-88.69908
26763,"Ringle, WI",44.91169,-89.45681
3764,"Boulder Junction, WI",46.112606,-89.64218
398332,"Paris, WI",42.641827,-90.60296
15777,"Merrimac, WI",43.37332,-89.62346
35435,"Hixton, WI",44.386013,-91.01435
14814,"Bloomington, WI",42.883205,-90.92463
25865,"Merrillan, WI",44.451073,-90.841255
53111,"Maiden Rock, WI",44.560802,-92.30962
44059,"Bay City, WI",44.58552,-92.45046
398103,"Center, WI",44.384014,-88.43539
398103,"Center, WI",44.384014,-88.43539
47804,"Springbrook, WI",45.94856,-91.68823
31437,"Endeavor, WI",43.715813,-89.46623
53685,"Ogema, WI",45.443577,-90.2982
16453,"Biron, WI",44.423855,-89.7804
10168,"Arkansaw, WI",44.633842,-92.03138
34657,"Warrens, WI",44.130577,-90.49985
19890,"Pembine, WI",45.640247,-87.93489
27404,"Theresa, WI",43.517216,-88.45121
5420,"Kiel, WI",43.912495,-88.03565
42095,"Cable, WI",46.208008,-91.29213
4541,"Eldorado, WI",43.85072,-88.584435
43225,"Trego, WI",45.901676,-91.824974
27730,"Wabeno, WI",45.438576,-88.660385
32995,"Mountain, WI",45.163155,-88.433624
52057,"Forestville, WI",44.690018,-87.47977
22710,"Viola, WI",43.506084,-90.66818
399234,"Cicero, WI",44.530598,-88.43075
35210,"Bryant, WI",45.208023,-89.024
39047,"Hortonville, WI",44.335037,-88.63934
40428,"Prairie Farm, WI",45.237183,-91.98157
399276,"Newark, WI",42.541744,-89.18906
43130,"Taylor, WI",45.20571,-90.491585
18852,"Knapp, WI",44.953556,-92.084015
398563,"Mitchell, WI",43.659542,-88.10016
26582,"Poplar, WI",46.583828,-91.79908
24515,"Eastman, WI",43.166447,-91.01727
253959,"Oconomowoc Lake, WI",43.10445,-88.45927
6023,"Montfort, WI",42.97256,-90.433426
46506,"Mercer, WI",46.16564,-90.06332
7091,"Sister Bay, WI",45.18831,-87.12208
9295,"Scandinavia, WI",44.458454,-89.146774
44824,"Curtiss, WI",44.95376,-90.43424
9603,"Loganville, WI",43.440117,-90.03669
18334,"Gordon, WI",46.24477,-91.79778
55943,"Dickeyville, WI",42.62731,-90.59208
53151,"Maple Bluff, WI",43.11487,-89.37285
47229,"Prentice, WI",45.54594,-90.28758
48791,"Chili, WI",44.626907,-90.35652
32694,"Marengo, WI",46.422447,-90.81686
40412,"Porterfield, WI",45.17828,-87.778206
395681,"Poygan, WI",44.122814,-88.82538
44358,"Brussels, WI",44.726154,-87.58045
20633,"Star Prairie, WI",45.196896,-92.53107
15319,"Hustisford, WI",43.346107,-88.600655
48301,"Waldo, WI",43.67469,-87.952354
49416,"Ontario, WI",43.725803,-90.59152
40068,"North Prairie, WI",42.934456,-88.40537
17681,"Dallas, WI",45.25913,-91.814896
30964,"Cochrane, WI",44.227463,-91.83516
25904,"Milltown, WI",45.526745,-92.506905
37678,"Butternut, WI",46.014034,-90.493546
8339,"Beldenville, WI",44.773857,-92.50769
5793,"Maple, WI",46.58966,-91.72074
54489,"South Wayne, WI",42.568897,-89.879845
19993,"Plum City, WI",44.629627,-92.19258
29033,"Ridgeland, WI",45.20372,-91.89703
14907,"Brandon, WI",43.735016,-88.78161
10090,"Almena, WI",45.41799,-92.03595
398409,"Russell, WI",46.90421,-90.843315
56094,"Presque Isle, WI",46.215572,-89.679855
39740,"Mellen, WI",46.32575,-90.66066
397526,"Burke, WI",43.14513,-89.25434
13319,"Plain, WI",43.278877,-90.04373
56761,"Rosendale, WI",43.80802,-88.674774
16454,"Blue River, WI",43.187878,-90.56745
30843,"Chaseburg, WI",43.659008,-91.095505
25508,"Laona, WI",45.560863,-88.672455
48042,"Tripoli, WI",45.55524,-89.99403
397111,"Rushford, WI",44.015102,-88.82542
19537,"Nashotah, WI",43.09798,-88.402695
28954,"Readstown, WI",43.44942,-90.7593
27506,"Unity, WI",44.850613,-90.31614
53170,"Marquette, WI",43.812225,-89.39268
50830,"Baileys Harbor, WI",45.061546,-86.86606
30630,"Brule, WI",46.552998,-91.57658
42869,"Livingston, WI",42.90106,-90.43101
19087,"Long Lake, WI",45.703133,-91.72402
36237,"Stetsonville, WI",45.077038,-90.31486
34803,"Wheeler, WI",45.04441,-91.90819
31632,"Foxboro, WI",46.498554,-92.28797
8302,"Bear Creek, WI",44.530273,-88.72724
33222,"Ogdensburg, WI",44.451916,-89.03293
34796,"Weyerhaeuser, WI",45.42265,-91.41528
31554,"Ferryville, WI",43.350533,-91.10207
38227,"Downing, WI",45.046352,-92.132126
40599,"Rock Springs, WI",43.47796,-89.91723
18308,"Glidden, WI",46.134953,-90.57851
21305,"Willard, WI",45.337536,-91.11191
40424,"Powers Lake, WI",42.54145,-88.299065
30323,"Bagley, WI",42.90475,-91.10272
8767,"Harshaw, WI",45.665512,-89.65542
49537,"Nelson, WI",44.42018,-92.00878
24640,"Exeland, WI",45.6681,-91.24324
17016,"Big Bend, WI",42.881405,-88.20676
47287,"Random Lake, WI",43.552284,-87.96205
39974,"New Glarus, WI",42.81447,-89.633934
50127,"West Baraboo, WI",43.47456,-89.76922
11155,"Drummond, WI",46.336895,-91.257965
44037,"Barronett, WI",45.677418,-91.969986
55222,"Wilson, WI",44.95343,-92.17379
55222,"Wilson, WI",44.95343,-92.17379
49085,"Lannon, WI",43.14985,-88.16392
17828,"Dunbar, WI",45.629913,-88.14881
253546,"Land O Lakes, WI",46.16997,-89.40491
32028,"High Bridge, WI",46.38884,-90.7363
45827,"Howards Grove, WI",43.83388,-87.82009
16770,"Aniwa, WI",45.00858,-89.21428
15229,"Krakow, WI",44.76171,-88.25182
32112,"Humbird, WI",44.52913,-90.88931
253521,"Lake Koshkonong, WI",42.886032,-88.94311
25490,"Lakewood, WI",45.331184,-88.430984
397016,"Spring Valley, WI",44.84525,-92.23842
397016,"Spring Valley, WI",44.84525,-92.23842
397575,"Maine, WI",45.024532,-89.67743
399179,"Mosel, WI",43.847225,-87.764465
45098,"Egg Harbor, WI",45.05029,-87.28063
38772,"Gratiot, WI",42.580235,-90.02343
397428,"Johnstown, WI",42.71156,-88.83584
14783,"Amberg, WI",45.49606,-87.925934
253528,"Lake Shangrila, WI",42.50522,-88.070305
19451,"Montreal, WI",46.428,-90.24601
17665,"Cushing, WI",45.570515,-92.65104
398750,"Black Wolf, WI",43.934975,-88.511185
253527,"Lake Ripley, WI",43.000156,-88.98915
41078,"Stockholm, WI",44.4833,-92.26212
16988,"Benton, WI",42.56938,-90.38092
26394,"Park Ridge, WI",44.522316,-89.54763
54730,"Townsend, WI",45.3383,-88.616516
13242,"Pelican Lake, WI",45.499405,-89.16678
56345,"Pickerel, WI",45.35941,-88.91094
254114,"Potter Lake, WI",42.81964,-88.34816
253046,"Elmwood Park, WI",42.69224,-87.822296
25282,"Ixonia, WI",43.163147,-88.59657
20376,"Sayner, WI",45.98606,-89.532646
25731,"Manitowish Waters, WI",46.111023,-89.866615
11282,"Elcho, WI",45.43584,-89.18347
397505,"Lima, WI",42.79119,-90.48597
397505,"Lima, WI",42.79119,-90.48597
6164,"New Lisbon, WI",43.879627,-90.16621
21820,"Herbster, WI",46.83243,-91.26102
28179,"Armstrong Creek, WI",45.658295,-88.44623
12420,"Lohrville, WI",44.0372,-89.117065
53175,"Marshall, WI",43.1677,-89.06433
29229,"Okauchee, WI",43.113617,-88.43593
11250,"Eau Galle, WI",44.736195,-92.05495
57195,"Ellison Bay, WI",45.254707,-87.0715
10611,"Buffalo City, WI",44.23052,-91.86433
45478,"Goodman, WI",45.634483,-88.332954
8390,"Hawkins, WI",45.513966,-90.714584
51136,"Briggsville, WI",43.65498,-89.5854
52826,"La Pointe, WI",46.779106,-90.786575
22986,"Rio, WI",43.44843,-89.23914
37782,"Cashton, WI",43.743023,-90.77885
31823,"Grand View, WI",46.36745,-91.108246
6354,"Osseo, WI",44.57728,-91.222824
33712,"Rockland, WI",43.90495,-90.91999
53968,"Port Wing, WI",46.77497,-91.38737
37887,"Clam Lake, WI",46.16384,-90.902405
18090,"Fence, WI",45.76722,-88.52071
21669,"Cleveland, WI",45.162846,-91.275314
20798,"Tigerton, WI",44.740444,-89.062386
16970,"Belleville, WI",42.859688,-89.5346
49080,"Hillsboro, WI",43.650864,-90.339905
31560,"Fish Creek, WI",45.12777,-87.24673
42253,"Elkhart Lake, WI",43.833324,-88.0179
53077,"Luxemburg, WI",44.538353,-87.70367
44757,"Cornucopia, WI",46.85382,-91.10185
52016,"Fifield, WI",45.879677,-90.422104
19605,"Newburg, WI",43.431667,-88.04648
21737,"Cambridge, WI",43.003822,-89.01768
30485,"Blanchardville, WI",42.81032,-89.86221
11467,"Footville, WI",42.67049,-89.21093
43939,"Arlington, WI",43.33771,-89.37793
16685,"Adell, WI",43.619144,-87.95193
40889,"Shiocton, WI",44.442097,-88.57911
31979,"Haugen, WI",45.608246,-91.7757
40174,"Orfordville, WI",42.62848,-89.25613
24874,"Glenbeulah, WI",43.797215,-88.04732
53415,"Morgantown, WV",39.62968,-79.95594
17394,"Charleston, WV",38.3506,-81.63328
12012,"Huntington, WV",38.41925,-82.44515
12597,"Martinsburg, WV",39.456253,-77.96396
40256,"Parkersburg, WV",39.26673,-81.56207
14606,"Wheeling, WV",40.06396,-80.72092
13398,"Princeton, WV",37.36633,-81.10266
37340,"Beckley, WV",37.77817,-81.188156
51432,"Clarksburg, WV",39.280643,-80.344536
24664,"Fairmont, WV",39.485085,-80.14258
26898,"Saint Albans, WV",38.38565,-81.83624
8589,"Hurricane, WV",38.43259,-82.020134
44549,"Charles Town, WV",39.289185,-77.85958
17216,"Buckhannon, WV",38.993942,-80.23227
48386,"Weirton, WV",40.400238,-80.58998
23750,"Bluefield, WV",37.26984,-81.22232
48786,"Bridgeport, WV",39.28648,-80.256195
16183,"South Charleston, WV",38.368427,-81.69957
49008,"Hedgesville, WV",39.55343,-77.995
53427,"Moundsville, WV",39.920425,-80.74321
50853,"Barboursville, WV",38.40953,-82.29459
25258,"Inwood, WV",39.352184,-78.05339
42860,"Oak Hill, WV",37.972336,-81.14871
31951,"Harpers Ferry, WV",39.323418,-77.73198
31394,"Elkins, WV",38.925926,-79.84666
23347,"Weston, WV",39.03843,-80.467316
35471,"Elkview, WV",38.431118,-81.475624
396688,"Berkeley Springs, WV",39.626797,-78.22795
7685,"Vienna, WV",39.320885,-81.55126
15144,"Keyser, WV",39.44093,-78.973915
18069,"Falling Waters, WV",39.56533,-77.886475
21539,"Chapmanville, WV",37.973713,-82.01735
7311,"Summersville, WV",38.28122,-80.8526
37006,"Delbarton, WV",37.71122,-82.183334
8884,"Ravenswood, WV",38.948326,-81.760994
9538,"Spencer, WV",38.802143,-81.350975
12378,"Lewisburg, WV",37.80179,-80.44563
29938,"Dunbar, WV",38.36065,-81.73735
4945,"Grafton, WV",39.340923,-80.01897
32878,"Milton, WV",38.434532,-82.13236
39202,"Kearneysville, WV",39.388157,-77.88555
29196,"Logan, WV",37.80246,-81.928474
44368,"Bunker Hill, WV",39.333714,-78.05417
55084,"Wellsburg, WV",40.269817,-80.61269
13348,"Point Pleasant, WV",38.844524,-82.13709
50925,"Beaver, WV",37.73845,-81.149376
9427,"Romney, WV",39.34197,-78.756454
9027,"Ripley, WV",38.81897,-81.71188
15512,"Moorefield, WV",39.06233,-78.969475
50029,"Shepherdstown, WV",39.4301,-77.80416
41571,"Washington, WV",39.24239,-81.66846
26477,"Philippi, WV",39.152348,-80.03949
50266,"New Martinsville, WV",39.64452,-80.8576
19636,"Nitro, WV",38.422077,-81.8406
13742,"Scott Depot, WV",38.441757,-81.9168
57105,"Amherstdale, WV",37.7816,-81.82035
9535,"Salem, WV",39.282864,-80.55898
41976,"Danville, WV",38.080933,-81.834015
7974,"Winfield, WV",38.533146,-81.89347
43237,"Wayne, WV",38.127068,-82.42892
39221,"Kenova, WV",38.39934,-82.57617
5178,"Hinton, WV",37.674007,-80.88925
36969,"Williamstown, WV",39.400005,-81.44885
56236,"New Cumberland, WV",40.496735,-80.60674
21287,"White Sulphur Springs, WV",37.796516,-80.29758
40888,"Shinnston, WV",39.395367,-80.30084
53347,"Mineral Wells, WV",39.190407,-81.532074
52783,"Kingwood, WV",39.471756,-79.68339
17143,"Branchland, WV",38.220924,-82.20375
6545,"Poca, WV",38.472313,-81.8143
23103,"Sistersville, WV",39.564243,-80.99594
22679,"Sutton, WV",38.664165,-80.709305
22741,"Shady Spring, WV",37.70201,-81.08552
24740,"Follansbee, WV",40.327568,-80.59591
3604,"Belington, WV",39.025097,-79.935585
15499,"Ona, WV",38.42481,-82.2132
9777,"Augusta, WV",39.29538,-78.637794
31734,"Gerrardstown, WV",39.370377,-78.09556
24758,"Fort Gay, WV",38.1162,-82.59571
11618,"Glen Dale, WV",39.94924,-80.75425
27034,"Seth, WV",38.10816,-81.62318
42778,"Petersburg, WV",38.99249,-79.12398
54063,"Ranson, WV",39.29528,-77.86038
31514,"Fairview, WV",39.592648,-80.24748
6894,"Saint Marys, WV",39.391743,-81.20512
17470,"Clendenin, WV",38.48871,-81.348175
24287,"Culloden, WV",38.416183,-82.07599
9596,"Ronceverte, WV",37.749756,-80.46284
10106,"Alum Creek, WV",38.288593,-81.83187
9644,"Mullens, WV",37.583256,-81.38046
9473,"Welch, WV",37.432888,-81.584435
17698,"Daniels, WV",37.725727,-81.1185
8142,"Craigsville, WV",38.32361,-80.64991
8055,"Beverly, WV",38.84078,-79.8752
7871,"West Union, WV",39.296505,-80.77711
16075,"Terra Alta, WV",39.44571,-79.54656
11482,"Fort Ashby, WV",39.49747,-78.76371
19444,"Montgomery, WV",38.18038,-81.328445
28433,"Kenna, WV",38.676342,-81.66002
51385,"Chester, WV",40.61312,-80.56285
18086,"Fayetteville, WV",38.05313,-81.10399
39659,"Masontown, WV",39.552307,-79.79784
47385,"Ridgeley, WV",39.641476,-78.77446
49520,"Rock, WV",37.367893,-81.222046
19288,"Meadow Bridge, WV",37.859005,-80.854256
45404,"Gassaway, WV",38.67323,-80.774666
23076,"Richwood, WV",38.22484,-80.53314
49457,"Mount Hope, WV",37.89539,-81.16427
21936,"Glenville, WV",38.934258,-80.8376
32981,"Mount Lookout, WV",38.16678,-80.911766
24260,"Crawley, WV",37.93484,-80.65203
37352,"Belle, WV",38.232002,-81.5378
53168,"Marlinton, WV",38.223454,-80.09451
29762,"Pennsboro, WV",39.28508,-80.968445
56132,"Mount Clare, WV",39.171608,-80.3379
12818,"Montrose, WV",39.06844,-79.81035
40498,"Ranger, WV",38.120647,-82.18542
41677,"Westover, WV",39.634525,-79.96979
29069,"Maysville, WV",39.11511,-79.16476
9907,"Gilbert, WV",37.614277,-81.86651
42473,"Hamlin, WV",38.278915,-82.1028
29301,"Williamson, WV",37.674267,-82.27737
51872,"Elizabeth, WV",39.063374,-81.39527
36039,"Rivesville, WV",39.529804,-80.116745
32667,"Mannington, WV",39.53092,-80.343414
52111,"Fraziers Bottom, WV",38.570366,-81.99069
44771,"Cottageville, WV",38.866455,-81.82472
53068,"Lumberport, WV",39.373978,-80.34842
46173,"Lavalette, WV",38.320377,-82.44547
22433,"Leon, WV",38.75064,-81.96069
57184,"Colliers, WV",40.36554,-80.53655
33028,"Naoma, WV",37.86761,-81.48733
26723,"Reedsville, WV",39.51064,-79.79839
50670,"Alderson, WV",37.729504,-80.64276
17141,"Bradley, WV",37.86711,-81.20574
10360,"Benwood, WV",40.016953,-80.734726
13333,"Pleasant Valley, WV",39.455364,-80.14175
49306,"Flatwoods, WV",38.723175,-80.6498
29026,"Paw Paw, WV",39.53265,-78.45803
54181,"Rock Cave, WV",38.838978,-80.33688
14068,"Swiss, WV",38.233162,-81.127884
56235,"New Creek, WV",39.38791,-79.01598
36017,"Newton, WV",38.591484,-81.17873
27116,"Sissonville, WV",38.50262,-81.638596
7525,"Union, WV",37.591637,-80.54341
16402,"Madison, WV",38.067047,-81.81929
23694,"Bethlehem, WV",40.04396,-80.690636
6427,"Parsons, WV",39.09687,-79.68093
48703,"Crab Orchard, WV",37.740692,-81.22018
42377,"Grantsville, WV",38.92342,-81.09595
23336,"Wardensville, WV",39.075565,-78.59445
34350,"Tunnelton, WV",39.39176,-79.7484
29580,"West Columbia, WV",38.983135,-82.06348
5615,"Lester, WV",37.73528,-81.29964
12974,"Newell, WV",40.61749,-80.59841
19920,"Peterstown, WV",37.397343,-80.79924
45195,"Evans, WV",38.820488,-81.77997
15117,"Franklin, WV",38.642895,-79.331154
8817,"Lyburn, WV",37.80205,-81.93124
15078,"Albright, WV",39.493977,-79.64283
9500,"West Hamlin, WV",38.285645,-82.1957
53112,"Maidsville, WV",39.68841,-79.980064
7187,"Southside, WV",38.71675,-81.96875
53902,"Pineville, WV",37.58348,-81.53792
33757,"Rowlesburg, WV",39.34843,-79.67089
32581,"Lost Creek, WV",39.161205,-80.352036
56931,"Harts, WV",38.036453,-82.12571
44366,"Buffalo, WV",38.617588,-81.981804
21035,"Valley Grove, WV",40.087574,-80.57035
23586,"Ballard, WV",37.474842,-80.77924
31024,"Cool Ridge, WV",37.658173,-81.09565
3941,"Cameron, WV",39.827023,-80.56647
6248,"Northfork, WV",37.41608,-81.436424
23053,"Paden City, WV",39.603634,-80.9343
10346,"Belmont, WV",39.37952,-81.258446
39020,"Holden, WV",37.822517,-82.079346
30923,"Clay, WV",38.446,-81.071815
16278,"Robson, WV",38.101776,-81.24372
35063,"Cowen, WV",38.409554,-80.55787
44381,"Burnsville, WV",38.85621,-80.654816
7129,"Sophia, WV",37.707615,-81.250656
53194,"Mathias, WV",38.876316,-78.86579
30063,"Waverly, WV",39.334976,-81.381134
257087,"Mitchell Heights, WV",37.907326,-81.98318
48805,"Davy, WV",37.478447,-81.65344
39642,"Marmet, WV",38.245415,-81.56718
11898,"High View, WV",39.23066,-78.40834
25559,"Lerona, WV",37.499565,-80.97897
17296,"Capon Bridge, WV",39.300644,-78.437675
28902,"Purgitsville, WV",39.23927,-78.921135
27672,"Verdunville, WV",37.855145,-82.05876
14183,"Triadelphia, WV",40.052574,-80.62841
47235,"Prichard, WV",38.234074,-82.60501
37759,"Carolina, WV",39.479553,-80.27307
31452,"Eskdale, WV",38.089542,-81.44691
39146,"Jane Lew, WV",39.110077,-80.40655
45392,"Gap Mills, WV",37.562347,-80.40812
44375,"Burlington, WV",39.33597,-78.922615
40447,"Procious, WV",38.495655,-81.20761
25384,"Kermit, WV",37.843708,-82.40932
29645,"Ghent, WV",37.62168,-81.10548
9615,"Ansted, WV",38.13641,-81.09943
13813,"Shenandoah Junction, WV",39.351414,-77.83868
26962,"Sandyville, WV",38.905914,-81.66068
31305,"East Bank, WV",38.2179,-81.442795
4307,"Davisville, WV",39.201187,-81.49846
48429,"West Logan, WV",37.866768,-81.98614
26236,"Nutter Fort, WV",39.26342,-80.319725
43647,"Flat Top, WV",37.58956,-81.10676
11585,"Gauley Bridge, WV",38.168682,-81.194695
11123,"Dixie, WV",38.25094,-81.19316
46638,"Mount Nebo, WV",39.602306,-79.70783
255379,"Chesapeake, WV",38.223778,-81.53618
23164,"West Milford, WV",39.200924,-80.40426
40776,"Scarbro, WV",37.949978,-81.16526
30234,"Apple Grove, WV",37.43761,-81.80484
3799,"Brenton, WV",37.601074,-81.63552
20631,"Star City, WV",39.65835,-79.986465
39774,"Middlebourne, WV",39.4923,-80.90372
43453,"Bethany, WV",40.205627,-80.55674
20714,"Summit Point, WV",39.249546,-77.95861
46256,"Lindside, WV",37.453735,-80.66979
23923,"Camden, WV",39.054535,-80.56648
39174,"Jolo, WV",37.32928,-81.814835
30957,"Coal City, WV",37.677505,-81.219734
12147,"Julian, WV",38.15755,-81.85577
10077,"Alkol, WV",38.162876,-81.92485
11547,"Friendly, WV",39.515907,-81.05928
51445,"Clear Fork, WV",37.630943,-81.68289
7307,"Sumerco, WV",38.231205,-81.911514
22925,"Upper Falls, WV",38.342873,-81.8443
29268,"Salt Rock, WV",38.326885,-82.21942
24870,"Glen Daniel, WV",37.779003,-81.33705
41550,"Walton, WV",38.63898,-81.40207
43949,"Artie, WV",37.93261,-81.35955
55278,"Yawkey, WV",38.224815,-81.96518
52613,"Huttonsville, WV",38.713364,-79.978775
29670,"Yolyn, WV",37.829273,-81.86123
21548,"Ashton, WV",38.624252,-82.16459
47326,"Reedy, WV",38.89953,-81.42484
39765,"Metz, WV",39.580276,-80.369965
4875,"Genoa, WV",38.122032,-82.45988
23579,"Baker, WV",39.041775,-78.74474
396170,"Carpendale, WV",39.6287,-78.790016
22111,"Duck, WV",38.58343,-80.93677
40128,"Odd, WV",37.59345,-81.193985
25288,"Jacksonburg, WV",39.53097,-80.63969
43165,"Wallace, WV",39.406754,-80.491066
31690,"Gallipolis Ferry, WV",38.77438,-82.20537
13087,"Oceana, WV",37.692,-81.62375
57303,"War, WV",37.301723,-81.68709
22719,"Tallmansville, WV",38.913433,-80.18008
13165,"Palestine, WV",37.73234,-80.62924
31230,"Dingess, WV",37.872322,-82.17486
57056,"Cabin Creek, WV",38.196503,-81.47722
55177,"White Oak, WV",37.692894,-81.072876
32788,"McMechen, WV",39.98813,-80.73147
27286,"Stonewood, WV",39.250923,-80.31231
6187,"Newburg, WV",39.38866,-79.853035
36077,"Piney View, WV",37.834988,-81.12535
47990,"Thornton, WV",39.34565,-79.94202
47711,"Sinks Grove, WV",37.664288,-80.54091
52614,"Iaeger, WV",37.464554,-81.81373
28820,"Hanover, WV",37.572887,-81.79956
42962,"Stanaford, WV",37.814754,-81.15002
17258,"Cairo, WV",39.208828,-81.15685
36869,"Frametown, WV",38.637875,-80.85844
45125,"Elk Garden, WV",39.383656,-79.15645
17069,"Bloomingrose, WV",38.1426,-81.63317
39410,"Lesage, WV",38.48444,-82.28856
45749,"Hillsboro, WV",38.135437,-80.21313
15591,"Man, WV",37.743736,-81.87394
19393,"Millwood, WV",38.882027,-81.8618
32569,"Looneyville, WV",38.664536,-81.30318
44501,"Cedar Grove, WV",38.221405,-81.4279
19503,"Mount Storm, WV",39.277325,-79.240875
14819,"Cassville, WV",39.67725,-80.068565
19418,"Moatsville, WV",39.210377,-79.93313
9563,"Given, WV",38.734253,-81.73347
54804,"Upper Tract, WV",38.787334,-79.28254
13124,"Orma, WV",38.748146,-81.09984
57350,"Gandeeville, WV",38.70509,-81.4104
22008,"Granville, WV",39.645916,-79.98729
44292,"Brandywine, WV",38.62294,-79.23988
47303,"Reader, WV",39.56957,-80.72906
4304,"Davis, WV",39.128727,-79.46476
38347,"Eleanor, WV",38.53759,-81.93236
13425,"Rachel, WV",39.520657,-80.30001
42119,"Camp Creek, WV",38.13084,-81.83343
14560,"West Liberty, WV",40.169792,-80.59368
396890,"Glenwood, WV",37.335953,-81.14926
17836,"Dunmore, WV",38.359566,-79.88089
5954,"Mill Creek, WV",38.7315,-79.97007
40452,"Prosperity, WV",37.837,-81.20192
33470,"Points, WV",39.440094,-78.61029
8718,"Handley, WV",38.18705,-81.365395
20699,"Sugar Grove, WV",38.511196,-79.3214
18960,"Lashmeet, WV",37.424007,-81.19659
43717,"New Milton, WV",39.230087,-80.6826
255141,"Bolivar, WV",39.323433,-77.75277
16638,"Whitesville, WV",37.97483,-81.529
40181,"Orlando, WV",38.87121,-80.593704
31503,"Fairdale, WV",37.7815,-81.36316
46272,"Littleton, WV",39.70199,-80.51593
16306,"Slanesville, WV",39.373154,-78.52279
30846,"Chattaroy, WV",37.707085,-82.27231
4530,"Eglon, WV",39.30149,-79.51922
3744,"Bolt, WV",37.76071,-81.417725
42307,"Left Hand, WV",38.735657,-81.03313
37880,"Circleville, WV",38.670948,-79.49116
16098,"Thomas, WV",39.149197,-79.49797
21301,"Wiley Ford, WV",39.613693,-78.75945
24430,"Dry Creek, WV",37.859833,-81.46372
52682,"Jefferson, WV",39.295475,-77.87826
3545,"Barrackville, WV",39.50375,-80.16682
47480,"Rupert, WV",37.963173,-80.68953
50012,"Walkersville, WV",38.86954,-80.45676
7105,"Smithfield, WV",39.49921,-80.5619
20184,"Rio, WV",39.13844,-78.67001
8478,"Gay, WV",38.77064,-81.55318
46772,"Normantown, WV",38.851757,-80.93649
19136,"Lynco, WV",37.698166,-81.677055
25091,"Henderson, WV",38.83369,-82.1382
21654,"Bartow, WV",38.54281,-79.78823
15107,"Alma, WV",39.625305,-79.94775
10525,"Bramwell, WV",37.325115,-81.31177
54013,"Proctor, WV",39.711742,-80.82371
42814,"Levels, WV",39.48454,-78.55363
15760,"Pine Grove, WV",39.565704,-80.678795
57170,"Durbin, WV",38.54567,-79.82506
44002,"Avondale, WV",37.412613,-81.78428
44101,"Beeson, WV",37.47095,-81.193985
24948,"Green Spring, WV",39.52359,-78.62929
4129,"Cleveland, WV",38.727047,-80.3923
27031,"Seneca Rocks, WV",38.834713,-79.36615
28367,"Cabins, WV",38.999,-79.205315
56999,"Bloomery, WV",39.387043,-78.37306
6481,"Petroleum, WV",39.19091,-81.26845
36319,"Sylvester, WV",38.010384,-81.55761
19436,"Monterville, WV",38.559002,-80.10507
30550,"Bowden, WV",38.90915,-79.7089
45242,"Farmington, WV",39.51286,-80.24897
5703,"Lost City, WV",38.930763,-78.833824
37117,"Alum Bridge, WV",39.039257,-80.6551
7664,"Valley Head, WV",38.54569,-80.02741
51114,"Bradshaw, WV",37.35188,-81.799324
14726,"Worthington, WV",39.45194,-80.260506
30455,"Bickmore, WV",38.381493,-81.11205
50809,"Aurora, WV",39.32429,-79.555885
55176,"White Hall, WV",39.421196,-80.18258
42933,"Mohawk, WV",37.504833,-81.915115
50939,"Beech Bottom, WV",40.22646,-80.65147
32476,"Leivasy, WV",38.161224,-80.690926
18142,"Forest Hill, WV",37.57012,-80.78953
43651,"Harman, WV",38.922436,-79.52516
52311,"Green Bank, WV",38.426823,-79.83043
39181,"Jumping Branch, WV",37.65762,-80.97648
48306,"Walker, WV",39.17973,-81.38414
27229,"Springfield, WV",39.442703,-78.69226
25692,"Mabie, WV",38.876495,-79.98313
54164,"Riverton, WV",38.744003,-79.43588
8850,"Racine, WV",38.139946,-81.65265
23981,"Cass, WV",38.398186,-79.92282
38908,"Hartford, WV",39.003967,-81.98903
5835,"Mason, WV",38.7499,-82.05246
38780,"Great Cacapon, WV",39.613884,-78.28618
10177,"Arnoldsburg, WV",38.78898,-81.12762
50748,"Arbovale, WV",38.435097,-79.81317
26671,"Rainelle, WV",37.96881,-80.767105
12797,"Monongah, WV",39.46278,-80.21818
23478,"Amma, WV",38.568707,-81.26567
49112,"Kopperston, WV",37.750896,-81.575386
42698,"New Haven, WV",38.98647,-81.97347
32926,"Montcalm, WV",37.34954,-81.25088
6300,"Old Fields, WV",39.134827,-78.949745
9619,"Helvetia, WV",38.70656,-80.19557
57251,"Pratt, WV",38.210304,-81.383965
52218,"Glasgow, WV",38.21531,-81.42463
21950,"Enterprise, WV",39.419033,-80.28653
22901,"Spanishburg, WV",37.44595,-81.120094
47339,"Renick, WV",37.829414,-80.62705
13107,"Onego, WV",38.84789,-79.42199
18361,"Grant Town, WV",39.55814,-80.18175
19090,"Lookout, WV",38.06539,-80.96843
25051,"Harrisville, WV",39.209892,-81.05232
257266,"North Hills, WV",39.316463,-81.5129
43902,"Anmoore, WV",39.256756,-80.29231
20523,"Slatyfork, WV",38.411385,-80.12394
44190,"Blacksville, WV",39.720078,-80.21201
20209,"Rock Creek, WV",37.850666,-81.451775
45445,"Glady, WV",38.798443,-79.719505
48828,"Bancroft, WV",38.509533,-81.83985
17371,"Ceredo, WV",38.39648,-82.5587
34797,"Wharton, WV",37.90344,-81.67734
34025,"Snowshoe, WV",38.412823,-79.996445
52717,"Junior, WV",38.978714,-79.94952
11158,"Dryfork, WV",38.968952,-79.50269
255422,"Clearview, WV",40.141182,-80.68813
31401,"Ellenboro, WV",39.264523,-81.05622
44571,"Cheyenne, WY",41.13998,-104.820244
4002,"Casper, WY",42.85012,-106.325134
38695,"Gillette, WY",44.290634,-105.50188
32431,"Laramie, WY",41.311646,-105.59179
13556,"Rock Springs, WY",41.586056,-109.21945
20464,"Sheridan, WY",44.794754,-106.822266
15743,"Riverton, WY",43.024723,-108.38073
12085,"Jackson, WY",43.479965,-110.76182
17504,"Cody, WY",44.52631,-109.05639
25498,"Lander, WY",42.833076,-108.730705
38790,"Green River, WY",41.529095,-109.46648
6597,"Powell, WY",44.752872,-108.75902
49299,"Douglas, WY",42.75957,-105.38262
7448,"Torrington, WY",42.062466,-104.184395
8885,"Rawlins, WY",41.790787,-107.239174
48466,"Wheatland, WY",42.054424,-104.95273
31470,"Evanston, WY",41.268246,-110.96376
37642,"Buffalo, WY",44.348087,-106.69929
23322,"Worland, WY",44.016846,-107.95577
35256,"Afton, WY",42.725277,-110.9334
53564,"Newcastle, WY",43.854748,-104.205124
14671,"Wilson, WY",43.499493,-110.87282
25367,"Kemmerer, WY",41.79246,-110.53771
29244,"Lovell, WY",44.837635,-108.393555
56355,"Pinedale, WY",42.867134,-109.86098
28581,"Glenrock, WY",42.86148,-105.87204
11737,"Greybull, WY",44.488922,-108.05542
20715,"Sundance, WY",44.406403,-104.37589
50851,"Bar Nunn, WY",42.913578,-106.34336
23123,"Thermopolis, WY",43.64607,-108.21204
14793,"Carpenter, WY",41.046185,-104.36274
47574,"Saratoga, WY",41.45464,-106.80537
395866,"Antelope Valley-Crestview, WY",44.22426,-105.473885
53082,"Lyman, WY",41.327366,-110.29283
11364,"Evansville, WY",42.861427,-106.26953
258938,"Mountain View, WY",41.272923,-110.336205
55586,"Bear River, WY",41.384113,-111.0263
31601,"Fort Bridger, WY",41.316795,-110.39249
19947,"Pine Haven, WY",44.35776,-104.810524
25361,"Kaycee, WY",43.71025,-106.63893
16365,"Shoshoni, WY",43.235565,-108.11051
8177,"Boulder, WY",42.750698,-109.70051
38051,"Cowley, WY",44.883286,-108.46957
22928,"Upton, WY",44.099705,-104.62805
20263,"Rozet, WY",44.2781,-105.205154
38244,"Dubois, WY",43.533638,-109.63097
31037,"Cora, WY",42.939663,-109.9796
47278,"Ranchester, WY",44.90886,-107.163414
46486,"Meeteetse, WY",44.157177,-108.87152
19945,"Pine Bluffs, WY",41.17968,-104.06678
51217,"Byron, WY",44.79634,-108.50651
8984,"Rolling Hills, WY",42.899593,-105.84458
25977,"Moran, WY",43.84173,-110.50798
37269,"Banner, WY",44.599686,-106.8677
48855,"Basin, WY",44.379955,-108.03899
20768,"Ten Sleep, WY",44.034184,-107.448006
12397,"Lingle, WY",42.136353,-104.345505
15747,"Medicine Bow, WY",41.89552,-106.20474
53829,"Pavillion, WY",43.244656,-108.69026
41879,"Dayton, WY",44.875225,-107.26223
6418,"Parkman, WY",44.956913,-107.33259
23888,"Burns, WY",41.191814,-104.35891
32854,"Midwest, WY",43.411392,-106.280075
13809,"Shell, WY",44.535515,-107.779816
22056,"Farson, WY",42.165833,-109.41044
5233,"Hulett, WY",44.68276,-104.601685
32317,"Kinnear, WY",43.1519,-108.67762
23172,"Daniel, WY",42.867287,-110.07039
42295,"Glendo, WY",42.502747,-105.026085
48844,"Clearmont, WY",44.640293,-106.381035
30144,"Aladdin, WY",44.640114,-104.182625
35036,"Deaver, WY",44.89122,-108.59624
36376,"Yoder, WY",41.916927,-104.295815
50698,"Alpine, WY",43.163647,-111.017876
3898,"Burlington, WY",44.44706,-108.43179
42478,"Hanna, WY",41.869987,-106.56207
43843,"Alcova, WY",42.55219,-106.71642
38576,"Fort Laramie, WY",42.21271,-104.51774
40598,"Rock River, WY",41.741383,-105.97577
258869,"La Grange, WY",41.64025,-104.16384
21502,"Centennial, WY",41.297897,-106.139366
50236,"Alta, WY",43.74831,-110.94962
38825,"Guernsey, WY",42.269466,-104.74147
39857,"Moorcroft, WY",44.263313,-104.95025
56635,"Superior, WY",41.761852,-108.96785
32687,"Marbleton, WY",42.55558,-110.10962
34921,"Wright, WY",43.75128,-105.484825
28617,"Hudson, WY",42.905884,-108.583565
259040,"Sleepy Hollow, WY",44.23205,-105.42908
258894,"Lucerne, WY",43.71664,-108.177185
25682,"Lusk, WY",42.762466,-104.45217
